run_id,timestamp,exit_timestamp,trader,symbol,side,size,entry,stop_loss,take_profit,rr_ratio,confidence,pnl,commission,exit_reason,source,source_split,bt_start,bt_end,split_summary_hash,correlation_id
bt_20260511_013726,2021-08-17T15:45:00+00:00,2021-08-17T21:15:00+00:00,ml_trader,GBPUSD,sell,89919.96,1.373555,1.374667,1.369985,3.21,0.821,-100.2001,0.1001,sl_full,backtest_round_1,train_tail,2021-08-05,2023-08-04,2886f4ec73486b28db23f14b1be5e8c9e51f8272018bea56d83ba240088dfbb0,bt_20260511_013726_000000
bt_20260511_013726,2021-08-17T16:00:00+00:00,2021-08-17T21:15:00+00:00,ml_trader,GBPUSD,sell,94298.74,1.373575,1.374636,1.370711,2.7,0.752,-100.2001,0.1001,sl_full,backtest_round_1,train_tail,2021-08-05,2023-08-04,2886f4ec73486b28db23f14b1be5e8c9e51f8272018bea56d83ba240088dfbb0,bt_20260511_013726_000001
bt_20260511_013726,2021-08-17T16:30:00+00:00,2021-08-17T21:00:00+00:00,ml_trader,EURUSD,sell,136232.66,1.170626,1.17136,1.168079,3.47,0.847,-100.2001,0.1001,sl_full,backtest_round_1,train_tail,2021-08-05,2023-08-04,2886f4ec73486b28db23f14b1be5e8c9e51f8272018bea56d83ba240088dfbb0,bt_20260511_013726_000002
bt_20260511_013726,2021-08-17T16:30:00+00:00,2021-08-17T16:45:00+00:00,ml_trader,GBPUSD,sell,105152.52,1.373355,1.374306,1.371144,2.33,0.671,-100.2001,0.1001,sl_full,backtest_round_1,train_tail,2021-08-05,2023-08-04,2886f4ec73486b28db23f14b1be5e8c9e51f8272018bea56d83ba240088dfbb0,bt_20260511_013726_000003
bt_20260511_013726,2021-08-17T17:15:00+00:00,2021-08-17T21:15:00+00:00,ml_trader,EURUSD,sell,151526.83,1.170806,1.171466,1.16895,2.81,0.77,-100.2001,0.1001,sl_full,backtest_round_1,train_tail,2021-08-05,2023-08-04,2886f4ec73486b28db23f14b1be5e8c9e51f8272018bea56d83ba240088dfbb0,bt_20260511_013726_000004
bt_20260511_013726,2021-08-17T17:30:00+00:00,2021-08-17T21:15:00+00:00,ml_trader,EURUSD,sell,150339.39,1.170696,1.171361,1.169119,2.37,0.684,-100.2001,0.1001,sl_full,backtest_round_1,train_tail,2021-08-05,2023-08-04,2886f4ec73486b28db23f14b1be5e8c9e51f8272018bea56d83ba240088dfbb0,bt_20260511_013726_000005
bt_20260511_013726,2021-09-06T07:30:00+00:00,2021-09-06T08:45:00+00:00,ml_trader,GBPJPY,buy,1430.72,152.068402,151.998507,152.275011,2.96,0.793,-100.1999,0.1001,sl_full,backtest_round_1,train_tail,2021-08-05,2023-08-04,2886f4ec73486b28db23f14b1be5e8c9e51f8272018bea56d83ba240088dfbb0,bt_20260511_013726_000006
bt_20260511_013726,2021-09-15T08:45:00+00:00,2021-09-15T20:00:00+00:00,ml_trader,EURJPY,sell,692.32,129.168161,129.312603,128.740326,2.96,0.794,-100.1998,0.1001,sl_full,backtest_round_1,train_tail,2021-08-05,2023-08-04,2886f4ec73486b28db23f14b1be5e8c9e51f8272018bea56d83ba240088dfbb0,bt_20260511_013726_000007
bt_20260511_013726,2021-09-16T08:45:00+00:00,2021-09-16T09:30:00+00:00,ml_trader,EURJPY,sell,612.77,128.916213,129.079406,128.432834,2.96,0.794,-100.2002,0.1001,sl_full,backtest_round_1,train_tail,2021-08-05,2023-08-04,2886f4ec73486b28db23f14b1be5e8c9e51f8272018bea56d83ba240088dfbb0,bt_20260511_013726_000008
bt_20260511_013726,2021-10-11T07:00:00+00:00,2021-10-12T03:00:00+00:00,ml_trader,GBPJPY,buy,409.56,153.934788,153.690625,154.911441,4.0,0.927,-100.1996,0.1001,sl_full,backtest_round_1,train_tail,2021-08-05,2023-08-04,2886f4ec73486b28db23f14b1be5e8c9e51f8272018bea56d83ba240088dfbb0,bt_20260511_013726_000009
bt_20260511_013726,2021-10-11T07:15:00+00:00,2021-10-12T09:15:00+00:00,ml_trader,GBPJPY,buy,423.53,153.916779,153.68067,154.679646,3.23,0.823,295.827,0.2961,be_or_trail,backtest_round_1,train_tail,2021-08-05,2023-08-04,2886f4ec73486b28db23f14b1be5e8c9e51f8272018bea56d83ba240088dfbb0,bt_20260511_013726_000010
bt_20260511_013726,2021-10-11T08:15:00+00:00,2021-10-11T16:45:00+00:00,ml_trader,GBPJPY,buy,427.73,154.217834,153.98404,154.820321,2.58,0.732,-100.2008,0.1001,sl_full,backtest_round_1,train_tail,2021-08-05,2023-08-04,2886f4ec73486b28db23f14b1be5e8c9e51f8272018bea56d83ba240088dfbb0,bt_20260511_013726_000011
bt_20260511_013726,2021-10-11T08:30:00+00:00,2021-10-11T09:00:00+00:00,ml_trader,GBPJPY,buy,400.72,154.29686,154.047311,154.858594,2.25,0.65,-100.1994,0.1001,sl_full,backtest_round_1,train_tail,2021-08-05,2023-08-04,2886f4ec73486b28db23f14b1be5e8c9e51f8272018bea56d83ba240088dfbb0,bt_20260511_013726_000012
bt_20260511_013726,2021-10-14T07:00:00+00:00,2021-10-15T02:15:00+00:00,ml_trader,EURJPY,buy,706.03,131.674325,131.532688,132.226709,3.9,0.89,436.4239,0.4369,be_or_trail,backtest_round_1,train_tail,2021-08-05,2023-08-04,2886f4ec73486b28db23f14b1be5e8c9e51f8272018bea56d83ba240088dfbb0,bt_20260511_013726_000013
bt_20260511_013726,2021-10-14T11:00:00+00:00,2021-10-15T03:00:00+00:00,ml_trader,GBPJPY,buy,452.67,155.5101,155.289188,156.201552,3.13,0.813,335.1057,0.3354,be_or_trail,backtest_round_1,train_tail,2021-08-05,2023-08-04,2886f4ec73486b28db23f14b1be5e8c9e51f8272018bea56d83ba240088dfbb0,bt_20260511_013726_000014
bt_20260511_013726,2021-10-14T11:15:00+00:00,2021-10-15T02:30:00+00:00,ml_trader,GBPJPY,buy,466.0,155.466085,155.251491,156.002784,2.5,0.72,235.584,0.2358,be_or_trail,backtest_round_1,train_tail,2021-08-05,2023-08-04,2886f4ec73486b28db23f14b1be5e8c9e51f8272018bea56d83ba240088dfbb0,bt_20260511_013726_000015
bt_20260511_013726,2021-10-15T10:15:00+00:00,2021-10-15T10:45:00+00:00,ml_trader,USDJPY,buy,582.61,114.265845,114.094202,114.797938,3.1,0.81,-100.2009,0.1001,sl_full,backtest_round_1,train_tail,2021-08-05,2023-08-04,2886f4ec73486b28db23f14b1be5e8c9e51f8272018bea56d83ba240088dfbb0,bt_20260511_013726_000016
bt_20260511_013726,2021-10-15T11:45:00+00:00,2021-10-18T00:30:00+00:00,ml_trader,EURJPY,buy,600.77,132.5475,132.381047,132.996925,2.7,0.752,-100.2005,0.1001,sl_full,backtest_round_1,train_tail,2021-08-05,2023-08-04,2886f4ec73486b28db23f14b1be5e8c9e51f8272018bea56d83ba240088dfbb0,bt_20260511_013726_000017
bt_20260511_013726,2021-10-15T11:45:00+00:00,2021-10-15T15:00:00+00:00,ml_trader,GBPJPY,buy,462.89,157.26045,157.044414,158.124593,4.0,0.915,-100.2009,0.1001,sl_full,backtest_round_1,train_tail,2021-08-05,2023-08-04,2886f4ec73486b28db23f14b1be5e8c9e51f8272018bea56d83ba240088dfbb0,bt_20260511_013726_000018
bt_20260511_013726,2021-10-19T10:15:00+00:00,2021-10-20T03:45:00+00:00,ml_trader,GBPJPY,buy,406.77,157.682531,157.436692,158.577387,3.64,0.864,-100.2003,0.1001,sl_full,backtest_round_1,train_tail,2021-08-05,2023-08-04,2886f4ec73486b28db23f14b1be5e8c9e51f8272018bea56d83ba240088dfbb0,bt_20260511_013726_000019
bt_20260511_013726,2021-10-19T10:30:00+00:00,2021-10-20T03:45:00+00:00,ml_trader,GBPJPY,buy,419.0,157.670535,157.431873,158.216595,2.29,0.661,-100.1997,0.1001,sl_full,backtest_round_1,train_tail,2021-08-05,2023-08-04,2886f4ec73486b28db23f14b1be5e8c9e51f8272018bea56d83ba240088dfbb0,bt_20260511_013726_000020
bt_20260511_013726,2021-11-10T09:15:00+00:00,2021-11-10T13:00:00+00:00,ml_trader,GBPUSD,sell,42517.31,1.352889,1.355241,1.346774,2.6,0.736,339.3266,0.3397,tp2,backtest_round_1,train_tail,2021-08-05,2023-08-04,2886f4ec73486b28db23f14b1be5e8c9e51f8272018bea56d83ba240088dfbb0,bt_20260511_013726_000021
bt_20260511_013726,2021-11-10T09:30:00+00:00,2021-11-10T13:00:00+00:00,ml_trader,GBPUSD,sell,43022.52,1.352359,1.354684,1.347174,2.23,0.639,284.0677,0.2844,tp2,backtest_round_1,train_tail,2021-08-05,2023-08-04,2886f4ec73486b28db23f14b1be5e8c9e51f8272018bea56d83ba240088dfbb0,bt_20260511_013726_000022
bt_20260511_013726,2021-11-11T07:00:00+00:00,2021-11-12T03:45:00+00:00,ml_trader,GBPUSD,sell,47453.09,1.340162,1.342269,1.335486,2.22,0.632,113.0899,0.1132,be_or_trail,backtest_round_1,train_tail,2021-08-05,2023-08-04,2886f4ec73486b28db23f14b1be5e8c9e51f8272018bea56d83ba240088dfbb0,bt_20260511_013726_000023
bt_20260511_013726,2021-11-15T16:45:00+00:00,2021-11-15T19:00:00+00:00,ml_trader,EURJPY,sell,835.71,129.678054,129.797713,129.26164,3.48,0.848,-100.2005,0.1001,sl_full,backtest_round_1,train_tail,2021-08-05,2023-08-04,2886f4ec73486b28db23f14b1be5e8c9e51f8272018bea56d83ba240088dfbb0,bt_20260511_013726_000024
bt_20260511_013726,2021-11-16T08:15:00+00:00,2021-11-16T14:15:00+00:00,ml_trader,EURUSD,sell,86279.98,1.136633,1.137792,1.132472,3.59,0.859,334.1682,0.3345,be_or_trail,backtest_round_1,train_tail,2021-08-05,2023-08-04,2886f4ec73486b28db23f14b1be5e8c9e51f8272018bea56d83ba240088dfbb0,bt_20260511_013726_000025
bt_20260511_013726,2021-11-16T08:30:00+00:00,2021-11-16T12:30:00+00:00,ml_trader,EURUSD,sell,72522.83,1.137022,1.138401,1.133819,2.32,0.671,297.907,0.2982,tp2,backtest_round_1,train_tail,2021-08-05,2023-08-04,2886f4ec73486b28db23f14b1be5e8c9e51f8272018bea56d83ba240088dfbb0,bt_20260511_013726_000026
bt_20260511_013726,2021-11-17T17:00:00+00:00,2021-11-17T19:00:00+00:00,ml_trader,EURJPY,sell,826.42,129.154157,129.27516,128.857214,2.45,0.707,-100.1998,0.1001,sl_full,backtest_round_1,train_tail,2021-08-05,2023-08-04,2886f4ec73486b28db23f14b1be5e8c9e51f8272018bea56d83ba240088dfbb0,bt_20260511_013726_000027
bt_20260511_013726,2021-11-17T17:15:00+00:00,2021-11-17T18:00:00+00:00,ml_trader,EURJPY,sell,871.74,129.14717,129.261883,128.862452,2.48,0.715,-100.2001,0.1001,sl_full,backtest_round_1,train_tail,2021-08-05,2023-08-04,2886f4ec73486b28db23f14b1be5e8c9e51f8272018bea56d83ba240088dfbb0,bt_20260511_013726_000028
bt_20260511_013726,2021-11-17T17:30:00+00:00,2021-11-17T19:00:00+00:00,ml_trader,EURJPY,sell,869.04,129.184165,129.299235,128.926868,2.24,0.642,-100.2005,0.1001,sl_full,backtest_round_1,train_tail,2021-08-05,2023-08-04,2886f4ec73486b28db23f14b1be5e8c9e51f8272018bea56d83ba240088dfbb0,bt_20260511_013726_000029
bt_20260511_013726,2021-11-22T17:00:00+00:00,2021-11-22T18:30:00+00:00,ml_trader,USDJPY,buy,1070.9,114.886971,114.793591,115.193257,3.28,0.828,-100.2005,0.1001,sl_full,backtest_round_1,train_tail,2021-08-05,2023-08-04,2886f4ec73486b28db23f14b1be5e8c9e51f8272018bea56d83ba240088dfbb0,bt_20260511_013726_000030
bt_20260511_013726,2021-11-29T15:00:00+00:00,2021-11-29T20:45:00+00:00,ml_trader,XAUUSD,sell,22.6,1784.488002,1788.912145,1769.047743,3.49,0.849,-100.1857,0.1001,sl_full,backtest_round_1,train_tail,2021-08-05,2023-08-04,2886f4ec73486b28db23f14b1be5e8c9e51f8272018bea56d83ba240088dfbb0,bt_20260511_013726_000031
bt_20260511_013726,2021-11-29T15:15:00+00:00,2021-11-29T20:45:00+00:00,ml_trader,XAUUSD,sell,24.11,1783.931106,1788.079515,1773.095463,2.61,0.738,-100.2182,0.1001,sl_full,backtest_round_1,train_tail,2021-08-05,2023-08-04,2886f4ec73486b28db23f14b1be5e8c9e51f8272018bea56d83ba240088dfbb0,bt_20260511_013726_000032
bt_20260511_013726,2021-11-29T15:30:00+00:00,2021-11-29T18:30:00+00:00,ml_trader,XAUUSD,sell,25.0,1783.301227,1787.301303,1774.493061,2.2,0.621,-100.202,0.1001,sl_full,backtest_round_1,train_tail,2021-08-05,2023-08-04,2886f4ec73486b28db23f14b1be5e8c9e51f8272018bea56d83ba240088dfbb0,bt_20260511_013726_000033
bt_20260511_013726,2021-12-27T16:45:00+00:00,2021-12-27T18:45:00+00:00,ml_trader,EURJPY,buy,1351.94,130.126026,130.052058,130.315088,2.56,0.729,-100.2003,0.1001,sl_full,backtest_round_1,train_tail,2021-08-05,2023-08-04,2886f4ec73486b28db23f14b1be5e8c9e51f8272018bea56d83ba240088dfbb0,bt_20260511_013726_000034
bt_20260511_013726,2021-12-27T16:45:00+00:00,2021-12-27T19:00:00+00:00,ml_trader,GBPJPY,buy,816.36,154.358869,154.236373,154.752078,3.21,0.821,-100.2003,0.1001,sl_full,backtest_round_1,train_tail,2021-08-05,2023-08-04,2886f4ec73486b28db23f14b1be5e8c9e51f8272018bea56d83ba240088dfbb0,bt_20260511_013726_000035
bt_20260511_013726,2021-12-27T17:15:00+00:00,2021-12-27T19:00:00+00:00,ml_trader,GBPJPY,buy,867.36,154.372864,154.257571,154.634116,2.27,0.655,-100.2001,0.1001,sl_full,backtest_round_1,train_tail,2021-08-05,2023-08-04,2886f4ec73486b28db23f14b1be5e8c9e51f8272018bea56d83ba240088dfbb0,bt_20260511_013726_000036
bt_20260511_013726,2021-12-27T17:30:00+00:00,2021-12-27T18:45:00+00:00,ml_trader,GBPJPY,buy,867.71,154.421885,154.306639,154.681418,2.25,0.651,-100.1999,0.1001,sl_full,backtest_round_1,train_tail,2021-08-05,2023-08-04,2886f4ec73486b28db23f14b1be5e8c9e51f8272018bea56d83ba240088dfbb0,bt_20260511_013726_000037
bt_20260511_013726,2021-12-29T12:30:00+00:00,2021-12-31T10:45:00+00:00,ml_trader,GBPJPY,buy,454.39,155.048002,154.827927,155.691722,2.92,0.788,308.7417,0.3091,be_or_trail,backtest_round_1,train_tail,2021-08-05,2023-08-04,2886f4ec73486b28db23f14b1be5e8c9e51f8272018bea56d83ba240088dfbb0,bt_20260511_013726_000038
bt_20260511_013726,2021-12-29T13:15:00+00:00,2021-12-29T17:00:00+00:00,ml_trader,GBPJPY,buy,542.64,155.092017,154.907731,155.649849,3.03,0.803,-100.2008,0.1001,sl_full,backtest_round_1,train_tail,2021-08-05,2023-08-04,2886f4ec73486b28db23f14b1be5e8c9e51f8272018bea56d83ba240088dfbb0,bt_20260511_013726_000039
bt_20260511_013726,2021-12-29T16:45:00+00:00,2021-12-30T08:45:00+00:00,ml_trader,GBPJPY,buy,688.99,155.032007,154.886868,155.389051,2.46,0.709,239.2541,0.2395,be_or_trail,backtest_round_1,train_tail,2021-08-05,2023-08-04,2886f4ec73486b28db23f14b1be5e8c9e51f8272018bea56d83ba240088dfbb0,bt_20260511_013726_000040
bt_20260511_013726,2021-12-29T17:15:00+00:00,2021-12-30T08:45:00+00:00,ml_trader,GBPJPY,buy,661.01,155.055007,154.903724,155.391914,2.23,0.636,213.2847,0.2135,be_or_trail,backtest_round_1,train_tail,2021-08-05,2023-08-04,2886f4ec73486b28db23f14b1be5e8c9e51f8272018bea56d83ba240088dfbb0,bt_20260511_013726_000041
bt_20260511_013726,2021-12-31T14:00:00+00:00,2021-12-31T16:00:00+00:00,ml_trader,EURJPY,buy,814.71,131.015196,130.892454,131.431294,3.39,0.839,-100.1997,0.1001,sl_full,backtest_round_1,train_tail,2021-08-05,2023-08-04,2886f4ec73486b28db23f14b1be5e8c9e51f8272018bea56d83ba240088dfbb0,bt_20260511_013726_000042
bt_20260511_013726,2021-12-31T14:30:00+00:00,2021-12-31T16:00:00+00:00,ml_trader,EURJPY,buy,900.84,131.016203,130.905196,131.349225,3.0,0.8,-100.1998,0.1001,sl_full,backtest_round_1,train_tail,2021-08-05,2023-08-04,2886f4ec73486b28db23f14b1be5e8c9e51f8272018bea56d83ba240088dfbb0,bt_20260511_013726_000043
bt_20260511_013726,2021-12-31T14:45:00+00:00,2021-12-31T16:00:00+00:00,ml_trader,EURJPY,buy,904.97,131.021194,130.910694,131.295787,2.48,0.716,-100.1996,0.1001,sl_full,backtest_round_1,train_tail,2021-08-05,2023-08-04,2886f4ec73486b28db23f14b1be5e8c9e51f8272018bea56d83ba240088dfbb0,bt_20260511_013726_000044
bt_20260511_013726,2021-12-31T15:00:00+00:00,2021-12-31T15:45:00+00:00,ml_trader,EURJPY,buy,944.59,131.050207,130.944341,131.290099,2.27,0.654,-100.2,0.1001,sl_full,backtest_round_1,train_tail,2021-08-05,2023-08-04,2886f4ec73486b28db23f14b1be5e8c9e51f8272018bea56d83ba240088dfbb0,bt_20260511_013726_000045
bt_20260511_013726,2021-12-31T16:30:00+00:00,2022-01-02T21:30:00+00:00,ml_trader,XAUUSD,buy,38.55,1828.673645,1826.079355,1839.050804,4.0,0.931,-100.21,0.1001,sl_full,backtest_round_1,train_tail,2021-08-05,2023-08-04,2886f4ec73486b28db23f14b1be5e8c9e51f8272018bea56d83ba240088dfbb0,bt_20260511_013726_000046
bt_20260511_013726,2021-12-31T16:45:00+00:00,2022-01-02T21:00:00+00:00,ml_trader,XAUUSD,buy,38.4,1829.443819,1826.839859,1838.062926,3.31,0.831,-100.1922,0.1001,sl_full,backtest_round_1,train_tail,2021-08-05,2023-08-04,2886f4ec73486b28db23f14b1be5e8c9e51f8272018bea56d83ba240088dfbb0,bt_20260511_013726_000047
bt_20260511_013726,2022-01-03T10:15:00+00:00,2022-01-03T10:30:00+00:00,ml_trader,GBPJPY,buy,964.92,155.088018,154.984383,155.32524,2.29,0.661,-100.1999,0.1001,sl_full,backtest_round_1,train_tail,2021-08-05,2023-08-04,2886f4ec73486b28db23f14b1be5e8c9e51f8272018bea56d83ba240088dfbb0,bt_20260511_013726_000048
bt_20260511_013726,2022-02-17T07:30:00+00:00,2022-02-17T20:00:00+00:00,ml_trader,XAUUSD,buy,18.47,1887.015267,1881.600169,1899.172162,2.25,0.647,216.8729,0.2171,be_or_trail,backtest_round_1,train_tail,2021-08-05,2023-08-04,2886f4ec73486b28db23f14b1be5e8c9e51f8272018bea56d83ba240088dfbb0,bt_20260511_013726_000049
bt_20260511_013726,2022-02-17T07:45:00+00:00,2022-02-17T20:00:00+00:00,ml_trader,XAUUSD,buy,19.73,1886.945307,1881.876593,1898.233333,2.23,0.636,226.3619,0.2266,be_or_trail,backtest_round_1,train_tail,2021-08-05,2023-08-04,2886f4ec73486b28db23f14b1be5e8c9e51f8272018bea56d83ba240088dfbb0,bt_20260511_013726_000050
bt_20260511_013726,2022-02-17T08:15:00+00:00,2022-02-17T09:00:00+00:00,ml_trader,XAUUSD,buy,15.96,1892.866535,1886.601074,1907.840986,2.39,0.689,-100.1969,0.1001,sl_full,backtest_round_1,train_tail,2021-08-05,2023-08-04,2886f4ec73486b28db23f14b1be5e8c9e51f8272018bea56d83ba240088dfbb0,bt_20260511_013726_000051
bt_20260511_013726,2022-02-17T16:30:00+00:00,2022-02-17T20:30:00+00:00,ml_trader,XAUUSD,buy,26.36,1898.027479,1894.233382,1906.46555,2.22,0.634,-100.2125,0.1001,sl_full,backtest_round_1,train_tail,2021-08-05,2023-08-04,2886f4ec73486b28db23f14b1be5e8c9e51f8272018bea56d83ba240088dfbb0,bt_20260511_013726_000052
bt_20260511_013726,2022-03-01T16:15:00+00:00,2022-03-01T19:45:00+00:00,ml_trader,GBPJPY,sell,424.53,152.9894,153.224955,152.419829,2.42,0.697,-100.2002,0.1001,sl_full,backtest_round_1,train_tail,2021-08-05,2023-08-04,2886f4ec73486b28db23f14b1be5e8c9e51f8272018bea56d83ba240088dfbb0,bt_20260511_013726_000053
bt_20260511_013726,2022-03-04T15:00:00+00:00,2022-03-04T15:45:00+00:00,ml_trader,EURUSD,sell,55478.54,1.091212,1.093014,1.084002,4.0,0.924,-100.2001,0.1001,sl_full,backtest_round_1,train_tail,2021-08-05,2023-08-04,2886f4ec73486b28db23f14b1be5e8c9e51f8272018bea56d83ba240088dfbb0,bt_20260511_013726_000054
bt_20260511_013726,2022-03-07T17:00:00+00:00,2022-03-07T20:15:00+00:00,ml_trader,GBPUSD,sell,68054.87,1.310198,1.311667,1.306651,2.41,0.696,-100.2001,0.1001,sl_full,backtest_round_1,train_tail,2021-08-05,2023-08-04,2886f4ec73486b28db23f14b1be5e8c9e51f8272018bea56d83ba240088dfbb0,bt_20260511_013726_000055
bt_20260511_013726,2022-03-22T16:30:00+00:00,2022-03-22T18:45:00+00:00,ml_trader,USDJPY,buy,1000.04,120.851169,120.751173,121.184155,3.33,0.833,432.1333,0.4326,tp2,backtest_round_1,train_tail,2021-08-05,2023-08-04,2886f4ec73486b28db23f14b1be5e8c9e51f8272018bea56d83ba240088dfbb0,bt_20260511_013726_000056
bt_20260511_013726,2022-03-22T17:00:00+00:00,2022-03-22T18:00:00+00:00,ml_trader,USDJPY,buy,1036.52,120.888171,120.791695,121.14393,2.65,0.744,243.2437,0.2435,be_or_trail,backtest_round_1,train_tail,2021-08-05,2023-08-04,2886f4ec73486b28db23f14b1be5e8c9e51f8272018bea56d83ba240088dfbb0,bt_20260511_013726_000057
bt_20260511_013726,2022-03-22T17:15:00+00:00,2022-03-22T18:45:00+00:00,ml_trader,USDJPY,buy,873.68,121.001193,120.886734,121.263417,2.29,0.662,221.805,0.222,be_or_trail,backtest_round_1,train_tail,2021-08-05,2023-08-04,2886f4ec73486b28db23f14b1be5e8c9e51f8272018bea56d83ba240088dfbb0,bt_20260511_013726_000058
bt_20260511_013726,2022-03-24T15:15:00+00:00,2022-03-24T19:00:00+00:00,ml_trader,EURJPY,buy,794.53,134.56391,134.438049,134.994355,3.42,0.842,-100.2005,0.1001,sl_full,backtest_round_1,train_tail,2021-08-05,2023-08-04,2886f4ec73486b28db23f14b1be5e8c9e51f8272018bea56d83ba240088dfbb0,bt_20260511_013726_000059
bt_20260511_013726,2022-03-24T17:15:00+00:00,2022-03-24T19:00:00+00:00,ml_trader,EURJPY,buy,790.57,134.655924,134.529432,135.040963,3.04,0.804,-100.2002,0.1001,sl_full,backtest_round_1,train_tail,2021-08-05,2023-08-04,2886f4ec73486b28db23f14b1be5e8c9e51f8272018bea56d83ba240088dfbb0,bt_20260511_013726_000060
bt_20260511_013726,2022-03-24T17:30:00+00:00,2022-03-24T19:00:00+00:00,ml_trader,EURJPY,buy,772.64,134.705937,134.576511,135.0207,2.43,0.701,-100.1996,0.1001,sl_full,backtest_round_1,train_tail,2021-08-05,2023-08-04,2886f4ec73486b28db23f14b1be5e8c9e51f8272018bea56d83ba240088dfbb0,bt_20260511_013726_000061
bt_20260511_013726,2022-04-11T11:00:00+00:00,2022-04-11T20:00:00+00:00,ml_trader,USDJPY,buy,494.37,125.482092,125.279816,126.224445,3.67,0.867,-100.1992,0.1001,sl_full,backtest_round_1,train_tail,2021-08-05,2023-08-04,2886f4ec73486b28db23f14b1be5e8c9e51f8272018bea56d83ba240088dfbb0,bt_20260511_013726_000062
bt_20260511_013726,2022-04-11T11:15:00+00:00,2022-04-11T20:00:00+00:00,ml_trader,USDJPY,buy,510.57,125.528099,125.332238,126.112351,2.98,0.797,-100.2006,0.1001,sl_full,backtest_round_1,train_tail,2021-08-05,2023-08-04,2886f4ec73486b28db23f14b1be5e8c9e51f8272018bea56d83ba240088dfbb0,bt_20260511_013726_000063
bt_20260511_013726,2022-04-11T11:30:00+00:00,2022-04-11T16:00:00+00:00,ml_trader,USDJPY,buy,540.84,125.558104,125.373205,126.018686,2.49,0.717,-100.2006,0.1001,sl_full,backtest_round_1,train_tail,2021-08-05,2023-08-04,2886f4ec73486b28db23f14b1be5e8c9e51f8272018bea56d83ba240088dfbb0,bt_20260511_013726_000064
bt_20260511_013726,2022-04-13T17:30:00+00:00,2022-04-13T19:30:00+00:00,ml_trader,GBPJPY,buy,426.62,164.824966,164.590563,165.636,3.46,0.846,-100.201,0.1001,sl_full,backtest_round_1,train_tail,2021-08-05,2023-08-04,2886f4ec73486b28db23f14b1be5e8c9e51f8272018bea56d83ba240088dfbb0,bt_20260511_013726_000065
bt_20260511_013726,2022-04-15T08:00:00+00:00,2022-04-15T11:15:00+00:00,ml_trader,USDJPY,buy,1134.51,126.527299,126.439155,126.879875,4.0,0.903,-100.2002,0.1001,sl_full,backtest_round_1,train_tail,2021-08-05,2023-08-04,2886f4ec73486b28db23f14b1be5e8c9e51f8272018bea56d83ba240088dfbb0,bt_20260511_013726_000066
bt_20260511_013726,2022-04-15T09:30:00+00:00,2022-04-15T11:15:00+00:00,ml_trader,USDJPY,buy,1028.64,126.512297,126.415081,126.775946,2.71,0.754,-100.2002,0.1001,sl_full,backtest_round_1,train_tail,2021-08-05,2023-08-04,2886f4ec73486b28db23f14b1be5e8c9e51f8272018bea56d83ba240088dfbb0,bt_20260511_013726_000067
bt_20260511_013726,2022-04-19T07:00:00+00:00,2022-04-19T07:45:00+00:00,ml_trader,USDJPY,buy,496.76,128.415677,128.214374,129.22089,4.0,0.942,-100.1995,0.1001,sl_full,backtest_round_1,train_tail,2021-08-05,2023-08-04,2886f4ec73486b28db23f14b1be5e8c9e51f8272018bea56d83ba240088dfbb0,bt_20260511_013726_000068
bt_20260511_013726,2022-04-19T07:30:00+00:00,2022-04-19T08:15:00+00:00,ml_trader,USDJPY,buy,503.28,128.271651,128.072955,128.940067,3.36,0.836,-100.2001,0.1001,sl_full,backtest_round_1,train_tail,2021-08-05,2023-08-04,2886f4ec73486b28db23f14b1be5e8c9e51f8272018bea56d83ba240088dfbb0,bt_20260511_013726_000069
bt_20260511_013726,2022-04-19T07:45:00+00:00,2022-04-19T10:45:00+00:00,ml_trader,USDJPY,buy,488.25,128.221638,128.016825,128.731215,2.49,0.717,228.7177,0.2289,be_or_trail,backtest_round_1,train_tail,2021-08-05,2023-08-04,2886f4ec73486b28db23f14b1be5e8c9e51f8272018bea56d83ba240088dfbb0,bt_20260511_013726_000070
bt_20260511_013726,2022-04-19T08:45:00+00:00,2022-04-20T07:45:00+00:00,ml_trader,EURJPY,buy,398.24,138.688728,138.437621,139.693154,4.0,0.948,-100.2008,0.1001,sl_full,backtest_round_1,train_tail,2021-08-05,2023-08-04,2886f4ec73486b28db23f14b1be5e8c9e51f8272018bea56d83ba240088dfbb0,bt_20260511_013726_000071
bt_20260511_013726,2022-04-19T08:45:00+00:00,2022-04-19T20:00:00+00:00,ml_trader,GBPJPY,buy,363.82,167.043397,166.768535,168.142841,4.0,0.912,384.8023,0.3852,be_or_trail,backtest_round_1,train_tail,2021-08-05,2023-08-04,2886f4ec73486b28db23f14b1be5e8c9e51f8272018bea56d83ba240088dfbb0,bt_20260511_013726_000072
bt_20260511_013726,2022-04-19T09:00:00+00:00,2022-04-20T07:45:00+00:00,ml_trader,EURJPY,buy,359.27,138.786754,138.508412,139.71308,3.33,0.833,-100.2004,0.1001,sl_full,backtest_round_1,train_tail,2021-08-05,2023-08-04,2886f4ec73486b28db23f14b1be5e8c9e51f8272018bea56d83ba240088dfbb0,bt_20260511_013726_000073
bt_20260511_013726,2022-04-19T09:00:00+00:00,2022-04-19T19:00:00+00:00,ml_trader,GBPJPY,buy,342.61,167.077415,166.785542,168.043516,3.31,0.831,312.5575,0.3129,be_or_trail,backtest_round_1,train_tail,2021-08-05,2023-08-04,2886f4ec73486b28db23f14b1be5e8c9e51f8272018bea56d83ba240088dfbb0,bt_20260511_013726_000074
bt_20260511_013726,2022-04-19T09:00:00+00:00,2022-04-19T22:15:00+00:00,ml_trader,USDJPY,buy,368.86,128.653732,128.382625,129.257757,2.23,0.637,113.0184,0.1131,be_or_trail,backtest_round_1,train_tail,2021-08-05,2023-08-04,2886f4ec73486b28db23f14b1be5e8c9e51f8272018bea56d83ba240088dfbb0,bt_20260511_013726_000075
bt_20260511_013726,2022-04-19T09:30:00+00:00,2022-04-19T11:30:00+00:00,ml_trader,EURJPY,buy,370.3,138.976795,138.706743,139.651654,2.5,0.72,-100.2002,0.1001,sl_full,backtest_round_1,train_tail,2021-08-05,2023-08-04,2886f4ec73486b28db23f14b1be5e8c9e51f8272018bea56d83ba240088dfbb0,bt_20260511_013726_000076
bt_20260511_013726,2022-04-19T10:45:00+00:00,2022-04-19T12:00:00+00:00,ml_trader,EURJPY,buy,354.24,138.975788,138.693495,139.605583,2.23,0.638,-100.1996,0.1001,sl_full,backtest_round_1,train_tail,2021-08-05,2023-08-04,2886f4ec73486b28db23f14b1be5e8c9e51f8272018bea56d83ba240088dfbb0,bt_20260511_013726_000077
bt_20260511_013726,2022-04-19T12:00:00+00:00,2022-04-19T23:00:00+00:00,ml_trader,GBPJPY,buy,304.06,167.526495,167.197613,168.302328,2.36,0.68,119.2313,0.1194,be_or_trail,backtest_round_1,train_tail,2021-08-05,2023-08-04,2886f4ec73486b28db23f14b1be5e8c9e51f8272018bea56d83ba240088dfbb0,bt_20260511_013726_000078
bt_20260511_013726,2022-06-01T07:45:00+00:00,2022-06-01T09:30:00+00:00,ml_trader,EURJPY,buy,420.1,138.75675,138.518714,139.346841,2.48,0.714,-100.199,0.1001,sl_full,backtest_round_1,train_tail,2021-08-05,2023-08-04,2886f4ec73486b28db23f14b1be5e8c9e51f8272018bea56d83ba240088dfbb0,bt_20260511_013726_000079
bt_20260511_013726,2022-06-01T08:00:00+00:00,2022-06-01T09:45:00+00:00,ml_trader,EURJPY,buy,429.95,138.701731,138.469145,139.247145,2.35,0.677,-100.2005,0.1001,sl_full,backtest_round_1,train_tail,2021-08-05,2023-08-04,2886f4ec73486b28db23f14b1be5e8c9e51f8272018bea56d83ba240088dfbb0,bt_20260511_013726_000080
bt_20260511_013726,2022-06-02T16:45:00+00:00,2022-06-02T17:00:00+00:00,ml_trader,EURJPY,buy,763.65,139.552899,139.421949,139.954915,3.07,0.807,-100.2,0.1001,sl_full,backtest_round_1,train_tail,2021-08-05,2023-08-04,2886f4ec73486b28db23f14b1be5e8c9e51f8272018bea56d83ba240088dfbb0,bt_20260511_013726_000081
bt_20260511_013726,2022-06-02T17:00:00+00:00,2022-06-03T09:45:00+00:00,ml_trader,EURJPY,buy,689.59,139.568909,139.423895,139.930573,2.49,0.718,323.5013,0.3238,tp2,backtest_round_1,train_tail,2021-08-05,2023-08-04,2886f4ec73486b28db23f14b1be5e8c9e51f8272018bea56d83ba240088dfbb0,bt_20260511_013726_000082
bt_20260511_013726,2022-06-02T17:30:00+00:00,2022-06-03T09:00:00+00:00,ml_trader,EURJPY,buy,780.16,139.595907,139.467727,139.882901,2.24,0.643,217.9363,0.2182,be_or_trail,backtest_round_1,train_tail,2021-08-05,2023-08-04,2886f4ec73486b28db23f14b1be5e8c9e51f8272018bea56d83ba240088dfbb0,bt_20260511_013726_000083
bt_20260511_013726,2022-06-07T07:00:00+00:00,2022-06-07T08:30:00+00:00,ml_trader,USDJPY,buy,535.78,132.803548,132.616905,133.55012,4.0,0.956,-100.1996,0.1001,sl_full,backtest_round_1,train_tail,2021-08-05,2023-08-04,2886f4ec73486b28db23f14b1be5e8c9e51f8272018bea56d83ba240088dfbb0,bt_20260511_013726_000084
bt_20260511_013726,2022-06-07T09:45:00+00:00,2022-06-07T10:45:00+00:00,ml_trader,USDJPY,buy,401.83,132.579504,132.330646,133.319111,2.97,0.796,-100.1989,0.1001,sl_full,backtest_round_1,train_tail,2021-08-05,2023-08-04,2886f4ec73486b28db23f14b1be5e8c9e51f8272018bea56d83ba240088dfbb0,bt_20260511_013726_000085
bt_20260511_013726,2022-06-13T08:15:00+00:00,2022-06-15T02:15:00+00:00,ml_trader,EURUSD,sell,48480.67,1.046921,1.048983,1.03867,4.0,0.911,-100.2001,0.1001,sl_full,backtest_round_1,train_tail,2021-08-05,2023-08-04,2886f4ec73486b28db23f14b1be5e8c9e51f8272018bea56d83ba240088dfbb0,bt_20260511_013726_000086
bt_20260511_013726,2022-07-01T09:15:00+00:00,2022-07-01T10:15:00+00:00,ml_trader,XAUUSD,sell,11.28,1792.088532,1800.955815,1771.596241,2.31,0.667,-100.2231,0.1001,sl_full,backtest_round_1,train_tail,2021-08-05,2023-08-04,2886f4ec73486b28db23f14b1be5e8c9e51f8272018bea56d83ba240088dfbb0,bt_20260511_013726_000087
bt_20260511_013726,2022-07-01T09:45:00+00:00,2022-07-01T10:15:00+00:00,ml_trader,XAUUSD,sell,10.78,1793.778135,1803.058395,1773.166678,2.22,0.632,-100.2413,0.1001,sl_full,backtest_round_1,train_tail,2021-08-05,2023-08-04,2886f4ec73486b28db23f14b1be5e8c9e51f8272018bea56d83ba240088dfbb0,bt_20260511_013726_000088
bt_20260511_013726,2022-07-01T10:15:00+00:00,2022-07-01T16:45:00+00:00,ml_trader,XAUUSD,sell,9.81,1800.073873,1810.271693,1777.414317,2.22,0.633,-100.2408,0.1001,sl_full,backtest_round_1,train_tail,2021-08-05,2023-08-04,2886f4ec73486b28db23f14b1be5e8c9e51f8272018bea56d83ba240088dfbb0,bt_20260511_013726_000089
bt_20260511_013726,2022-07-05T14:45:00+00:00,2022-07-06T02:45:00+00:00,ml_trader,EURUSD,sell,60945.73,1.025945,1.027586,1.021442,2.74,0.759,-100.2001,0.1001,sl_full,backtest_round_1,train_tail,2021-08-05,2023-08-04,2886f4ec73486b28db23f14b1be5e8c9e51f8272018bea56d83ba240088dfbb0,bt_20260511_013726_000090
bt_20260511_013726,2022-07-05T15:00:00+00:00,2022-07-06T02:45:00+00:00,ml_trader,EURUSD,sell,61751.34,1.025965,1.027584,1.022341,2.24,0.643,-100.2001,0.1001,sl_full,backtest_round_1,train_tail,2021-08-05,2023-08-04,2886f4ec73486b28db23f14b1be5e8c9e51f8272018bea56d83ba240088dfbb0,bt_20260511_013726_000091
bt_20260511_013726,2022-07-05T15:45:00+00:00,2022-07-06T06:30:00+00:00,ml_trader,EURUSD,sell,66728.57,1.026395,1.027893,1.023051,2.23,0.639,284.0739,0.2844,tp2,backtest_round_1,train_tail,2021-08-05,2023-08-04,2886f4ec73486b28db23f14b1be5e8c9e51f8272018bea56d83ba240088dfbb0,bt_20260511_013726_000092
bt_20260511_013726,2022-07-05T15:45:00+00:00,2022-07-05T21:00:00+00:00,ml_trader,XAUUSD,sell,20.83,1766.514668,1771.314878,1755.891805,2.21,0.628,-100.1885,0.1001,sl_full,backtest_round_1,train_tail,2021-08-05,2023-08-04,2886f4ec73486b28db23f14b1be5e8c9e51f8272018bea56d83ba240088dfbb0,bt_20260511_013726_000093
bt_20260511_013726,2022-07-05T16:00:00+00:00,2022-07-05T20:45:00+00:00,ml_trader,XAUUSD,sell,22.04,1766.534562,1771.07253,1755.688817,2.39,0.689,-100.2169,0.1001,sl_full,backtest_round_1,train_tail,2021-08-05,2023-08-04,2886f4ec73486b28db23f14b1be5e8c9e51f8272018bea56d83ba240088dfbb0,bt_20260511_013726_000094
bt_20260511_013726,2022-07-05T16:30:00+00:00,2022-07-05T19:45:00+00:00,ml_trader,XAUUSD,sell,23.56,1765.364874,1769.609057,1755.093951,2.42,0.698,-100.193,0.1001,sl_full,backtest_round_1,train_tail,2021-08-05,2023-08-04,2886f4ec73486b28db23f14b1be5e8c9e51f8272018bea56d83ba240088dfbb0,bt_20260511_013726_000095
bt_20260511_013726,2022-07-12T08:30:00+00:00,2022-07-12T11:15:00+00:00,ml_trader,EURJPY,sell,348.37,137.336526,137.623574,136.543411,2.76,0.762,-100.1992,0.1001,sl_full,backtest_round_1,train_tail,2021-08-05,2023-08-04,2886f4ec73486b28db23f14b1be5e8c9e51f8272018bea56d83ba240088dfbb0,bt_20260511_013726_000096
bt_20260511_013726,2022-07-12T08:45:00+00:00,2022-07-12T11:45:00+00:00,ml_trader,EURJPY,sell,346.21,137.363528,137.652372,136.658749,2.44,0.703,-100.2007,0.1001,sl_full,backtest_round_1,train_tail,2021-08-05,2023-08-04,2886f4ec73486b28db23f14b1be5e8c9e51f8272018bea56d83ba240088dfbb0,bt_20260511_013726_000097
bt_20260511_013726,2022-07-14T07:00:00+00:00,2022-07-14T07:30:00+00:00,ml_trader,USDJPY,buy,336.15,139.216833,138.919349,140.403793,3.99,0.899,-100.1993,0.1001,sl_full,backtest_round_1,train_tail,2021-08-05,2023-08-04,2886f4ec73486b28db23f14b1be5e8c9e51f8272018bea56d83ba240088dfbb0,bt_20260511_013726_000098
bt_20260511_013726,2022-07-14T07:30:00+00:00,2022-07-15T10:30:00+00:00,ml_trader,USDJPY,buy,311.5,138.825764,138.504737,139.848556,3.19,0.819,-100.2,0.1001,sl_full,backtest_round_1,train_tail,2021-08-05,2023-08-04,2886f4ec73486b28db23f14b1be5e8c9e51f8272018bea56d83ba240088dfbb0,bt_20260511_013726_000099
bt_20260511_013726,2022-07-14T07:45:00+00:00,2022-07-15T03:00:00+00:00,ml_trader,USDJPY,buy,322.23,138.892778,138.58244,139.662107,2.48,0.714,-100.2003,0.1001,sl_full,backtest_round_1,train_tail,2021-08-05,2023-08-04,2886f4ec73486b28db23f14b1be5e8c9e51f8272018bea56d83ba240088dfbb0,bt_20260511_013726_000100
bt_20260511_013726,2022-07-21T08:15:00+00:00,2022-07-21T08:30:00+00:00,ml_trader,XAUUSD,sell,14.56,1688.756175,1695.623652,1672.71375,2.34,0.674,-100.1906,0.1001,sl_full,backtest_round_1,train_tail,2021-08-05,2023-08-04,2886f4ec73486b28db23f14b1be5e8c9e51f8272018bea56d83ba240088dfbb0,bt_20260511_013726_000101
bt_20260511_013726,2022-08-02T07:00:00+00:00,2022-08-02T10:30:00+00:00,ml_trader,EURJPY,sell,353.13,134.000187,134.283372,133.184334,2.88,0.781,-100.2009,0.1001,sl_full,backtest_round_1,train_tail,2021-08-05,2023-08-04,2886f4ec73486b28db23f14b1be5e8c9e51f8272018bea56d83ba240088dfbb0,bt_20260511_013726_000102
bt_20260511_013726,2022-08-02T07:15:00+00:00,2022-08-02T10:30:00+00:00,ml_trader,EURJPY,sell,369.55,134.008197,134.278799,133.36227,2.39,0.688,-100.201,0.1001,sl_full,backtest_round_1,train_tail,2021-08-05,2023-08-04,2886f4ec73486b28db23f14b1be5e8c9e51f8272018bea56d83ba240088dfbb0,bt_20260511_013726_000103
bt_20260511_013726,2022-08-19T14:30:00+00:00,2022-08-23T03:00:00+00:00,ml_trader,GBPUSD,sell,54531.74,1.181864,1.183697,1.174602,3.96,0.896,407.8426,0.4083,be_or_trail,backtest_round_1,train_tail,2021-08-05,2023-08-04,2886f4ec73486b28db23f14b1be5e8c9e51f8272018bea56d83ba240088dfbb0,bt_20260511_013726_000104
bt_20260511_013726,2022-08-19T15:30:00+00:00,2022-08-22T01:45:00+00:00,ml_trader,GBPUSD,sell,61495.77,1.181944,1.18357,1.176763,3.19,0.819,-100.2001,0.1001,sl_full,backtest_round_1,train_tail,2021-08-05,2023-08-04,2886f4ec73486b28db23f14b1be5e8c9e51f8272018bea56d83ba240088dfbb0,bt_20260511_013726_000105
bt_20260511_013726,2022-08-19T15:45:00+00:00,2022-08-22T09:15:00+00:00,ml_trader,GBPUSD,sell,59347.46,1.182723,1.184408,1.178406,2.56,0.73,130.8199,0.131,be_or_trail,backtest_round_1,train_tail,2021-08-05,2023-08-04,2886f4ec73486b28db23f14b1be5e8c9e51f8272018bea56d83ba240088dfbb0,bt_20260511_013726_000106
bt_20260511_013726,2022-08-26T15:30:00+00:00,2022-08-29T05:00:00+00:00,ml_trader,XAUUSD,sell,25.47,1737.546464,1741.473283,1722.153334,3.92,0.892,377.9413,0.3783,be_or_trail,backtest_round_1,train_tail,2021-08-05,2023-08-04,2886f4ec73486b28db23f14b1be5e8c9e51f8272018bea56d83ba240088dfbb0,bt_20260511_013726_000107
bt_20260511_013726,2022-08-26T16:00:00+00:00,2022-08-28T21:45:00+00:00,ml_trader,XAUUSD,sell,27.22,1737.096481,1740.769852,1726.116774,2.99,0.798,297.3788,0.2977,be_or_trail,backtest_round_1,train_tail,2021-08-05,2023-08-04,2886f4ec73486b28db23f14b1be5e8c9e51f8272018bea56d83ba240088dfbb0,bt_20260511_013726_000108
bt_20260511_013726,2022-08-26T16:15:00+00:00,2022-08-28T21:45:00+00:00,ml_trader,XAUUSD,sell,27.66,1737.490445,1741.105511,1728.720295,2.43,0.699,277.7307,0.278,be_or_trail,backtest_round_1,train_tail,2021-08-05,2023-08-04,2886f4ec73486b28db23f14b1be5e8c9e51f8272018bea56d83ba240088dfbb0,bt_20260511_013726_000109
bt_20260511_013726,2022-09-01T16:00:00+00:00,2022-09-01T19:45:00+00:00,ml_trader,USDJPY,buy,583.46,140.212043,140.040652,140.757063,3.18,0.818,-100.1994,0.1001,sl_full,backtest_round_1,train_tail,2021-08-05,2023-08-04,2886f4ec73486b28db23f14b1be5e8c9e51f8272018bea56d83ba240088dfbb0,bt_20260511_013726_000110
bt_20260511_013726,2022-09-06T07:30:00+00:00,2022-09-07T00:30:00+00:00,ml_trader,EURJPY,buy,343.27,140.971182,140.679867,142.13644,4.0,0.906,436.7875,0.4372,be_or_trail,backtest_round_1,train_tail,2021-08-05,2023-08-04,2886f4ec73486b28db23f14b1be5e8c9e51f8272018bea56d83ba240088dfbb0,bt_20260511_013726_000111
bt_20260511_013726,2022-09-06T08:00:00+00:00,2022-09-07T00:00:00+00:00,ml_trader,EURJPY,buy,335.22,140.934187,140.635876,141.898031,3.23,0.823,422.2539,0.4227,tp2,backtest_round_1,train_tail,2021-08-05,2023-08-04,2886f4ec73486b28db23f14b1be5e8c9e51f8272018bea56d83ba240088dfbb0,bt_20260511_013726_000112
bt_20260511_013726,2022-09-07T09:15:00+00:00,2022-09-08T23:15:00+00:00,ml_trader,EURJPY,buy,372.45,143.403675,143.135184,144.43468,3.84,0.884,384.439,0.3848,be_or_trail,backtest_round_1,train_tail,2021-08-05,2023-08-04,2886f4ec73486b28db23f14b1be5e8c9e51f8272018bea56d83ba240088dfbb0,bt_20260511_013726_000113
bt_20260511_013726,2022-10-17T07:30:00+00:00,2022-10-17T08:30:00+00:00,ml_trader,USDJPY,buy,624.35,148.872771,148.712605,149.513435,4.0,0.92,-100.1998,0.1001,sl_full,backtest_round_1,train_tail,2021-08-05,2023-08-04,2886f4ec73486b28db23f14b1be5e8c9e51f8272018bea56d83ba240088dfbb0,bt_20260511_013726_000114
bt_20260511_013726,2022-10-17T07:45:00+00:00,2022-10-17T08:30:00+00:00,ml_trader,USDJPY,buy,667.65,148.871764,148.721984,149.342371,3.14,0.814,-100.2004,0.1001,sl_full,backtest_round_1,train_tail,2021-08-05,2023-08-04,2886f4ec73486b28db23f14b1be5e8c9e51f8272018bea56d83ba240088dfbb0,bt_20260511_013726_000115
bt_20260511_013726,2022-10-17T08:45:00+00:00,2022-10-18T04:45:00+00:00,ml_trader,USDJPY,buy,611.74,148.717741,148.554272,149.117096,2.44,0.704,251.1901,0.2514,be_or_trail,backtest_round_1,train_tail,2021-08-05,2023-08-04,2886f4ec73486b28db23f14b1be5e8c9e51f8272018bea56d83ba240088dfbb0,bt_20260511_013726_000116
bt_20260511_013726,2022-10-19T16:45:00+00:00,2022-10-20T00:15:00+00:00,ml_trader,XAUUSD,sell,38.16,1628.472214,1631.092471,1621.49447,2.66,0.746,-100.1891,0.1001,sl_full,backtest_round_1,train_tail,2021-08-05,2023-08-04,2886f4ec73486b28db23f14b1be5e8c9e51f8272018bea56d83ba240088dfbb0,bt_20260511_013726_000117
bt_20260511_013726,2022-11-10T15:45:00+00:00,2022-11-10T19:45:00+00:00,ml_trader,XAUUSD,buy,19.51,1755.848048,1750.72321,1776.347399,4.0,0.931,-100.1857,0.1001,sl_full,backtest_round_1,train_tail,2021-08-05,2023-08-04,2886f4ec73486b28db23f14b1be5e8c9e51f8272018bea56d83ba240088dfbb0,bt_20260511_013726_000118
bt_20260511_013726,2022-11-16T15:00:00+00:00,2022-11-16T15:45:00+00:00,ml_trader,XAUUSD,buy,102.79,1773.522602,1772.549721,1775.89254,2.44,0.702,126.7,0.1268,be_or_trail,backtest_round_1,train_tail,2021-08-05,2023-08-04,2886f4ec73486b28db23f14b1be5e8c9e51f8272018bea56d83ba240088dfbb0,bt_20260511_013726_000119
bt_20260511_013726,2022-12-01T16:45:00+00:00,2022-12-01T19:15:00+00:00,ml_trader,USDJPY,sell,503.59,135.217946,135.416521,134.546764,3.38,0.838,-100.2003,0.1001,sl_full,backtest_round_1,train_tail,2021-08-05,2023-08-04,2886f4ec73486b28db23f14b1be5e8c9e51f8272018bea56d83ba240088dfbb0,bt_20260511_013726_000120
bt_20260511_013726,2022-12-02T07:00:00+00:00,2022-12-02T08:30:00+00:00,ml_trader,USDJPY,sell,308.15,134.023193,134.347709,133.128827,2.76,0.761,-100.1997,0.1001,sl_full,backtest_round_1,train_tail,2021-08-05,2023-08-04,2886f4ec73486b28db23f14b1be5e8c9e51f8272018bea56d83ba240088dfbb0,bt_20260511_013726_000121
bt_20260511_013726,2022-12-15T15:15:00+00:00,2022-12-15T21:15:00+00:00,ml_trader,EURJPY,buy,352.25,146.37627,146.092377,147.4579,3.81,0.881,-100.2012,0.1001,sl_full,backtest_round_1,train_tail,2021-08-05,2023-08-04,2886f4ec73486b28db23f14b1be5e8c9e51f8272018bea56d83ba240088dfbb0,bt_20260511_013726_000122
bt_20260511_013726,2022-12-15T15:30:00+00:00,2022-12-15T21:15:00+00:00,ml_trader,EURJPY,buy,365.87,146.272245,145.998923,146.947077,2.47,0.711,-100.2004,0.1001,sl_full,backtest_round_1,train_tail,2021-08-05,2023-08-04,2886f4ec73486b28db23f14b1be5e8c9e51f8272018bea56d83ba240088dfbb0,bt_20260511_013726_000123
bt_20260511_013726,2022-12-30T07:00:00+00:00,2022-12-30T09:00:00+00:00,ml_trader,GBPJPY,sell,260.23,158.743239,159.127513,157.600025,2.98,0.796,-100.1996,0.1001,sl_full,backtest_round_1,train_tail,2021-08-05,2023-08-04,2886f4ec73486b28db23f14b1be5e8c9e51f8272018bea56d83ba240088dfbb0,bt_20260511_013726_000124
bt_20260511_013726,2022-12-30T11:00:00+00:00,2022-12-30T11:45:00+00:00,ml_trader,GBPJPY,sell,226.23,158.75224,159.19426,157.602545,2.6,0.736,-100.1983,0.1001,sl_full,backtest_round_1,train_tail,2021-08-05,2023-08-04,2886f4ec73486b28db23f14b1be5e8c9e51f8272018bea56d83ba240088dfbb0,bt_20260511_013726_000125
bt_20260511_013726,2023-02-15T07:15:00+00:00,2023-02-15T20:30:00+00:00,ml_trader,XAUUSD,sell,19.49,1835.197828,1840.329123,1821.404909,2.69,0.75,-100.209,0.1001,sl_full,backtest_round_1,train_tail,2021-08-05,2023-08-04,2886f4ec73486b28db23f14b1be5e8c9e51f8272018bea56d83ba240088dfbb0,bt_20260511_013726_000126
bt_20260511_013726,2023-02-15T07:30:00+00:00,2023-02-15T20:30:00+00:00,ml_trader,XAUUSD,sell,20.86,1835.447778,1840.242566,1824.769787,2.23,0.636,-100.2194,0.1001,sl_full,backtest_round_1,train_tail,2021-08-05,2023-08-04,2886f4ec73486b28db23f14b1be5e8c9e51f8272018bea56d83ba240088dfbb0,bt_20260511_013726_000127
bt_20260511_013726,2023-02-15T13:45:00+00:00,2023-02-15T15:45:00+00:00,ml_trader,EURUSD,sell,67469.76,1.067336,1.068819,1.06352,2.58,0.732,-100.2001,0.1001,sl_full,backtest_round_1,train_tail,2021-08-05,2023-08-04,2886f4ec73486b28db23f14b1be5e8c9e51f8272018bea56d83ba240088dfbb0,bt_20260511_013726_000128
bt_20260511_013726,2023-02-15T14:00:00+00:00,2023-02-15T19:00:00+00:00,ml_trader,EURUSD,sell,68159.91,1.068056,1.069523,1.064783,2.23,0.639,-100.2001,0.1001,sl_full,backtest_round_1,train_tail,2021-08-05,2023-08-04,2886f4ec73486b28db23f14b1be5e8c9e51f8272018bea56d83ba240088dfbb0,bt_20260511_013726_000129
bt_20260511_013726,2023-02-15T15:45:00+00:00,2023-02-15T17:30:00+00:00,ml_trader,USDJPY,buy,723.47,134.135815,133.997593,134.619593,3.5,0.85,-100.1997,0.1001,sl_full,backtest_round_1,train_tail,2021-08-05,2023-08-04,2886f4ec73486b28db23f14b1be5e8c9e51f8272018bea56d83ba240088dfbb0,bt_20260511_013726_000130
bt_20260511_013726,2023-02-27T09:00:00+00:00,2023-02-27T09:45:00+00:00,ml_trader,USDJPY,buy,431.48,136.160222,135.928464,136.822124,2.86,0.777,-100.1992,0.1001,sl_full,backtest_round_1,train_tail,2021-08-05,2023-08-04,2886f4ec73486b28db23f14b1be5e8c9e51f8272018bea56d83ba240088dfbb0,bt_20260511_013726_000131
bt_20260511_013726,2023-02-27T09:15:00+00:00,2023-02-28T08:30:00+00:00,ml_trader,USDJPY,buy,422.17,136.084218,135.847346,136.609601,2.22,0.631,282.0847,0.2824,tp2,backtest_round_1,train_tail,2021-08-05,2023-08-04,2886f4ec73486b28db23f14b1be5e8c9e51f8272018bea56d83ba240088dfbb0,bt_20260511_013726_000132
bt_20260511_013726,2023-05-17T07:15:00+00:00,2023-05-18T10:30:00+00:00,ml_trader,EURUSD,sell,71366.24,1.083553,1.084955,1.079603,2.82,0.771,372.1277,0.3725,tp2,backtest_round_1,train_tail,2021-08-05,2023-08-04,2886f4ec73486b28db23f14b1be5e8c9e51f8272018bea56d83ba240088dfbb0,bt_20260511_013726_000133
bt_20260511_013726,2023-05-17T07:45:00+00:00,2023-05-18T02:45:00+00:00,ml_trader,XAUUSD,sell,27.28,1986.92651,1990.591899,1978.782014,2.22,0.633,208.8879,0.2091,be_or_trail,backtest_round_1,train_tail,2021-08-05,2023-08-04,2886f4ec73486b28db23f14b1be5e8c9e51f8272018bea56d83ba240088dfbb0,bt_20260511_013726_000134
bt_20260511_013726,2023-06-15T07:30:00+00:00,2023-06-16T02:30:00+00:00,ml_trader,EURJPY,buy,417.61,152.911573,152.672116,153.869402,4.0,0.935,498.997,0.4995,tp2,backtest_round_1,train_tail,2021-08-05,2023-08-04,2886f4ec73486b28db23f14b1be5e8c9e51f8272018bea56d83ba240088dfbb0,bt_20260511_013726_000135
bt_20260511_013726,2023-06-15T07:45:00+00:00,2023-06-15T22:45:00+00:00,ml_trader,EURJPY,buy,418.08,152.829556,152.590366,153.621275,3.31,0.831,335.1577,0.3355,be_or_trail,backtest_round_1,train_tail,2021-08-05,2023-08-04,2886f4ec73486b28db23f14b1be5e8c9e51f8272018bea56d83ba240088dfbb0,bt_20260511_013726_000136
bt_20260511_013726,2023-06-15T07:45:00+00:00,2023-06-15T09:00:00+00:00,ml_trader,GBPJPY,buy,313.53,178.620724,178.301776,179.61584,3.12,0.812,-100.1997,0.1001,sl_full,backtest_round_1,train_tail,2021-08-05,2023-08-04,2886f4ec73486b28db23f14b1be5e8c9e51f8272018bea56d83ba240088dfbb0,bt_20260511_013726_000137
bt_20260511_013726,2023-06-15T09:00:00+00:00,2023-06-16T02:15:00+00:00,ml_trader,EURJPY,buy,347.71,152.937579,152.649985,153.690213,2.62,0.739,341.8156,0.3422,tp2,backtest_round_1,train_tail,2021-08-05,2023-08-04,2886f4ec73486b28db23f14b1be5e8c9e51f8272018bea56d83ba240088dfbb0,bt_20260511_013726_000138
bt_20260511_013726,2023-06-15T09:15:00+00:00,2023-06-16T02:15:00+00:00,ml_trader,EURJPY,buy,315.12,153.020603,152.703261,153.737163,2.26,0.652,288.1756,0.2885,tp2,backtest_round_1,train_tail,2021-08-05,2023-08-04,2886f4ec73486b28db23f14b1be5e8c9e51f8272018bea56d83ba240088dfbb0,bt_20260511_013726_000139
bt_20260511_013726,2023-06-15T15:00:00+00:00,2023-06-15T20:00:00+00:00,ml_trader,GBPJPY,buy,326.38,179.409868,179.103478,180.320459,2.97,0.796,-100.1997,0.1001,sl_full,backtest_round_1,train_tail,2021-08-05,2023-08-04,2886f4ec73486b28db23f14b1be5e8c9e51f8272018bea56d83ba240088dfbb0,bt_20260511_013726_000140
bt_20260511_013726,2023-06-16T09:30:00+00:00,2023-06-16T11:00:00+00:00,ml_trader,EURUSD,buy,60062.43,1.095639,1.093974,1.100031,2.64,0.742,-100.2001,0.1001,sl_full,backtest_round_1,train_tail,2021-08-05,2023-08-04,2886f4ec73486b28db23f14b1be5e8c9e51f8272018bea56d83ba240088dfbb0,bt_20260511_013726_000141
bt_20260511_013726,2023-06-19T10:45:00+00:00,2023-06-19T22:15:00+00:00,ml_trader,GBPJPY,buy,315.5,181.514292,181.197338,182.457231,2.98,0.796,-100.1991,0.1001,sl_full,backtest_round_1,train_tail,2021-08-05,2023-08-04,2886f4ec73486b28db23f14b1be5e8c9e51f8272018bea56d83ba240088dfbb0,bt_20260511_013726_000142
bt_20260511_013726,2023-06-27T08:45:00+00:00,2023-06-30T02:15:00+00:00,ml_trader,EURJPY,buy,352.01,157.43448,157.150395,158.150092,2.52,0.723,-100.2011,0.1001,sl_full,backtest_round_1,train_tail,2021-08-05,2023-08-04,2886f4ec73486b28db23f14b1be5e8c9e51f8272018bea56d83ba240088dfbb0,bt_20260511_013726_000143
bt_20260511_013726,2023-07-11T07:00:00+00:00,2023-07-11T09:30:00+00:00,ml_trader,EURJPY,sell,400.98,154.461106,154.710495,153.86781,2.38,0.686,-100.2,0.1001,sl_full,backtest_round_1,train_tail,2021-08-05,2023-08-04,2886f4ec73486b28db23f14b1be5e8c9e51f8272018bea56d83ba240088dfbb0,bt_20260511_013726_000144
bt_20260511_013726,2023-07-11T07:00:00+00:00,2023-07-11T09:15:00+00:00,ml_trader,USDJPY,sell,465.38,140.381922,140.5968,139.75598,2.91,0.786,-100.2003,0.1001,sl_full,backtest_round_1,train_tail,2021-08-05,2023-08-04,2886f4ec73486b28db23f14b1be5e8c9e51f8272018bea56d83ba240088dfbb0,bt_20260511_013726_000145
bt_20260511_013726,2023-07-11T09:00:00+00:00,2023-07-11T09:15:00+00:00,ml_trader,USDJPY,sell,453.99,140.439909,140.660176,139.945629,2.24,0.647,-100.1993,0.1001,sl_full,backtest_round_1,train_tail,2021-08-05,2023-08-04,2886f4ec73486b28db23f14b1be5e8c9e51f8272018bea56d83ba240088dfbb0,bt_20260511_013726_000146
bt_20260511_013726,2023-07-11T09:15:00+00:00,2023-07-11T09:30:00+00:00,ml_trader,USDJPY,sell,428.69,140.567874,140.801144,140.053514,2.21,0.623,-100.2005,0.1001,sl_full,backtest_round_1,train_tail,2021-08-05,2023-08-04,2886f4ec73486b28db23f14b1be5e8c9e51f8272018bea56d83ba240088dfbb0,bt_20260511_013726_000147
bt_20260511_013726,2023-07-13T09:15:00+00:00,2023-07-13T20:15:00+00:00,ml_trader,EURUSD,buy,70358.43,1.118204,1.116782,1.122104,2.74,0.759,258.0168,0.2583,be_or_trail,backtest_round_1,train_tail,2021-08-05,2023-08-04,2886f4ec73486b28db23f14b1be5e8c9e51f8272018bea56d83ba240088dfbb0,bt_20260511_013726_000148
bt_20260511_013931,2023-08-10T08:15:00+00:00,2023-08-10T09:30:00+00:00,ml_trader,EURJPY,buy,468.7,158.284657,158.0713,158.871387,2.75,0.76,279.8093,0.2801,be_or_trail,backtest_round_2,test,2023-08-07,2025-08-05,2886f4ec73486b28db23f14b1be5e8c9e51f8272018bea56d83ba240088dfbb0,bt_20260511_013931_000000
bt_20260511_013931,2023-08-15T10:45:00+00:00,2023-08-17T14:30:00+00:00,ml_trader,XAUUSD,sell,13.71,1909.493025,1916.786255,1885.935892,3.23,0.823,325.7465,0.3261,time_exit,backtest_round_2,test,2023-08-07,2025-08-05,2886f4ec73486b28db23f14b1be5e8c9e51f8272018bea56d83ba240088dfbb0,bt_20260511_013931_000001
bt_20260511_013931,2023-08-21T16:30:00+00:00,2023-08-21T17:00:00+00:00,ml_trader,EURJPY,buy,773.31,159.306849,159.177535,159.824103,4.0,0.941,-100.1995,0.1001,sl_full,backtest_round_2,test,2023-08-07,2025-08-05,2886f4ec73486b28db23f14b1be5e8c9e51f8272018bea56d83ba240088dfbb0,bt_20260511_013931_000002
bt_20260511_013931,2023-08-21T17:00:00+00:00,2023-08-22T04:00:00+00:00,ml_trader,EURJPY,buy,702.04,159.298852,159.156409,159.741277,3.11,0.811,-100.2003,0.1001,sl_full,backtest_round_2,test,2023-08-07,2025-08-05,2886f4ec73486b28db23f14b1be5e8c9e51f8272018bea56d83ba240088dfbb0,bt_20260511_013931_000003
bt_20260511_013931,2023-08-21T17:15:00+00:00,2023-08-22T04:00:00+00:00,ml_trader,EURJPY,buy,759.32,159.298852,159.167155,159.625724,2.48,0.715,-100.2003,0.1001,sl_full,backtest_round_2,test,2023-08-07,2025-08-05,2886f4ec73486b28db23f14b1be5e8c9e51f8272018bea56d83ba240088dfbb0,bt_20260511_013931_000004
bt_20260511_013931,2023-08-21T17:30:00+00:00,2023-08-22T04:00:00+00:00,ml_trader,EURJPY,buy,757.7,159.269854,159.137875,159.562847,2.22,0.632,-100.2004,0.1001,sl_full,backtest_round_2,test,2023-08-07,2025-08-05,2886f4ec73486b28db23f14b1be5e8c9e51f8272018bea56d83ba240088dfbb0,bt_20260511_013931_000005
bt_20260511_013931,2023-09-14T17:15:00+00:00,2023-09-15T00:00:00+00:00,ml_trader,EURUSD,sell,118016.66,1.064027,1.064874,1.060638,4.0,0.924,-100.2001,0.1001,sl_full,backtest_round_2,test,2023-08-07,2025-08-05,2886f4ec73486b28db23f14b1be5e8c9e51f8272018bea56d83ba240088dfbb0,bt_20260511_013931_000006
bt_20260511_013931,2023-09-14T17:30:00+00:00,2023-09-14T22:00:00+00:00,ml_trader,EURUSD,sell,124884.58,1.064027,1.064828,1.061469,3.19,0.82,-100.2001,0.1001,sl_full,backtest_round_2,test,2023-08-07,2025-08-05,2886f4ec73486b28db23f14b1be5e8c9e51f8272018bea56d83ba240088dfbb0,bt_20260511_013931_000007
bt_20260511_013931,2023-09-14T17:45:00+00:00,2023-09-14T22:00:00+00:00,ml_trader,EURUSD,sell,132214.65,1.063987,1.064744,1.062071,2.53,0.725,-100.2001,0.1001,sl_full,backtest_round_2,test,2023-08-07,2025-08-05,2886f4ec73486b28db23f14b1be5e8c9e51f8272018bea56d83ba240088dfbb0,bt_20260511_013931_000008
bt_20260511_013931,2023-09-14T17:45:00+00:00,2023-09-14T22:00:00+00:00,ml_trader,GBPUSD,sell,105718.94,1.240562,1.241508,1.236826,3.95,0.895,-100.2001,0.1001,sl_full,backtest_round_2,test,2023-08-07,2025-08-05,2886f4ec73486b28db23f14b1be5e8c9e51f8272018bea56d83ba240088dfbb0,bt_20260511_013931_000009
bt_20260511_013931,2023-09-21T14:30:00+00:00,2023-09-21T19:30:00+00:00,ml_trader,GBPJPY,sell,524.95,181.300738,181.491234,180.548282,3.95,0.895,-100.2006,0.1001,sl_full,backtest_round_2,test,2023-08-07,2025-08-05,2886f4ec73486b28db23f14b1be5e8c9e51f8272018bea56d83ba240088dfbb0,bt_20260511_013931_000010
bt_20260511_013931,2023-09-25T16:00:00+00:00,2023-09-26T04:15:00+00:00,ml_trader,EURUSD,sell,117674.48,1.059028,1.059878,1.055629,4.0,0.934,-100.2001,0.1001,sl_full,backtest_round_2,test,2023-08-07,2025-08-05,2886f4ec73486b28db23f14b1be5e8c9e51f8272018bea56d83ba240088dfbb0,bt_20260511_013931_000011
bt_20260511_013931,2023-09-26T15:15:00+00:00,2023-09-27T15:00:00+00:00,ml_trader,GBPUSD,sell,80847.28,1.215337,1.216574,1.211057,3.46,0.846,176.6964,0.1769,be_or_trail,backtest_round_2,test,2023-08-07,2025-08-05,2886f4ec73486b28db23f14b1be5e8c9e51f8272018bea56d83ba240088dfbb0,bt_20260511_013931_000012
bt_20260511_013931,2023-09-27T17:45:00+00:00,2023-09-28T00:30:00+00:00,ml_trader,USDJPY,buy,631.94,149.516897,149.358655,149.976749,2.91,0.785,-100.1997,0.1001,sl_full,backtest_round_2,test,2023-08-07,2025-08-05,2886f4ec73486b28db23f14b1be5e8c9e51f8272018bea56d83ba240088dfbb0,bt_20260511_013931_000013
bt_20260511_013931,2023-09-28T07:00:00+00:00,2023-09-28T08:30:00+00:00,ml_trader,XAUUSD,sell,34.72,1875.279898,1878.16014,1868.399,2.39,0.689,-100.2021,0.1001,sl_full,backtest_round_2,test,2023-08-07,2025-08-05,2886f4ec73486b28db23f14b1be5e8c9e51f8272018bea56d83ba240088dfbb0,bt_20260511_013931_000014
bt_20260511_013931,2023-09-28T07:30:00+00:00,2023-09-28T08:30:00+00:00,ml_trader,XAUUSD,sell,33.15,1876.099681,1879.115881,1868.272641,2.6,0.735,-100.1871,0.1001,sl_full,backtest_round_2,test,2023-08-07,2025-08-05,2886f4ec73486b28db23f14b1be5e8c9e51f8272018bea56d83ba240088dfbb0,bt_20260511_013931_000015
bt_20260511_013931,2023-09-28T07:45:00+00:00,2023-09-28T08:30:00+00:00,ml_trader,XAUUSD,sell,34.69,1875.579765,1878.462408,1868.65854,2.4,0.692,-100.199,0.1001,sl_full,backtest_round_2,test,2023-08-07,2025-08-05,2886f4ec73486b28db23f14b1be5e8c9e51f8272018bea56d83ba240088dfbb0,bt_20260511_013931_000016
bt_20260511_013931,2023-10-18T07:45:00+00:00,2023-10-18T09:45:00+00:00,ml_trader,XAUUSD,buy,24.43,1946.427171,1942.334462,1955.574377,2.23,0.641,284.6621,0.2849,tp2,backtest_round_2,test,2023-08-07,2025-08-05,2886f4ec73486b28db23f14b1be5e8c9e51f8272018bea56d83ba240088dfbb0,bt_20260511_013931_000017
bt_20260511_013931,2023-10-20T08:45:00+00:00,2023-10-20T11:45:00+00:00,ml_trader,XAUUSD,buy,14.69,1978.600597,1971.795118,1993.824453,2.24,0.642,202.2573,0.2025,be_or_trail,backtest_round_2,test,2023-08-07,2025-08-05,2886f4ec73486b28db23f14b1be5e8c9e51f8272018bea56d83ba240088dfbb0,bt_20260511_013931_000018
bt_20260511_013931,2023-11-14T16:30:00+00:00,2023-11-14T17:00:00+00:00,ml_trader,EURJPY,buy,705.96,163.617724,163.476072,164.163082,3.85,0.885,-100.2004,0.1001,sl_full,backtest_round_2,test,2023-08-07,2025-08-05,2886f4ec73486b28db23f14b1be5e8c9e51f8272018bea56d83ba240088dfbb0,bt_20260511_013931_000019
bt_20260511_013931,2023-11-14T17:15:00+00:00,2023-11-14T19:30:00+00:00,ml_trader,GBPUSD,buy,87990.63,1.24939,1.248253,1.252729,2.94,0.79,-100.2001,0.1001,sl_full,backtest_round_2,test,2023-08-07,2025-08-05,2886f4ec73486b28db23f14b1be5e8c9e51f8272018bea56d83ba240088dfbb0,bt_20260511_013931_000020
bt_20260511_013931,2023-11-14T17:45:00+00:00,2023-11-14T19:30:00+00:00,ml_trader,GBPUSD,buy,79980.87,1.24919,1.247939,1.252857,2.93,0.789,-100.2001,0.1001,sl_full,backtest_round_2,test,2023-08-07,2025-08-05,2886f4ec73486b28db23f14b1be5e8c9e51f8272018bea56d83ba240088dfbb0,bt_20260511_013931_000021
bt_20260511_013931,2023-11-20T08:30:00+00:00,2023-11-20T09:15:00+00:00,ml_trader,EURUSD,buy,90052.77,1.093059,1.091948,1.097156,3.69,0.869,-100.2001,0.1001,sl_full,backtest_round_2,test,2023-08-07,2025-08-05,2886f4ec73486b28db23f14b1be5e8c9e51f8272018bea56d83ba240088dfbb0,bt_20260511_013931_000022
bt_20260511_013931,2023-11-20T08:45:00+00:00,2023-11-21T00:45:00+00:00,ml_trader,EURUSD,buy,91282.43,1.092859,1.091763,1.095957,2.83,0.773,265.6877,0.266,be_or_trail,backtest_round_2,test,2023-08-07,2025-08-05,2886f4ec73486b28db23f14b1be5e8c9e51f8272018bea56d83ba240088dfbb0,bt_20260511_013931_000023
bt_20260511_013931,2023-11-20T09:00:00+00:00,2023-11-21T00:45:00+00:00,ml_trader,EURUSD,buy,83161.37,1.092408,1.091206,1.095245,2.36,0.68,245.4176,0.2457,be_or_trail,backtest_round_2,test,2023-08-07,2025-08-05,2886f4ec73486b28db23f14b1be5e8c9e51f8272018bea56d83ba240088dfbb0,bt_20260511_013931_000024
bt_20260511_013931,2023-11-24T16:30:00+00:00,2023-11-24T16:45:00+00:00,ml_trader,GBPUSD,buy,82039.1,1.260802,1.259583,1.265117,3.54,0.854,-100.2001,0.1001,sl_full,backtest_round_2,test,2023-08-07,2025-08-05,2886f4ec73486b28db23f14b1be5e8c9e51f8272018bea56d83ba240088dfbb0,bt_20260511_013931_000025
bt_20260511_013931,2023-11-24T16:45:00+00:00,2023-11-27T10:45:00+00:00,ml_trader,GBPUSD,buy,74407.89,1.260412,1.259068,1.264012,2.68,0.749,137.3794,0.1375,be_or_trail,backtest_round_2,test,2023-08-07,2025-08-05,2886f4ec73486b28db23f14b1be5e8c9e51f8272018bea56d83ba240088dfbb0,bt_20260511_013931_000026
bt_20260511_013931,2023-11-27T07:00:00+00:00,2023-11-27T08:30:00+00:00,ml_trader,XAUUSD,buy,28.54,2014.287787,2010.784208,2023.726427,2.69,0.751,-100.1922,0.1001,sl_full,backtest_round_2,test,2023-08-07,2025-08-05,2886f4ec73486b28db23f14b1be5e8c9e51f8272018bea56d83ba240088dfbb0,bt_20260511_013931_000027
bt_20260511_013931,2023-11-27T07:15:00+00:00,2023-11-27T11:00:00+00:00,ml_trader,XAUUSD,buy,25.94,2012.367359,2008.512271,2020.956494,2.23,0.637,-100.2011,0.1001,sl_full,backtest_round_2,test,2023-08-07,2025-08-05,2886f4ec73486b28db23f14b1be5e8c9e51f8272018bea56d83ba240088dfbb0,bt_20260511_013931_000028
bt_20260511_013931,2023-11-27T08:45:00+00:00,2023-11-27T11:30:00+00:00,ml_trader,XAUUSD,buy,19.31,2011.627221,2006.448025,2023.378815,2.27,0.655,-100.2104,0.1001,sl_full,backtest_round_2,test,2023-08-07,2025-08-05,2886f4ec73486b28db23f14b1be5e8c9e51f8272018bea56d83ba240088dfbb0,bt_20260511_013931_000029
bt_20260511_013931,2023-11-28T14:30:00+00:00,2023-11-29T04:30:00+00:00,ml_trader,XAUUSD,buy,21.25,2041.163156,2036.4578,2056.690829,3.3,0.83,-100.1889,0.1001,sl_full,backtest_round_2,test,2023-08-07,2025-08-05,2886f4ec73486b28db23f14b1be5e8c9e51f8272018bea56d83ba240088dfbb0,bt_20260511_013931_000030
bt_20260511_013931,2023-11-28T15:00:00+00:00,2023-11-29T04:15:00+00:00,ml_trader,XAUUSD,buy,22.26,2040.616049,2036.123725,2051.438058,2.41,0.694,121.319,0.1214,be_or_trail,backtest_round_2,test,2023-08-07,2025-08-05,2886f4ec73486b28db23f14b1be5e8c9e51f8272018bea56d83ba240088dfbb0,bt_20260511_013931_000031
bt_20260511_013931,2023-11-28T15:15:00+00:00,2023-11-29T02:30:00+00:00,ml_trader,XAUUSD,buy,23.36,2041.093196,2036.812014,2050.879977,2.29,0.66,115.2467,0.1154,be_or_trail,backtest_round_2,test,2023-08-07,2025-08-05,2886f4ec73486b28db23f14b1be5e8c9e51f8272018bea56d83ba240088dfbb0,bt_20260511_013931_000032
bt_20260511_013931,2023-12-19T15:30:00+00:00,2023-12-19T21:00:00+00:00,ml_trader,EURUSD,buy,105904.76,1.097719,1.096775,1.101496,4.0,0.919,-100.2001,0.1001,sl_full,backtest_round_2,test,2023-08-07,2025-08-05,2886f4ec73486b28db23f14b1be5e8c9e51f8272018bea56d83ba240088dfbb0,bt_20260511_013931_000033
bt_20260511_013931,2023-12-27T15:15:00+00:00,2023-12-28T08:45:00+00:00,ml_trader,EURUSD,buy,82057.47,1.110672,1.109453,1.115547,4.0,0.912,-100.2001,0.1001,sl_full,backtest_round_2,test,2023-08-07,2025-08-05,2886f4ec73486b28db23f14b1be5e8c9e51f8272018bea56d83ba240088dfbb0,bt_20260511_013931_000034
bt_20260511_013931,2023-12-27T15:30:00+00:00,2023-12-28T08:45:00+00:00,ml_trader,EURUSD,buy,83908.64,1.110622,1.10943,1.11425,3.04,0.804,-100.2001,0.1001,sl_full,backtest_round_2,test,2023-08-07,2025-08-05,2886f4ec73486b28db23f14b1be5e8c9e51f8272018bea56d83ba240088dfbb0,bt_20260511_013931_000035
bt_20260511_013931,2024-01-10T07:30:00+00:00,2024-01-11T08:30:00+00:00,ml_trader,USDJPY,buy,498.38,145.283049,145.082397,146.085655,4.0,0.905,-100.2009,0.1001,sl_full,backtest_round_2,test,2023-08-07,2025-08-05,2886f4ec73486b28db23f14b1be5e8c9e51f8272018bea56d83ba240088dfbb0,bt_20260511_013931_000036
bt_20260511_013931,2024-01-10T07:45:00+00:00,2024-01-11T08:30:00+00:00,ml_trader,USDJPY,buy,518.2,145.303057,145.110081,145.895685,3.07,0.807,-100.2,0.1001,sl_full,backtest_round_2,test,2023-08-07,2025-08-05,2886f4ec73486b28db23f14b1be5e8c9e51f8272018bea56d83ba240088dfbb0,bt_20260511_013931_000037
bt_20260511_013931,2024-01-16T08:45:00+00:00,2024-01-17T04:45:00+00:00,ml_trader,USDJPY,buy,340.16,146.655332,146.361357,147.816534,3.95,0.895,365.9955,0.3664,be_or_trail,backtest_round_2,test,2023-08-07,2025-08-05,2886f4ec73486b28db23f14b1be5e8c9e51f8272018bea56d83ba240088dfbb0,bt_20260511_013931_000038
bt_20260511_013931,2024-01-16T09:00:00+00:00,2024-01-17T04:45:00+00:00,ml_trader,USDJPY,buy,339.59,146.558313,146.263844,147.432003,2.97,0.795,333.0165,0.3333,be_or_trail,backtest_round_2,test,2023-08-07,2025-08-05,2886f4ec73486b28db23f14b1be5e8c9e51f8272018bea56d83ba240088dfbb0,bt_20260511_013931_000039
bt_20260511_013931,2024-01-16T09:15:00+00:00,2024-01-16T20:45:00+00:00,ml_trader,USDJPY,buy,345.41,146.533299,146.24379,147.244622,2.46,0.708,232.8265,0.2331,be_or_trail,backtest_round_2,test,2023-08-07,2025-08-05,2886f4ec73486b28db23f14b1be5e8c9e51f8272018bea56d83ba240088dfbb0,bt_20260511_013931_000040
bt_20260511_013931,2024-01-16T09:30:00+00:00,2024-01-16T20:45:00+00:00,ml_trader,USDJPY,buy,338.03,146.62632,146.330486,147.283069,2.22,0.632,201.8916,0.2021,be_or_trail,backtest_round_2,test,2023-08-07,2025-08-05,2886f4ec73486b28db23f14b1be5e8c9e51f8272018bea56d83ba240088dfbb0,bt_20260511_013931_000041
bt_20260511_013931,2024-01-17T07:15:00+00:00,2024-01-18T21:30:00+00:00,ml_trader,EURJPY,buy,463.72,160.616116,160.400467,161.420489,3.73,0.873,349.3458,0.3497,be_or_trail,backtest_round_2,test,2023-08-07,2025-08-05,2886f4ec73486b28db23f14b1be5e8c9e51f8272018bea56d83ba240088dfbb0,bt_20260511_013931_000042
bt_20260511_013931,2024-01-17T07:30:00+00:00,2024-01-17T17:00:00+00:00,ml_trader,EURJPY,buy,497.09,160.579106,160.377935,161.154657,2.86,0.778,268.9797,0.2692,be_or_trail,backtest_round_2,test,2023-08-07,2025-08-05,2886f4ec73486b28db23f14b1be5e8c9e51f8272018bea56d83ba240088dfbb0,bt_20260511_013931_000043
bt_20260511_013931,2024-01-17T08:15:00+00:00,2024-01-17T12:30:00+00:00,ml_trader,GBPJPY,buy,377.29,187.052402,186.787351,187.73332,2.57,0.731,270.5146,0.2708,be_or_trail,backtest_round_2,test,2023-08-07,2025-08-05,2886f4ec73486b28db23f14b1be5e8c9e51f8272018bea56d83ba240088dfbb0,bt_20260511_013931_000044
bt_20260511_013931,2024-01-17T14:00:00+00:00,2024-01-17T16:00:00+00:00,ml_trader,USDJPY,buy,498.99,148.329663,148.129256,149.025074,3.47,0.847,-100.201,0.1001,sl_full,backtest_round_2,test,2023-08-07,2025-08-05,2886f4ec73486b28db23f14b1be5e8c9e51f8272018bea56d83ba240088dfbb0,bt_20260511_013931_000045
bt_20260511_013931,2024-01-17T14:15:00+00:00,2024-01-17T17:00:00+00:00,ml_trader,USDJPY,buy,493.51,148.27965,148.07702,148.843773,2.78,0.765,-100.2002,0.1001,sl_full,backtest_round_2,test,2023-08-07,2025-08-05,2886f4ec73486b28db23f14b1be5e8c9e51f8272018bea56d83ba240088dfbb0,bt_20260511_013931_000046
bt_20260511_013931,2024-02-13T17:00:00+00:00,2024-02-13T17:45:00+00:00,ml_trader,USDJPY,buy,804.29,150.783157,150.658824,151.182265,3.21,0.821,-100.1998,0.1001,sl_full,backtest_round_2,test,2023-08-07,2025-08-05,2886f4ec73486b28db23f14b1be5e8c9e51f8272018bea56d83ba240088dfbb0,bt_20260511_013931_000047
bt_20260511_013931,2024-02-13T17:15:00+00:00,2024-02-13T17:45:00+00:00,ml_trader,USDJPY,buy,834.9,150.783157,150.663381,151.130505,2.9,0.784,-100.2004,0.1001,sl_full,backtest_round_2,test,2023-08-07,2025-08-05,2886f4ec73486b28db23f14b1be5e8c9e51f8272018bea56d83ba240088dfbb0,bt_20260511_013931_000048
bt_20260511_013931,2024-02-13T17:30:00+00:00,2024-02-13T17:45:00+00:00,ml_trader,USDJPY,buy,877.0,150.779143,150.665118,151.058617,2.45,0.706,-100.1995,0.1001,sl_full,backtest_round_2,test,2023-08-07,2025-08-05,2886f4ec73486b28db23f14b1be5e8c9e51f8272018bea56d83ba240088dfbb0,bt_20260511_013931_000049
bt_20260511_013931,2024-02-22T07:00:00+00:00,2024-02-22T08:30:00+00:00,ml_trader,EURJPY,buy,541.05,163.148621,162.963795,163.887922,4.0,0.91,-100.1999,0.1001,sl_full,backtest_round_2,test,2023-08-07,2025-08-05,2886f4ec73486b28db23f14b1be5e8c9e51f8272018bea56d83ba240088dfbb0,bt_20260511_013931_000050
bt_20260511_013931,2024-02-22T07:15:00+00:00,2024-02-22T09:00:00+00:00,ml_trader,EURJPY,buy,545.5,163.081606,162.898287,163.672258,3.22,0.822,-100.2003,0.1001,sl_full,backtest_round_2,test,2023-08-07,2025-08-05,2886f4ec73486b28db23f14b1be5e8c9e51f8272018bea56d83ba240088dfbb0,bt_20260511_013931_000051
bt_20260511_013931,2024-02-26T12:30:00+00:00,2024-02-26T17:00:00+00:00,ml_trader,EURJPY,buy,652.98,163.547702,163.394559,163.964099,2.72,0.755,-100.1996,0.1001,sl_full,backtest_round_2,test,2023-08-07,2025-08-05,2886f4ec73486b28db23f14b1be5e8c9e51f8272018bea56d83ba240088dfbb0,bt_20260511_013931_000052
bt_20260511_013931,2024-02-26T12:45:00+00:00,2024-02-26T17:00:00+00:00,ml_trader,EURJPY,buy,682.67,163.544696,163.398212,163.879412,2.29,0.66,-100.2003,0.1001,sl_full,backtest_round_2,test,2023-08-07,2025-08-05,2886f4ec73486b28db23f14b1be5e8c9e51f8272018bea56d83ba240088dfbb0,bt_20260511_013931_000053
bt_20260511_013931,2024-03-07T17:00:00+00:00,2024-03-08T08:30:00+00:00,ml_trader,GBPUSD,buy,104796.93,1.280806,1.279852,1.284623,4.0,0.925,498.9748,0.4995,tp2,backtest_round_2,test,2023-08-07,2025-08-05,2886f4ec73486b28db23f14b1be5e8c9e51f8272018bea56d83ba240088dfbb0,bt_20260511_013931_000054
bt_20260511_013931,2024-03-13T15:30:00+00:00,2024-03-14T00:00:00+00:00,ml_trader,XAUUSD,buy,23.85,2174.789851,2170.597219,2191.560381,4.0,0.922,-100.1944,0.1001,sl_full,backtest_round_2,test,2023-08-07,2025-08-05,2886f4ec73486b28db23f14b1be5e8c9e51f8272018bea56d83ba240088dfbb0,bt_20260511_013931_000055
bt_20260511_013931,2024-03-20T09:15:00+00:00,2024-03-20T10:00:00+00:00,ml_trader,USDJPY,buy,665.37,151.698333,151.54804,152.212336,3.42,0.842,-100.2008,0.1001,sl_full,backtest_round_2,test,2023-08-07,2025-08-05,2886f4ec73486b28db23f14b1be5e8c9e51f8272018bea56d83ba240088dfbb0,bt_20260511_013931_000056
bt_20260511_013931,2024-03-20T09:30:00+00:00,2024-03-20T10:00:00+00:00,ml_trader,USDJPY,buy,681.66,151.710329,151.563628,152.076201,2.49,0.718,-100.2004,0.1001,sl_full,backtest_round_2,test,2023-08-07,2025-08-05,2886f4ec73486b28db23f14b1be5e8c9e51f8272018bea56d83ba240088dfbb0,bt_20260511_013931_000057
bt_20260511_013931,2024-03-20T09:45:00+00:00,2024-03-20T10:00:00+00:00,ml_trader,USDJPY,buy,713.35,151.701339,151.561155,152.009884,2.2,0.621,-100.2003,0.1001,sl_full,backtest_round_2,test,2023-08-07,2025-08-05,2886f4ec73486b28db23f14b1be5e8c9e51f8272018bea56d83ba240088dfbb0,bt_20260511_013931_000058
bt_20260511_013931,2024-04-01T15:00:00+00:00,2024-04-01T17:00:00+00:00,ml_trader,GBPUSD,sell,110506.05,1.254359,1.255264,1.250739,4.0,0.905,-100.2001,0.1001,sl_full,backtest_round_2,test,2023-08-07,2025-08-05,2886f4ec73486b28db23f14b1be5e8c9e51f8272018bea56d83ba240088dfbb0,bt_20260511_013931_000059
bt_20260511_013931,2024-04-10T14:30:00+00:00,2024-04-12T09:00:00+00:00,ml_trader,USDJPY,buy,537.59,152.940586,152.754569,153.649309,3.81,0.881,-100.2008,0.1001,sl_full,backtest_round_2,test,2023-08-07,2025-08-05,2886f4ec73486b28db23f14b1be5e8c9e51f8272018bea56d83ba240088dfbb0,bt_20260511_013931_000060
bt_20260511_013931,2024-04-10T16:30:00+00:00,2024-04-10T17:00:00+00:00,ml_trader,USDJPY,buy,603.63,153.192635,153.026972,153.745454,3.34,0.834,-100.1995,0.1001,sl_full,backtest_round_2,test,2023-08-07,2025-08-05,2886f4ec73486b28db23f14b1be5e8c9e51f8272018bea56d83ba240088dfbb0,bt_20260511_013931_000061
bt_20260511_013931,2024-04-10T16:45:00+00:00,2024-04-10T17:00:00+00:00,ml_trader,USDJPY,buy,614.8,153.174626,153.01197,153.598669,2.61,0.737,-100.2008,0.1001,sl_full,backtest_round_2,test,2023-08-07,2025-08-05,2886f4ec73486b28db23f14b1be5e8c9e51f8272018bea56d83ba240088dfbb0,bt_20260511_013931_000062
bt_20260511_013931,2024-04-12T07:00:00+00:00,2024-04-12T11:15:00+00:00,ml_trader,XAUUSD,buy,14.22,2395.664096,2388.629343,2420.356077,3.51,0.851,175.9186,0.1761,be_or_trail,backtest_round_2,test,2023-08-07,2025-08-05,2886f4ec73486b28db23f14b1be5e8c9e51f8272018bea56d83ba240088dfbb0,bt_20260511_013931_000063
bt_20260511_013931,2024-04-15T14:45:00+00:00,2024-04-16T09:30:00+00:00,ml_trader,USDJPY,buy,615.26,154.238834,154.076302,154.728057,3.01,0.801,153.2689,0.1534,be_or_trail,backtest_round_2,test,2023-08-07,2025-08-05,2886f4ec73486b28db23f14b1be5e8c9e51f8272018bea56d83ba240088dfbb0,bt_20260511_013931_000064
bt_20260511_013931,2024-04-15T15:00:00+00:00,2024-04-16T09:30:00+00:00,ml_trader,USDJPY,buy,643.6,154.255851,154.100474,154.647868,2.52,0.724,237.5373,0.2378,be_or_trail,backtest_round_2,test,2023-08-07,2025-08-05,2886f4ec73486b28db23f14b1be5e8c9e51f8272018bea56d83ba240088dfbb0,bt_20260511_013931_000065
bt_20260511_013931,2024-04-15T15:15:00+00:00,2024-04-16T09:00:00+00:00,ml_trader,USDJPY,buy,669.49,154.229845,154.080477,154.564279,2.24,0.643,285.2781,0.2856,tp2,backtest_round_2,test,2023-08-07,2025-08-05,2886f4ec73486b28db23f14b1be5e8c9e51f8272018bea56d83ba240088dfbb0,bt_20260511_013931_000066
bt_20260511_013931,2024-04-24T13:15:00+00:00,2024-04-25T23:30:00+00:00,ml_trader,USDJPY,buy,669.32,155.290054,155.14065,155.887673,4.0,0.931,420.8989,0.4213,be_or_trail,backtest_round_2,test,2023-08-07,2025-08-05,2886f4ec73486b28db23f14b1be5e8c9e51f8272018bea56d83ba240088dfbb0,bt_20260511_013931_000067
bt_20260511_013931,2024-04-24T13:30:00+00:00,2024-04-24T18:15:00+00:00,ml_trader,USDJPY,buy,639.23,155.354063,155.197626,155.835889,3.08,0.808,-100.1994,0.1001,sl_full,backtest_round_2,test,2023-08-07,2025-08-05,2886f4ec73486b28db23f14b1be5e8c9e51f8272018bea56d83ba240088dfbb0,bt_20260511_013931_000068
bt_20260511_013931,2024-04-24T16:30:00+00:00,2024-04-24T17:00:00+00:00,ml_trader,USDJPY,buy,945.25,155.383075,155.277284,155.642371,2.45,0.706,-100.1999,0.1001,sl_full,backtest_round_2,test,2023-08-07,2025-08-05,2886f4ec73486b28db23f14b1be5e8c9e51f8272018bea56d83ba240088dfbb0,bt_20260511_013931_000069
bt_20260511_013931,2024-04-24T17:00:00+00:00,2024-04-25T00:45:00+00:00,ml_trader,USDJPY,buy,863.89,155.255044,155.139288,155.511906,2.22,0.631,217.7413,0.218,be_or_trail,backtest_round_2,test,2023-08-07,2025-08-05,2886f4ec73486b28db23f14b1be5e8c9e51f8272018bea56d83ba240088dfbb0,bt_20260511_013931_000070
bt_20260511_013931,2024-04-25T07:00:00+00:00,2024-04-25T08:30:00+00:00,ml_trader,EURJPY,buy,563.74,166.813355,166.635966,167.33328,2.93,0.789,-100.201,0.1001,sl_full,backtest_round_2,test,2023-08-07,2025-08-05,2886f4ec73486b28db23f14b1be5e8c9e51f8272018bea56d83ba240088dfbb0,bt_20260511_013931_000071
bt_20260511_013931,2024-04-25T07:30:00+00:00,2024-04-25T08:30:00+00:00,ml_trader,EURJPY,buy,539.57,166.768348,166.583016,167.244278,2.57,0.731,-100.1993,0.1001,sl_full,backtest_round_2,test,2023-08-07,2025-08-05,2886f4ec73486b28db23f14b1be5e8c9e51f8272018bea56d83ba240088dfbb0,bt_20260511_013931_000072
bt_20260511_013931,2024-04-25T07:45:00+00:00,2024-04-25T08:30:00+00:00,ml_trader,EURJPY,buy,562.83,166.79736,166.619688,167.220399,2.38,0.687,-100.1995,0.1001,sl_full,backtest_round_2,test,2023-08-07,2025-08-05,2886f4ec73486b28db23f14b1be5e8c9e51f8272018bea56d83ba240088dfbb0,bt_20260511_013931_000073
bt_20260511_013931,2024-04-25T08:00:00+00:00,2024-04-25T08:30:00+00:00,ml_trader,EURJPY,buy,586.76,166.787349,166.616921,167.163483,2.21,0.624,-100.2004,0.1001,sl_full,backtest_round_2,test,2023-08-07,2025-08-05,2886f4ec73486b28db23f14b1be5e8c9e51f8272018bea56d83ba240088dfbb0,bt_20260511_013931_000074
bt_20260511_013931,2024-05-15T09:30:00+00:00,2024-05-17T13:15:00+00:00,ml_trader,XAUUSD,buy,8.19,2362.160326,2349.95432,2410.98435,4.0,0.903,405.5898,0.406,time_exit,backtest_round_2,test,2023-08-07,2025-08-05,2886f4ec73486b28db23f14b1be5e8c9e51f8272018bea56d83ba240088dfbb0,bt_20260511_013931_000075
bt_20260511_013931,2024-05-15T09:45:00+00:00,2024-05-17T13:30:00+00:00,ml_trader,XAUUSD,buy,7.13,2358.526543,2344.499085,2399.360471,2.91,0.786,338.75,0.3391,time_exit,backtest_round_2,test,2023-08-07,2025-08-05,2886f4ec73486b28db23f14b1be5e8c9e51f8272018bea56d83ba240088dfbb0,bt_20260511_013931_000076
bt_20260511_013931,2024-05-17T16:15:00+00:00,2024-05-20T01:30:00+00:00,ml_trader,XAUUSD,buy,15.38,2416.301279,2409.797816,2436.592082,3.12,0.812,370.4483,0.3708,be_or_trail,backtest_round_2,test,2023-08-07,2025-08-05,2886f4ec73486b28db23f14b1be5e8c9e51f8272018bea56d83ba240088dfbb0,bt_20260511_013931_000077
bt_20260511_013931,2024-05-17T16:45:00+00:00,2024-05-20T03:15:00+00:00,ml_trader,GBPJPY,buy,582.56,197.685525,197.513869,198.372149,4.0,0.932,-100.2,0.1001,sl_full,backtest_round_2,test,2023-08-07,2025-08-05,2886f4ec73486b28db23f14b1be5e8c9e51f8272018bea56d83ba240088dfbb0,bt_20260511_013931_000078
bt_20260511_013931,2024-05-17T16:45:00+00:00,2024-05-20T01:30:00+00:00,ml_trader,XAUUSD,buy,12.7,2415.007807,2407.133816,2434.322709,2.45,0.707,317.3135,0.3176,tp2,backtest_round_2,test,2023-08-07,2025-08-05,2886f4ec73486b28db23f14b1be5e8c9e51f8272018bea56d83ba240088dfbb0,bt_20260511_013931_000079
bt_20260511_013931,2024-05-21T09:30:00+00:00,2024-05-21T09:45:00+00:00,ml_trader,EURJPY,buy,1046.8,169.542904,169.447375,169.925021,4.0,0.911,-100.2,0.1001,sl_full,backtest_round_2,test,2023-08-07,2025-08-05,2886f4ec73486b28db23f14b1be5e8c9e51f8272018bea56d83ba240088dfbb0,bt_20260511_013931_000080
bt_20260511_013931,2024-05-23T14:15:00+00:00,2024-05-23T17:00:00+00:00,ml_trader,GBPJPY,buy,691.53,199.146816,199.00221,199.469578,2.23,0.639,-100.1998,0.1001,sl_full,backtest_round_2,test,2023-08-07,2025-08-05,2886f4ec73486b28db23f14b1be5e8c9e51f8272018bea56d83ba240088dfbb0,bt_20260511_013931_000081
bt_20260511_013931,2024-06-26T14:30:00+00:00,2024-06-27T00:45:00+00:00,ml_trader,GBPUSD,sell,80026.29,1.262108,1.263357,1.257234,3.9,0.89,-100.2001,0.1001,sl_full,backtest_round_2,test,2023-08-07,2025-08-05,2886f4ec73486b28db23f14b1be5e8c9e51f8272018bea56d83ba240088dfbb0,bt_20260511_013931_000082
bt_20260511_013931,2024-06-26T15:00:00+00:00,2024-06-26T21:45:00+00:00,ml_trader,GBPUSD,sell,86558.36,1.261468,1.262623,1.258072,2.94,0.79,-100.2001,0.1001,sl_full,backtest_round_2,test,2023-08-07,2025-08-05,2886f4ec73486b28db23f14b1be5e8c9e51f8272018bea56d83ba240088dfbb0,bt_20260511_013931_000083
bt_20260511_013931,2024-07-01T09:15:00+00:00,2024-07-01T10:00:00+00:00,ml_trader,EURJPY,buy,438.75,173.640724,173.412802,174.536459,3.93,0.893,-100.2011,0.1001,sl_full,backtest_round_2,test,2023-08-07,2025-08-05,2886f4ec73486b28db23f14b1be5e8c9e51f8272018bea56d83ba240088dfbb0,bt_20260511_013931_000084
bt_20260511_013931,2024-07-01T10:15:00+00:00,2024-07-01T11:30:00+00:00,ml_trader,EURJPY,buy,416.72,173.512692,173.272724,174.281552,3.2,0.82,-100.1998,0.1001,sl_full,backtest_round_2,test,2023-08-07,2025-08-05,2886f4ec73486b28db23f14b1be5e8c9e51f8272018bea56d83ba240088dfbb0,bt_20260511_013931_000085
bt_20260511_013931,2024-07-02T17:45:00+00:00,2024-07-03T03:45:00+00:00,ml_trader,GBPJPY,buy,471.93,204.75394,204.542043,205.391752,3.01,0.801,279.5112,0.2798,be_or_trail,backtest_round_2,test,2023-08-07,2025-08-05,2886f4ec73486b28db23f14b1be5e8c9e51f8272018bea56d83ba240088dfbb0,bt_20260511_013931_000086
bt_20260511_013931,2024-07-03T07:15:00+00:00,2024-07-03T10:00:00+00:00,ml_trader,EURJPY,buy,555.4,174.21083,174.03078,174.660235,2.5,0.719,-100.1999,0.1001,sl_full,backtest_round_2,test,2023-08-07,2025-08-05,2886f4ec73486b28db23f14b1be5e8c9e51f8272018bea56d83ba240088dfbb0,bt_20260511_013931_000087
bt_20260511_013931,2024-07-03T08:00:00+00:00,2024-07-03T10:00:00+00:00,ml_trader,EURJPY,buy,612.81,174.164831,174.001649,174.530522,2.24,0.645,-100.1998,0.1001,sl_full,backtest_round_2,test,2023-08-07,2025-08-05,2886f4ec73486b28db23f14b1be5e8c9e51f8272018bea56d83ba240088dfbb0,bt_20260511_013931_000088
bt_20260511_013931,2024-07-10T14:00:00+00:00,2024-07-10T17:45:00+00:00,ml_trader,GBPJPY,buy,615.66,207.73354,207.571112,208.383249,4.0,0.931,-100.2002,0.1001,sl_full,backtest_round_2,test,2023-08-07,2025-08-05,2886f4ec73486b28db23f14b1be5e8c9e51f8272018bea56d83ba240088dfbb0,bt_20260511_013931_000089
bt_20260511_013931,2024-07-10T16:45:00+00:00,2024-07-10T17:00:00+00:00,ml_trader,EURJPY,buy,945.06,175.096017,174.990203,175.519271,4.0,0.903,-100.2003,0.1001,sl_full,backtest_round_2,test,2023-08-07,2025-08-05,2886f4ec73486b28db23f14b1be5e8c9e51f8272018bea56d83ba240088dfbb0,bt_20260511_013931_000090
bt_20260511_013931,2024-07-10T17:00:00+00:00,2024-07-11T07:00:00+00:00,ml_trader,GBPJPY,buy,757.17,207.67353,207.541459,207.992085,2.41,0.695,231.4116,0.2316,be_or_trail,backtest_round_2,test,2023-08-07,2025-08-05,2886f4ec73486b28db23f14b1be5e8c9e51f8272018bea56d83ba240088dfbb0,bt_20260511_013931_000091
bt_20260511_013931,2024-07-11T07:00:00+00:00,2024-07-11T08:30:00+00:00,ml_trader,GBPJPY,buy,630.95,208.032596,207.874104,208.422484,2.46,0.709,-100.2001,0.1001,sl_full,backtest_round_2,test,2023-08-07,2025-08-05,2886f4ec73486b28db23f14b1be5e8c9e51f8272018bea56d83ba240088dfbb0,bt_20260511_013931_000092
bt_20260511_013931,2024-07-11T07:15:00+00:00,2024-07-11T08:30:00+00:00,ml_trader,GBPJPY,buy,660.93,208.0186,207.867298,208.354341,2.22,0.631,-100.2006,0.1001,sl_full,backtest_round_2,test,2023-08-07,2025-08-05,2886f4ec73486b28db23f14b1be5e8c9e51f8272018bea56d83ba240088dfbb0,bt_20260511_013931_000093
bt_20260511_013931,2024-07-11T15:15:00+00:00,2024-07-12T10:45:00+00:00,ml_trader,EURUSD,buy,109775.41,1.086737,1.085826,1.089743,3.3,0.83,355.7723,0.3561,be_or_trail,backtest_round_2,test,2023-08-07,2025-08-05,2886f4ec73486b28db23f14b1be5e8c9e51f8272018bea56d83ba240088dfbb0,bt_20260511_013931_000094
bt_20260511_013931,2024-07-11T15:30:00+00:00,2024-07-12T09:00:00+00:00,ml_trader,EURUSD,buy,112809.96,1.086647,1.085761,1.088943,2.59,0.734,246.5269,0.2468,be_or_trail,backtest_round_2,test,2023-08-07,2025-08-05,2886f4ec73486b28db23f14b1be5e8c9e51f8272018bea56d83ba240088dfbb0,bt_20260511_013931_000095
bt_20260511_013931,2024-07-11T15:45:00+00:00,2024-07-12T08:30:00+00:00,ml_trader,EURUSD,buy,120303.19,1.086687,1.085856,1.088543,2.23,0.64,221.7867,0.222,be_or_trail,backtest_round_2,test,2023-08-07,2025-08-05,2886f4ec73486b28db23f14b1be5e8c9e51f8272018bea56d83ba240088dfbb0,bt_20260511_013931_000096
bt_20260511_013931,2024-07-17T09:30:00+00:00,2024-07-17T11:00:00+00:00,ml_trader,EURUSD,buy,84509.17,1.093989,1.092805,1.098675,3.96,0.896,-100.2001,0.1001,sl_full,backtest_round_2,test,2023-08-07,2025-08-05,2886f4ec73486b28db23f14b1be5e8c9e51f8272018bea56d83ba240088dfbb0,bt_20260511_013931_000097
bt_20260511_013931,2024-07-17T09:30:00+00:00,2024-07-17T10:00:00+00:00,ml_trader,GBPUSD,buy,69306.85,1.303231,1.301788,1.30867,3.77,0.877,-100.2001,0.1001,sl_full,backtest_round_2,test,2023-08-07,2025-08-05,2886f4ec73486b28db23f14b1be5e8c9e51f8272018bea56d83ba240088dfbb0,bt_20260511_013931_000098
bt_20260511_013931,2024-07-17T09:45:00+00:00,2024-07-17T10:00:00+00:00,ml_trader,GBPUSD,buy,69383.95,1.303391,1.301949,1.307658,2.96,0.794,-100.2001,0.1001,sl_full,backtest_round_2,test,2023-08-07,2025-08-05,2886f4ec73486b28db23f14b1be5e8c9e51f8272018bea56d83ba240088dfbb0,bt_20260511_013931_000099
bt_20260511_013931,2024-07-17T10:00:00+00:00,2024-07-17T12:15:00+00:00,ml_trader,EURUSD,buy,84291.6,1.093589,1.092402,1.096997,2.87,0.78,-100.2001,0.1001,sl_full,backtest_round_2,test,2023-08-07,2025-08-05,2886f4ec73486b28db23f14b1be5e8c9e51f8272018bea56d83ba240088dfbb0,bt_20260511_013931_000100
bt_20260511_013931,2024-07-17T10:00:00+00:00,2024-07-17T11:00:00+00:00,ml_trader,GBPUSD,buy,61440.52,1.30215,1.300523,1.305998,2.36,0.682,-100.2001,0.1001,sl_full,backtest_round_2,test,2023-08-07,2025-08-05,2886f4ec73486b28db23f14b1be5e8c9e51f8272018bea56d83ba240088dfbb0,bt_20260511_013931_000101
bt_20260511_013931,2024-07-17T10:15:00+00:00,2024-07-17T11:00:00+00:00,ml_trader,EURUSD,buy,87305.64,1.093929,1.092783,1.096663,2.39,0.688,-100.2001,0.1001,sl_full,backtest_round_2,test,2023-08-07,2025-08-05,2886f4ec73486b28db23f14b1be5e8c9e51f8272018bea56d83ba240088dfbb0,bt_20260511_013931_000102
bt_20260511_013931,2024-07-17T10:45:00+00:00,2024-07-18T09:00:00+00:00,ml_trader,EURUSD,buy,90820.4,1.093469,1.092368,1.095902,2.21,0.626,-100.2001,0.1001,sl_full,backtest_round_2,test,2023-08-07,2025-08-05,2886f4ec73486b28db23f14b1be5e8c9e51f8272018bea56d83ba240088dfbb0,bt_20260511_013931_000103
bt_20260511_013931,2024-07-23T08:45:00+00:00,2024-07-24T00:00:00+00:00,ml_trader,EURJPY,sell,365.7,169.347121,169.620566,168.327167,3.73,0.873,410.8633,0.4113,be_or_trail,backtest_round_2,test,2023-08-07,2025-08-05,2886f4ec73486b28db23f14b1be5e8c9e51f8272018bea56d83ba240088dfbb0,bt_20260511_013931_000104
bt_20260511_013931,2024-07-23T09:30:00+00:00,2024-07-23T22:45:00+00:00,ml_trader,EURJPY,sell,379.31,169.347121,169.610756,168.502433,3.2,0.82,307.3941,0.3077,be_or_trail,backtest_round_2,test,2023-08-07,2025-08-05,2886f4ec73486b28db23f14b1be5e8c9e51f8272018bea56d83ba240088dfbb0,bt_20260511_013931_000105
bt_20260511_013931,2024-07-23T10:30:00+00:00,2024-07-23T21:30:00+00:00,ml_trader,EURJPY,sell,389.37,169.244144,169.500967,168.655765,2.29,0.662,228.4047,0.2286,be_or_trail,backtest_round_2,test,2023-08-07,2025-08-05,2886f4ec73486b28db23f14b1be5e8c9e51f8272018bea56d83ba240088dfbb0,bt_20260511_013931_000106
bt_20260511_013931,2024-07-23T16:45:00+00:00,2024-07-23T19:00:00+00:00,ml_trader,USDJPY,sell,747.1,155.520892,155.654743,154.998873,3.9,0.89,-100.2002,0.1001,sl_full,backtest_round_2,test,2023-08-07,2025-08-05,2886f4ec73486b28db23f14b1be5e8c9e51f8272018bea56d83ba240088dfbb0,bt_20260511_013931_000107
bt_20260511_013931,2024-07-23T17:30:00+00:00,2024-07-23T19:00:00+00:00,ml_trader,GBPJPY,sell,594.12,200.752841,200.921157,200.177199,3.42,0.842,-100.2001,0.1001,sl_full,backtest_round_2,test,2023-08-07,2025-08-05,2886f4ec73486b28db23f14b1be5e8c9e51f8272018bea56d83ba240088dfbb0,bt_20260511_013931_000108
bt_20260511_013931,2024-07-23T17:30:00+00:00,2024-07-23T19:00:00+00:00,ml_trader,USDJPY,sell,855.55,155.535888,155.652772,155.187806,2.98,0.796,-100.2005,0.1001,sl_full,backtest_round_2,test,2023-08-07,2025-08-05,2886f4ec73486b28db23f14b1be5e8c9e51f8272018bea56d83ba240088dfbb0,bt_20260511_013931_000109
bt_20260511_013931,2024-07-23T17:45:00+00:00,2024-07-23T19:00:00+00:00,ml_trader,GBPJPY,sell,647.55,200.756838,200.911267,200.340651,2.69,0.751,-100.2008,0.1001,sl_full,backtest_round_2,test,2023-08-07,2025-08-05,2886f4ec73486b28db23f14b1be5e8c9e51f8272018bea56d83ba240088dfbb0,bt_20260511_013931_000110
bt_20260511_013931,2024-08-02T07:00:00+00:00,2024-08-02T09:15:00+00:00,ml_trader,GBPJPY,sell,229.16,189.68906,190.125445,188.048252,3.76,0.876,188.7714,0.189,be_or_trail,backtest_round_2,test,2023-08-07,2025-08-05,2886f4ec73486b28db23f14b1be5e8c9e51f8272018bea56d83ba240088dfbb0,bt_20260511_013931_000111
bt_20260511_013931,2024-08-13T13:00:00+00:00,2024-08-14T06:30:00+00:00,ml_trader,EURUSD,buy,87426.82,1.097579,1.096436,1.102155,4.0,0.936,385.2894,0.3857,be_or_trail,backtest_round_2,test,2023-08-07,2025-08-05,2886f4ec73486b28db23f14b1be5e8c9e51f8272018bea56d83ba240088dfbb0,bt_20260511_013931_000112
bt_20260511_013931,2024-08-19T08:00:00+00:00,2024-08-19T09:00:00+00:00,ml_trader,EURUSD,buy,106972.86,1.104321,1.103386,1.10806,4.0,0.944,-100.2001,0.1001,sl_full,backtest_round_2,test,2023-08-07,2025-08-05,2886f4ec73486b28db23f14b1be5e8c9e51f8272018bea56d83ba240088dfbb0,bt_20260511_013931_000113
bt_20260511_013931,2024-08-19T08:45:00+00:00,2024-08-19T09:00:00+00:00,ml_trader,EURUSD,buy,111662.67,1.104111,1.103215,1.106949,3.17,0.817,-100.2001,0.1001,sl_full,backtest_round_2,test,2023-08-07,2025-08-05,2886f4ec73486b28db23f14b1be5e8c9e51f8272018bea56d83ba240088dfbb0,bt_20260511_013931_000114
bt_20260511_013931,2024-08-19T09:00:00+00:00,2024-08-19T11:15:00+00:00,ml_trader,EURUSD,buy,101886.09,1.103631,1.102649,1.106059,2.47,0.713,242.8591,0.2431,be_or_trail,backtest_round_2,test,2023-08-07,2025-08-05,2886f4ec73486b28db23f14b1be5e8c9e51f8272018bea56d83ba240088dfbb0,bt_20260511_013931_000115
bt_20260511_013931,2024-08-26T11:45:00+00:00,2024-08-27T21:45:00+00:00,ml_trader,GBPUSD,buy,59479.23,1.318714,1.317032,1.324564,3.48,0.848,356.1353,0.3565,be_or_trail,backtest_round_2,test,2023-08-07,2025-08-05,2886f4ec73486b28db23f14b1be5e8c9e51f8272018bea56d83ba240088dfbb0,bt_20260511_013931_000116
bt_20260511_013931,2024-09-13T07:15:00+00:00,2024-09-17T11:00:00+00:00,ml_trader,XAUUSD,buy,17.07,2566.628213,2560.770052,2588.479153,3.73,0.873,257.5442,0.2578,time_exit,backtest_round_2,test,2023-08-07,2025-08-05,2886f4ec73486b28db23f14b1be5e8c9e51f8272018bea56d83ba240088dfbb0,bt_20260511_013931_000117
bt_20260511_013931,2024-09-13T07:30:00+00:00,2024-09-13T15:00:00+00:00,ml_trader,XAUUSD,buy,16.33,2564.697896,2558.573846,2581.238954,2.7,0.752,259.2254,0.2595,be_or_trail,backtest_round_2,test,2023-08-07,2025-08-05,2886f4ec73486b28db23f14b1be5e8c9e51f8272018bea56d83ba240088dfbb0,bt_20260511_013931_000118
bt_20260511_013931,2024-09-13T07:45:00+00:00,2024-09-16T03:00:00+00:00,ml_trader,XAUUSD,buy,15.36,2567.678472,2561.168655,2583.360622,2.41,0.695,248.4989,0.2487,be_or_trail,backtest_round_2,test,2023-08-07,2025-08-05,2886f4ec73486b28db23f14b1be5e8c9e51f8272018bea56d83ba240088dfbb0,bt_20260511_013931_000119
bt_20260511_013931,2024-09-13T09:45:00+00:00,2024-09-13T10:30:00+00:00,ml_trader,USDJPY,sell,256.37,140.323935,140.713996,138.974323,3.46,0.846,-100.2001,0.1001,sl_full,backtest_round_2,test,2023-08-07,2025-08-05,2886f4ec73486b28db23f14b1be5e8c9e51f8272018bea56d83ba240088dfbb0,bt_20260511_013931_000120
bt_20260511_013931,2024-09-13T10:30:00+00:00,2024-09-16T19:15:00+00:00,ml_trader,USDJPY,sell,244.7,140.693856,141.102513,139.431514,3.09,0.809,-100.1985,0.1001,sl_full,backtest_round_2,test,2023-08-07,2025-08-05,2886f4ec73486b28db23f14b1be5e8c9e51f8272018bea56d83ba240088dfbb0,bt_20260511_013931_000121
bt_20260511_013931,2024-09-13T11:45:00+00:00,2024-09-16T09:15:00+00:00,ml_trader,EURJPY,sell,278.31,155.889821,156.249128,154.452594,4.0,0.908,-100.1988,0.1001,sl_full,backtest_round_2,test,2023-08-07,2025-08-05,2886f4ec73486b28db23f14b1be5e8c9e51f8272018bea56d83ba240088dfbb0,bt_20260511_013931_000122
bt_20260511_013931,2024-09-13T12:00:00+00:00,2024-09-13T13:00:00+00:00,ml_trader,EURJPY,sell,283.98,155.807837,156.159977,154.673239,3.22,0.822,-100.201,0.1001,sl_full,backtest_round_2,test,2023-08-07,2025-08-05,2886f4ec73486b28db23f14b1be5e8c9e51f8272018bea56d83ba240088dfbb0,bt_20260511_013931_000123
bt_20260511_013931,2024-09-13T12:15:00+00:00,2024-09-16T09:30:00+00:00,ml_trader,EURJPY,sell,285.08,155.979799,156.330578,155.046377,2.66,0.746,-100.2001,0.1001,sl_full,backtest_round_2,test,2023-08-07,2025-08-05,2886f4ec73486b28db23f14b1be5e8c9e51f8272018bea56d83ba240088dfbb0,bt_20260511_013931_000124
bt_20260511_013931,2024-09-16T10:00:00+00:00,2024-09-16T11:00:00+00:00,ml_trader,GBPJPY,sell,666.34,185.533885,185.683958,184.933592,4.0,0.914,-100.1998,0.1001,sl_full,backtest_round_2,test,2023-08-07,2025-08-05,2886f4ec73486b28db23f14b1be5e8c9e51f8272018bea56d83ba240088dfbb0,bt_20260511_013931_000125
bt_20260511_013931,2024-09-16T10:15:00+00:00,2024-09-16T11:00:00+00:00,ml_trader,GBPJPY,sell,486.57,185.477896,185.683416,184.812217,3.24,0.824,-100.2,0.1001,sl_full,backtest_round_2,test,2023-08-07,2025-08-05,2886f4ec73486b28db23f14b1be5e8c9e51f8272018bea56d83ba240088dfbb0,bt_20260511_013931_000126
bt_20260511_013931,2024-09-20T07:00:00+00:00,2024-09-20T09:30:00+00:00,ml_trader,XAUUSD,buy,15.29,2612.470388,2605.928729,2635.889525,3.58,0.858,-100.2221,0.1001,sl_full,backtest_round_2,test,2023-08-07,2025-08-05,2886f4ec73486b28db23f14b1be5e8c9e51f8272018bea56d83ba240088dfbb0,bt_20260511_013931_000127
bt_20260511_013931,2024-09-20T09:30:00+00:00,2024-09-23T11:00:00+00:00,ml_trader,XAUUSD,buy,10.86,2605.486081,2596.275488,2630.207313,2.68,0.749,255.5833,0.2558,be_or_trail,backtest_round_2,test,2023-08-07,2025-08-05,2886f4ec73486b28db23f14b1be5e8c9e51f8272018bea56d83ba240088dfbb0,bt_20260511_013931_000128
bt_20260511_013931,2024-09-20T09:45:00+00:00,2024-09-23T11:00:00+00:00,ml_trader,XAUUSD,buy,10.51,2607.066231,2597.549935,2630.095666,2.42,0.698,228.9734,0.2292,be_or_trail,backtest_round_2,test,2023-08-07,2025-08-05,2886f4ec73486b28db23f14b1be5e8c9e51f8272018bea56d83ba240088dfbb0,bt_20260511_013931_000129
bt_20260511_013931,2024-10-14T16:30:00+00:00,2024-10-14T20:00:00+00:00,ml_trader,USDJPY,buy,841.88,149.747946,149.629164,150.073052,2.74,0.758,-100.2002,0.1001,sl_full,backtest_round_2,test,2023-08-07,2025-08-05,2886f4ec73486b28db23f14b1be5e8c9e51f8272018bea56d83ba240088dfbb0,bt_20260511_013931_000130
bt_20260511_013931,2024-10-14T17:30:00+00:00,2024-10-14T19:15:00+00:00,ml_trader,USDJPY,buy,865.02,149.788954,149.673351,150.086403,2.57,0.732,-100.1998,0.1001,sl_full,backtest_round_2,test,2023-08-07,2025-08-05,2886f4ec73486b28db23f14b1be5e8c9e51f8272018bea56d83ba240088dfbb0,bt_20260511_013931_000131
bt_20260511_013931,2024-10-14T17:45:00+00:00,2024-10-14T19:15:00+00:00,ml_trader,USDJPY,buy,901.04,149.786955,149.675972,150.048987,2.36,0.681,-100.2004,0.1001,sl_full,backtest_round_2,test,2023-08-07,2025-08-05,2886f4ec73486b28db23f14b1be5e8c9e51f8272018bea56d83ba240088dfbb0,bt_20260511_013931_000132
bt_20260511_013931,2024-10-21T09:15:00+00:00,2024-10-21T10:30:00+00:00,ml_trader,XAUUSD,buy,13.98,2736.472234,2729.31949,2757.65866,2.96,0.794,-100.1954,0.1001,sl_full,backtest_round_2,test,2023-08-07,2025-08-05,2886f4ec73486b28db23f14b1be5e8c9e51f8272018bea56d83ba240088dfbb0,bt_20260511_013931_000133
bt_20260511_013931,2024-10-22T16:45:00+00:00,2024-10-22T21:15:00+00:00,ml_trader,XAUUSD,buy,21.85,2749.074607,2744.498027,2767.380929,4.0,0.929,-100.1984,0.1001,sl_full,backtest_round_2,test,2023-08-07,2025-08-05,2886f4ec73486b28db23f14b1be5e8c9e51f8272018bea56d83ba240088dfbb0,bt_20260511_013931_000134
bt_20260511_013931,2024-10-23T10:30:00+00:00,2024-10-23T11:15:00+00:00,ml_trader,GBPJPY,buy,255.07,198.195637,197.803581,199.516868,3.37,0.837,-100.202,0.1001,sl_full,backtest_round_2,test,2023-08-07,2025-08-05,2886f4ec73486b28db23f14b1be5e8c9e51f8272018bea56d83ba240088dfbb0,bt_20260511_013931_000135
bt_20260511_013931,2024-10-23T10:30:00+00:00,2024-10-23T11:30:00+00:00,ml_trader,USDJPY,buy,407.89,153.04461,152.799444,154.005662,3.92,0.892,-100.2009,0.1001,sl_full,backtest_round_2,test,2023-08-07,2025-08-05,2886f4ec73486b28db23f14b1be5e8c9e51f8272018bea56d83ba240088dfbb0,bt_20260511_013931_000136
bt_20260511_013931,2024-10-23T10:45:00+00:00,2024-10-23T11:15:00+00:00,ml_trader,GBPJPY,buy,262.7,198.161618,197.780959,199.213001,2.76,0.762,-100.1994,0.1001,sl_full,backtest_round_2,test,2023-08-07,2025-08-05,2886f4ec73486b28db23f14b1be5e8c9e51f8272018bea56d83ba240088dfbb0,bt_20260511_013931_000137
bt_20260511_013931,2024-10-23T11:00:00+00:00,2024-10-23T14:00:00+00:00,ml_trader,USDJPY,buy,395.11,152.897578,152.644483,153.648509,2.97,0.795,-100.2002,0.1001,sl_full,backtest_round_2,test,2023-08-07,2025-08-05,2886f4ec73486b28db23f14b1be5e8c9e51f8272018bea56d83ba240088dfbb0,bt_20260511_013931_000138
bt_20260511_013931,2024-10-23T12:15:00+00:00,2024-10-23T14:00:00+00:00,ml_trader,EURJPY,buy,463.94,164.723932,164.50839,165.506353,3.63,0.863,-100.199,0.1001,sl_full,backtest_round_2,test,2023-08-07,2025-08-05,2886f4ec73486b28db23f14b1be5e8c9e51f8272018bea56d83ba240088dfbb0,bt_20260511_013931_000139
bt_20260511_013931,2024-10-23T12:30:00+00:00,2024-10-23T13:45:00+00:00,ml_trader,EURJPY,buy,474.37,164.764941,164.554137,165.368051,2.86,0.778,-100.1991,0.1001,sl_full,backtest_round_2,test,2023-08-07,2025-08-05,2886f4ec73486b28db23f14b1be5e8c9e51f8272018bea56d83ba240088dfbb0,bt_20260511_013931_000140
bt_20260511_013931,2024-10-23T12:45:00+00:00,2024-10-23T14:00:00+00:00,ml_trader,EURJPY,buy,493.39,164.709937,164.507259,165.186232,2.35,0.678,-100.1996,0.1001,sl_full,backtest_round_2,test,2023-08-07,2025-08-05,2886f4ec73486b28db23f14b1be5e8c9e51f8272018bea56d83ba240088dfbb0,bt_20260511_013931_000141
bt_20260511_013931,2024-10-28T15:15:00+00:00,2024-10-28T16:00:00+00:00,ml_trader,EURJPY,buy,721.12,165.792154,165.653481,166.270578,3.45,0.845,-100.2004,0.1001,sl_full,backtest_round_2,test,2023-08-07,2025-08-05,2886f4ec73486b28db23f14b1be5e8c9e51f8272018bea56d83ba240088dfbb0,bt_20260511_013931_000142
bt_20260511_013931,2024-10-28T15:30:00+00:00,2024-10-28T16:00:00+00:00,ml_trader,EURJPY,buy,742.92,165.792154,165.65755,166.152759,2.68,0.749,-100.2001,0.1001,sl_full,backtest_round_2,test,2023-08-07,2025-08-05,2886f4ec73486b28db23f14b1be5e8c9e51f8272018bea56d83ba240088dfbb0,bt_20260511_013931_000143
bt_20260511_013931,2024-10-28T15:45:00+00:00,2024-10-28T19:00:00+00:00,ml_trader,EURJPY,buy,752.62,165.755145,165.622275,166.061409,2.31,0.665,-100.2005,0.1001,sl_full,backtest_round_2,test,2023-08-07,2025-08-05,2886f4ec73486b28db23f14b1be5e8c9e51f8272018bea56d83ba240088dfbb0,bt_20260511_013931_000144
bt_20260511_013931,2024-10-29T13:15:00+00:00,2024-10-31T08:30:00+00:00,ml_trader,XAUUSD,buy,13.42,2772.749507,2765.295861,2798.539125,3.46,0.846,-100.2281,0.1001,sl_full,backtest_round_2,test,2023-08-07,2025-08-05,2886f4ec73486b28db23f14b1be5e8c9e51f8272018bea56d83ba240088dfbb0,bt_20260511_013931_000145
bt_20260511_013931,2024-10-29T13:30:00+00:00,2024-10-31T08:15:00+00:00,ml_trader,XAUUSD,buy,14.39,2772.862567,2765.914659,2793.588178,2.98,0.797,-100.1805,0.1001,sl_full,backtest_round_2,test,2023-08-07,2025-08-05,2886f4ec73486b28db23f14b1be5e8c9e51f8272018bea56d83ba240088dfbb0,bt_20260511_013931_000146
bt_20260511_013931,2024-10-30T08:00:00+00:00,2024-10-30T08:15:00+00:00,ml_trader,XAUUSD,buy,12.84,2787.482434,2779.695176,2806.093981,2.39,0.689,-100.1885,0.1001,sl_full,backtest_round_2,test,2023-08-07,2025-08-05,2886f4ec73486b28db23f14b1be5e8c9e51f8272018bea56d83ba240088dfbb0,bt_20260511_013931_000147
bt_20260511_013931,2024-11-12T08:00:00+00:00,2024-11-13T06:45:00+00:00,ml_trader,EURUSD,sell,70674.3,1.061828,1.063243,1.057583,3.0,0.8,-100.2001,0.1001,sl_full,backtest_round_2,test,2023-08-07,2025-08-05,2886f4ec73486b28db23f14b1be5e8c9e51f8272018bea56d83ba240088dfbb0,bt_20260511_013931_000148
bt_20260511_013931,2024-11-12T08:15:00+00:00,2024-11-13T06:45:00+00:00,ml_trader,EURUSD,sell,70990.77,1.061978,1.063386,1.058243,2.65,0.744,-100.2001,0.1001,sl_full,backtest_round_2,test,2023-08-07,2025-08-05,2886f4ec73486b28db23f14b1be5e8c9e51f8272018bea56d83ba240088dfbb0,bt_20260511_013931_000149
bt_20260511_013931,2024-11-12T08:45:00+00:00,2024-11-13T06:45:00+00:00,ml_trader,EURUSD,sell,69016.17,1.062088,1.063536,1.058723,2.32,0.67,-100.2001,0.1001,sl_full,backtest_round_2,test,2023-08-07,2025-08-05,2886f4ec73486b28db23f14b1be5e8c9e51f8272018bea56d83ba240088dfbb0,bt_20260511_013931_000150
bt_20260511_013931,2024-11-12T12:45:00+00:00,2024-11-12T15:45:00+00:00,ml_trader,EURUSD,sell,69512.13,1.060468,1.061906,1.057256,2.23,0.64,-100.2001,0.1001,sl_full,backtest_round_2,test,2023-08-07,2025-08-05,2886f4ec73486b28db23f14b1be5e8c9e51f8272018bea56d83ba240088dfbb0,bt_20260511_013931_000151
bt_20260511_013931,2024-11-14T09:30:00+00:00,2024-11-14T11:15:00+00:00,ml_trader,GBPUSD,sell,39235.44,1.269046,1.271595,1.262037,2.75,0.76,-100.2001,0.1001,sl_full,backtest_round_2,test,2023-08-07,2025-08-05,2886f4ec73486b28db23f14b1be5e8c9e51f8272018bea56d83ba240088dfbb0,bt_20260511_013931_000152
bt_20260511_013931,2024-11-21T15:00:00+00:00,2024-11-22T03:00:00+00:00,ml_trader,EURUSD,sell,69636.0,1.04801,1.049446,1.042266,4.0,0.914,-100.2001,0.1001,sl_full,backtest_round_2,test,2023-08-07,2025-08-05,2886f4ec73486b28db23f14b1be5e8c9e51f8272018bea56d83ba240088dfbb0,bt_20260511_013931_000153
bt_20260511_013931,2024-11-21T15:15:00+00:00,2024-11-22T03:00:00+00:00,ml_trader,EURUSD,sell,73611.82,1.0478,1.049159,1.043569,3.12,0.812,-100.2001,0.1001,sl_full,backtest_round_2,test,2023-08-07,2025-08-05,2886f4ec73486b28db23f14b1be5e8c9e51f8272018bea56d83ba240088dfbb0,bt_20260511_013931_000154
bt_20260511_013931,2024-11-21T17:00:00+00:00,2024-11-22T02:30:00+00:00,ml_trader,EURUSD,sell,108287.22,1.047091,1.048014,1.044827,2.45,0.706,-100.2001,0.1001,sl_full,backtest_round_2,test,2023-08-07,2025-08-05,2886f4ec73486b28db23f14b1be5e8c9e51f8272018bea56d83ba240088dfbb0,bt_20260511_013931_000155
bt_20260511_013931,2024-11-27T07:30:00+00:00,2024-11-27T10:15:00+00:00,ml_trader,USDJPY,sell,341.6,151.481691,151.774428,150.421981,3.62,0.862,-100.1992,0.1001,sl_full,backtest_round_2,test,2023-08-07,2025-08-05,2886f4ec73486b28db23f14b1be5e8c9e51f8272018bea56d83ba240088dfbb0,bt_20260511_013931_000156
bt_20260511_013931,2024-11-27T08:00:00+00:00,2024-11-27T09:00:00+00:00,ml_trader,GBPJPY,sell,270.84,191.281743,191.650963,190.163007,3.03,0.803,-100.1996,0.1001,sl_full,backtest_round_2,test,2023-08-07,2025-08-05,2886f4ec73486b28db23f14b1be5e8c9e51f8272018bea56d83ba240088dfbb0,bt_20260511_013931_000157
bt_20260511_013931,2024-11-27T08:45:00+00:00,2024-11-27T10:00:00+00:00,ml_trader,USDJPY,sell,347.97,151.297737,151.585122,150.417765,3.06,0.806,-100.2014,0.1001,sl_full,backtest_round_2,test,2023-08-07,2025-08-05,2886f4ec73486b28db23f14b1be5e8c9e51f8272018bea56d83ba240088dfbb0,bt_20260511_013931_000158
bt_20260511_013931,2024-11-29T08:45:00+00:00,2024-11-29T10:45:00+00:00,ml_trader,EURJPY,sell,359.88,158.368314,158.646184,157.312407,3.8,0.88,-100.2,0.1001,sl_full,backtest_round_2,test,2023-08-07,2025-08-05,2886f4ec73486b28db23f14b1be5e8c9e51f8272018bea56d83ba240088dfbb0,bt_20260511_013931_000159
bt_20260511_013931,2024-11-29T10:45:00+00:00,2024-11-29T11:15:00+00:00,ml_trader,USDJPY,sell,369.92,150.148965,150.419295,149.186591,3.56,0.856,-100.2005,0.1001,sl_full,backtest_round_2,test,2023-08-07,2025-08-05,2886f4ec73486b28db23f14b1be5e8c9e51f8272018bea56d83ba240088dfbb0,bt_20260511_013931_000160
bt_20260511_013931,2024-12-19T16:00:00+00:00,2024-12-19T21:15:00+00:00,ml_trader,EURJPY,buy,430.2,163.075608,162.843158,164.005409,4.0,0.9,-100.2002,0.1001,sl_full,backtest_round_2,test,2023-08-07,2025-08-05,2886f4ec73486b28db23f14b1be5e8c9e51f8272018bea56d83ba240088dfbb0,bt_20260511_013931_000161
bt_20260511_013931,2024-12-26T14:45:00+00:00,2024-12-26T17:00:00+00:00,ml_trader,EURJPY,buy,623.55,164.616916,164.456545,164.988658,2.32,0.669,-100.1998,0.1001,sl_full,backtest_round_2,test,2023-08-07,2025-08-05,2886f4ec73486b28db23f14b1be5e8c9e51f8272018bea56d83ba240088dfbb0,bt_20260511_013931_000162
bt_20260511_013931,2024-12-26T15:30:00+00:00,2024-12-26T17:00:00+00:00,ml_trader,EURJPY,buy,683.7,164.597915,164.451653,164.963133,2.5,0.719,-100.1999,0.1001,sl_full,backtest_round_2,test,2023-08-07,2025-08-05,2886f4ec73486b28db23f14b1be5e8c9e51f8272018bea56d83ba240088dfbb0,bt_20260511_013931_000163
bt_20260511_013931,2025-01-16T15:15:00+00:00,2025-01-16T20:00:00+00:00,ml_trader,XAUUSD,buy,19.51,2716.108054,2710.981494,2727.550537,2.23,0.639,-100.2193,0.1001,sl_full,backtest_round_2,test,2023-08-07,2025-08-05,2886f4ec73486b28db23f14b1be5e8c9e51f8272018bea56d83ba240088dfbb0,bt_20260511_013931_000164
bt_20260511_013931,2025-01-16T16:00:00+00:00,2025-01-17T02:45:00+00:00,ml_trader,XAUUSD,buy,20.4,2714.477846,2709.575949,2728.531583,2.87,0.779,-100.1988,0.1001,sl_full,backtest_round_2,test,2023-08-07,2025-08-05,2886f4ec73486b28db23f14b1be5e8c9e51f8272018bea56d83ba240088dfbb0,bt_20260511_013931_000165
bt_20260511_013931,2025-01-24T07:15:00+00:00,2025-01-24T11:45:00+00:00,ml_trader,XAUUSD,buy,17.14,2778.890628,2773.05633,2798.552213,3.37,0.837,-100.2,0.1001,sl_full,backtest_round_2,test,2023-08-07,2025-08-05,2886f4ec73486b28db23f14b1be5e8c9e51f8272018bea56d83ba240088dfbb0,bt_20260511_013931_000166
bt_20260511_013931,2025-01-24T08:00:00+00:00,2025-01-24T09:15:00+00:00,ml_trader,XAUUSD,buy,16.99,2782.451399,2776.565382,2799.002876,2.81,0.77,-100.2035,0.1001,sl_full,backtest_round_2,test,2023-08-07,2025-08-05,2886f4ec73486b28db23f14b1be5e8c9e51f8272018bea56d83ba240088dfbb0,bt_20260511_013931_000167
bt_20260511_013931,2025-01-24T08:15:00+00:00,2025-01-24T09:15:00+00:00,ml_trader,XAUUSD,buy,17.32,2782.264349,2776.491656,2796.009133,2.38,0.687,-100.1831,0.1001,sl_full,backtest_round_2,test,2023-08-07,2025-08-05,2886f4ec73486b28db23f14b1be5e8c9e51f8272018bea56d83ba240088dfbb0,bt_20260511_013931_000168
bt_20260511_013931,2025-02-05T07:15:00+00:00,2025-02-05T08:30:00+00:00,ml_trader,XAUUSD,buy,14.36,2869.648766,2862.684695,2892.281997,3.25,0.825,-100.2042,0.1001,sl_full,backtest_round_2,test,2023-08-07,2025-08-05,2886f4ec73486b28db23f14b1be5e8c9e51f8272018bea56d83ba240088dfbb0,bt_20260511_013931_000169
bt_20260511_013931,2025-02-05T07:30:00+00:00,2025-02-05T08:30:00+00:00,ml_trader,XAUUSD,buy,14.28,2867.758496,2860.753503,2885.901426,2.59,0.734,-100.2314,0.1001,sl_full,backtest_round_2,test,2023-08-07,2025-08-05,2886f4ec73486b28db23f14b1be5e8c9e51f8272018bea56d83ba240088dfbb0,bt_20260511_013931_000170
bt_20260511_013931,2025-02-05T08:00:00+00:00,2025-02-05T08:30:00+00:00,ml_trader,XAUUSD,buy,14.36,2868.778719,2861.816221,2885.258952,2.37,0.683,-100.1816,0.1001,sl_full,backtest_round_2,test,2023-08-07,2025-08-05,2886f4ec73486b28db23f14b1be5e8c9e51f8272018bea56d83ba240088dfbb0,bt_20260511_013931_000171
bt_20260511_013931,2025-02-05T13:15:00+00:00,2025-02-05T15:30:00+00:00,ml_trader,EURJPY,sell,448.22,158.669264,158.892369,157.787997,3.95,0.895,-100.2005,0.1001,sl_full,backtest_round_2,test,2023-08-07,2025-08-05,2886f4ec73486b28db23f14b1be5e8c9e51f8272018bea56d83ba240088dfbb0,bt_20260511_013931_000172
bt_20260511_013931,2025-02-05T13:30:00+00:00,2025-02-05T15:15:00+00:00,ml_trader,EURJPY,sell,480.79,158.66426,158.872249,158.049444,2.96,0.793,-100.1992,0.1001,sl_full,backtest_round_2,test,2023-08-07,2025-08-05,2886f4ec73486b28db23f14b1be5e8c9e51f8272018bea56d83ba240088dfbb0,bt_20260511_013931_000173
bt_20260511_013931,2025-02-05T13:45:00+00:00,2025-02-05T15:00:00+00:00,ml_trader,EURJPY,sell,497.32,158.611277,158.812355,158.122254,2.43,0.701,-100.2005,0.1001,sl_full,backtest_round_2,test,2023-08-07,2025-08-05,2886f4ec73486b28db23f14b1be5e8c9e51f8272018bea56d83ba240088dfbb0,bt_20260511_013931_000174
bt_20260511_013931,2025-02-05T14:15:00+00:00,2025-02-05T15:30:00+00:00,ml_trader,EURJPY,sell,524.07,158.705252,158.896067,158.283361,2.21,0.627,-100.2004,0.1001,sl_full,backtest_round_2,test,2023-08-07,2025-08-05,2886f4ec73486b28db23f14b1be5e8c9e51f8272018bea56d83ba240088dfbb0,bt_20260511_013931_000175
bt_20260511_013931,2025-02-10T07:45:00+00:00,2025-02-10T21:00:00+00:00,ml_trader,XAUUSD,buy,13.17,2903.305643,2895.712295,2925.706018,2.95,0.792,391.8065,0.3922,tp2,backtest_round_2,test,2023-08-07,2025-08-05,2886f4ec73486b28db23f14b1be5e8c9e51f8272018bea56d83ba240088dfbb0,bt_20260511_013931_000176
bt_20260511_013931,2025-02-10T09:00:00+00:00,2025-02-10T21:30:00+00:00,ml_trader,XAUUSD,buy,10.54,2901.055193,2891.564104,2927.317035,2.77,0.763,306.0401,0.3063,be_or_trail,backtest_round_2,test,2023-08-07,2025-08-05,2886f4ec73486b28db23f14b1be5e8c9e51f8272018bea56d83ba240088dfbb0,bt_20260511_013931_000177
bt_20260511_013931,2025-02-10T09:15:00+00:00,2025-02-10T21:00:00+00:00,ml_trader,XAUUSD,buy,10.29,2904.805943,2895.088903,2927.320323,2.32,0.669,296.9345,0.2972,tp2,backtest_round_2,test,2023-08-07,2025-08-05,2886f4ec73486b28db23f14b1be5e8c9e51f8272018bea56d83ba240088dfbb0,bt_20260511_013931_000178
bt_20260511_013931,2025-03-05T07:00:00+00:00,2025-03-05T07:45:00+00:00,ml_trader,GBPUSD,buy,48764.79,1.283737,1.281686,1.291078,3.58,0.858,-100.2001,0.1001,sl_full,backtest_round_2,test,2023-08-07,2025-08-05,2886f4ec73486b28db23f14b1be5e8c9e51f8272018bea56d83ba240088dfbb0,bt_20260511_013931_000179
bt_20260511_013931,2025-03-05T07:15:00+00:00,2025-03-05T07:45:00+00:00,ml_trader,GBPUSD,buy,48789.8,1.284457,1.282407,1.290733,3.06,0.806,-100.2001,0.1001,sl_full,backtest_round_2,test,2023-08-07,2025-08-05,2886f4ec73486b28db23f14b1be5e8c9e51f8272018bea56d83ba240088dfbb0,bt_20260511_013931_000180
bt_20260511_013931,2025-03-05T07:45:00+00:00,2025-03-05T15:00:00+00:00,ml_trader,GBPUSD,buy,43227.29,1.281516,1.279203,1.286805,2.29,0.66,292.2679,0.2926,tp2,backtest_round_2,test,2023-08-07,2025-08-05,2886f4ec73486b28db23f14b1be5e8c9e51f8272018bea56d83ba240088dfbb0,bt_20260511_013931_000181
bt_20260511_013931,2025-03-11T09:15:00+00:00,2025-03-12T07:30:00+00:00,ml_trader,EURUSD,buy,46348.22,1.090238,1.08808,1.098437,3.8,0.88,-100.2001,0.1001,sl_full,backtest_round_2,test,2023-08-07,2025-08-05,2886f4ec73486b28db23f14b1be5e8c9e51f8272018bea56d83ba240088dfbb0,bt_20260511_013931_000182
bt_20260511_013931,2025-03-13T15:30:00+00:00,2025-03-14T10:15:00+00:00,ml_trader,XAUUSD,buy,13.17,2987.022334,2979.430854,3010.252263,3.06,0.806,-100.1799,0.1001,sl_full,backtest_round_2,test,2023-08-07,2025-08-05,2886f4ec73486b28db23f14b1be5e8c9e51f8272018bea56d83ba240088dfbb0,bt_20260511_013931_000183
bt_20260511_013931,2025-03-13T15:45:00+00:00,2025-03-14T01:15:00+00:00,ml_trader,XAUUSD,buy,13.43,2988.672566,2981.229316,3008.613034,2.68,0.749,-100.1629,0.1001,sl_full,backtest_round_2,test,2023-08-07,2025-08-05,2886f4ec73486b28db23f14b1be5e8c9e51f8272018bea56d83ba240088dfbb0,bt_20260511_013931_000184
bt_20260511_013931,2025-03-13T17:15:00+00:00,2025-03-14T10:15:00+00:00,ml_trader,XAUUSD,buy,12.55,2986.732237,2978.761177,3006.803365,2.52,0.723,-100.2369,0.1001,sl_full,backtest_round_2,test,2023-08-07,2025-08-05,2886f4ec73486b28db23f14b1be5e8c9e51f8272018bea56d83ba240088dfbb0,bt_20260511_013931_000185
bt_20260511_013931,2025-03-14T08:45:00+00:00,2025-03-14T10:45:00+00:00,ml_trader,EURJPY,buy,265.15,161.693328,161.316188,162.64108,2.51,0.722,-100.1987,0.1001,sl_full,backtest_round_2,test,2023-08-07,2025-08-05,2886f4ec73486b28db23f14b1be5e8c9e51f8272018bea56d83ba240088dfbb0,bt_20260511_013931_000186
bt_20260511_013931,2025-03-17T13:30:00+00:00,2025-03-17T16:00:00+00:00,ml_trader,EURUSD,buy,89120.38,1.092519,1.091396,1.09587,2.99,0.798,-100.2001,0.1001,sl_full,backtest_round_2,test,2023-08-07,2025-08-05,2886f4ec73486b28db23f14b1be5e8c9e51f8272018bea56d83ba240088dfbb0,bt_20260511_013931_000187
bt_20260511_013931,2025-03-17T16:15:00+00:00,2025-03-17T21:00:00+00:00,ml_trader,GBPUSD,buy,102927.27,1.29885,1.297878,1.302474,3.73,0.873,-100.2001,0.1001,sl_full,backtest_round_2,test,2023-08-07,2025-08-05,2886f4ec73486b28db23f14b1be5e8c9e51f8272018bea56d83ba240088dfbb0,bt_20260511_013931_000188
bt_20260511_013931,2025-03-18T07:00:00+00:00,2025-03-20T11:00:00+00:00,ml_trader,XAUUSD,buy,12.15,3030.490987,3022.262641,3063.239801,3.98,0.898,-100.1745,0.1001,sl_full,backtest_round_2,test,2023-08-07,2025-08-05,2886f4ec73486b28db23f14b1be5e8c9e51f8272018bea56d83ba240088dfbb0,bt_20260511_013931_000189
bt_20260511_013931,2025-03-18T07:30:00+00:00,2025-03-18T09:15:00+00:00,ml_trader,XAUUSD,buy,10.79,3034.051757,3024.780356,3057.601116,2.54,0.726,-100.2386,0.1001,sl_full,backtest_round_2,test,2023-08-07,2025-08-05,2886f4ec73486b28db23f14b1be5e8c9e51f8272018bea56d83ba240088dfbb0,bt_20260511_013931_000190
bt_20260511_013931,2025-03-18T07:45:00+00:00,2025-03-18T09:00:00+00:00,ml_trader,XAUUSD,buy,11.46,3034.654905,3025.928812,3053.922119,2.21,0.625,-100.2011,0.1001,sl_full,backtest_round_2,test,2023-08-07,2025-08-05,2886f4ec73486b28db23f14b1be5e8c9e51f8272018bea56d83ba240088dfbb0,bt_20260511_013931_000191
bt_20260511_013931,2025-03-18T10:30:00+00:00,2025-03-20T05:15:00+00:00,ml_trader,XAUUSD,buy,9.5,3032.231325,3021.703676,3055.718509,2.23,0.638,111.8152,0.1119,be_or_trail,backtest_round_2,test,2023-08-07,2025-08-05,2886f4ec73486b28db23f14b1be5e8c9e51f8272018bea56d83ba240088dfbb0,bt_20260511_013931_000192
bt_20260511_013931,2025-04-16T07:00:00+00:00,2025-04-17T10:30:00+00:00,ml_trader,XAUUSD,buy,6.97,3298.144604,3283.796311,3355.537777,4.0,0.903,199.6773,0.1999,be_or_trail,backtest_round_2,test,2023-08-07,2025-08-05,2886f4ec73486b28db23f14b1be5e8c9e51f8272018bea56d83ba240088dfbb0,bt_20260511_013931_000193
bt_20260511_013931,2025-04-16T07:15:00+00:00,2025-04-16T12:30:00+00:00,ml_trader,XAUUSD,buy,6.9,3295.463893,3280.975975,3328.25005,2.26,0.654,202.6803,0.2029,be_or_trail,backtest_round_2,test,2023-08-07,2025-08-05,2886f4ec73486b28db23f14b1be5e8c9e51f8272018bea56d83ba240088dfbb0,bt_20260511_013931_000194
bt_20260511_013931,2025-04-16T07:45:00+00:00,2025-04-16T21:30:00+00:00,ml_trader,XAUUSD,buy,6.28,3307.25629,3291.34211,3345.020639,2.37,0.684,225.1998,0.2254,be_or_trail,backtest_round_2,test,2023-08-07,2025-08-05,2886f4ec73486b28db23f14b1be5e8c9e51f8272018bea56d83ba240088dfbb0,bt_20260511_013931_000195
bt_20260511_013931,2025-04-21T07:00:00+00:00,2025-04-21T10:30:00+00:00,ml_trader,EURUSD,buy,46110.39,1.15199,1.149822,1.158158,2.84,0.775,-100.2001,0.1001,sl_full,backtest_round_2,test,2023-08-07,2025-08-05,2886f4ec73486b28db23f14b1be5e8c9e51f8272018bea56d83ba240088dfbb0,bt_20260511_013931_000196
bt_20260511_013931,2025-04-21T07:00:00+00:00,2025-04-21T13:00:00+00:00,ml_trader,GBPUSD,buy,54894.57,1.338468,1.336646,1.344261,3.18,0.818,-100.2001,0.1001,sl_full,backtest_round_2,test,2023-08-07,2025-08-05,2886f4ec73486b28db23f14b1be5e8c9e51f8272018bea56d83ba240088dfbb0,bt_20260511_013931_000197
bt_20260511_013931,2025-04-21T07:00:00+00:00,2025-04-21T19:15:00+00:00,ml_trader,XAUUSD,buy,9.41,3389.312737,3378.686801,3431.81648,4.0,0.913,408.1546,0.4086,be_or_trail,backtest_round_2,test,2023-08-07,2025-08-05,2886f4ec73486b28db23f14b1be5e8c9e51f8272018bea56d83ba240088dfbb0,bt_20260511_013931_000198
bt_20260511_013931,2025-04-21T07:15:00+00:00,2025-04-21T13:00:00+00:00,ml_trader,GBPUSD,buy,53805.06,1.338928,1.337069,1.343793,2.62,0.739,-100.2001,0.1001,sl_full,backtest_round_2,test,2023-08-07,2025-08-05,2886f4ec73486b28db23f14b1be5e8c9e51f8272018bea56d83ba240088dfbb0,bt_20260511_013931_000199
bt_20260511_013931,2025-04-21T07:30:00+00:00,2025-04-21T08:30:00+00:00,ml_trader,EURUSD,buy,43878.24,1.154461,1.152182,1.161318,3.01,0.801,-100.2001,0.1001,sl_full,backtest_round_2,test,2023-08-07,2025-08-05,2886f4ec73486b28db23f14b1be5e8c9e51f8272018bea56d83ba240088dfbb0,bt_20260511_013931_000200
bt_20260511_013931,2025-04-21T07:30:00+00:00,2025-04-21T08:30:00+00:00,ml_trader,USDJPY,sell,425.88,140.760844,140.995651,140.124047,2.71,0.754,-100.1998,0.1001,sl_full,backtest_round_2,test,2023-08-07,2025-08-05,2886f4ec73486b28db23f14b1be5e8c9e51f8272018bea56d83ba240088dfbb0,bt_20260511_013931_000201
bt_20260511_013931,2025-04-21T07:30:00+00:00,2025-04-21T21:30:00+00:00,ml_trader,XAUUSD,buy,7.94,3403.915754,3391.314719,3439.690093,2.84,0.774,290.3134,0.2906,be_or_trail,backtest_round_2,test,2023-08-07,2025-08-05,2886f4ec73486b28db23f14b1be5e8c9e51f8272018bea56d83ba240088dfbb0,bt_20260511_013931_000202
bt_20260511_013931,2025-04-21T07:45:00+00:00,2025-04-21T08:30:00+00:00,ml_trader,EURUSD,buy,46340.23,1.154511,1.152353,1.160039,2.56,0.73,-100.2001,0.1001,sl_full,backtest_round_2,test,2023-08-07,2025-08-05,2886f4ec73486b28db23f14b1be5e8c9e51f8272018bea56d83ba240088dfbb0,bt_20260511_013931_000203
bt_20260511_013931,2025-04-21T07:45:00+00:00,2025-04-21T08:30:00+00:00,ml_trader,GBPUSD,buy,56723.27,1.339878,1.338115,1.344403,2.57,0.731,-100.2001,0.1001,sl_full,backtest_round_2,test,2023-08-07,2025-08-05,2886f4ec73486b28db23f14b1be5e8c9e51f8272018bea56d83ba240088dfbb0,bt_20260511_013931_000204
bt_20260511_013931,2025-04-21T07:45:00+00:00,2025-04-21T08:30:00+00:00,ml_trader,USDJPY,sell,456.92,140.762842,140.981697,140.206952,2.54,0.726,-100.199,0.1001,sl_full,backtest_round_2,test,2023-08-07,2025-08-05,2886f4ec73486b28db23f14b1be5e8c9e51f8272018bea56d83ba240088dfbb0,bt_20260511_013931_000205
bt_20260511_013931,2025-04-21T07:45:00+00:00,2025-04-21T19:45:00+00:00,ml_trader,XAUUSD,buy,8.25,3404.965769,3392.839243,3432.577869,2.28,0.658,229.1698,0.2294,be_or_trail,backtest_round_2,test,2023-08-07,2025-08-05,2886f4ec73486b28db23f14b1be5e8c9e51f8272018bea56d83ba240088dfbb0,bt_20260511_013931_000206
bt_20260511_013931,2025-04-21T08:15:00+00:00,2025-04-21T13:00:00+00:00,ml_trader,GBPUSD,buy,54273.11,1.338958,1.337115,1.34317,2.29,0.66,-100.2001,0.1001,sl_full,backtest_round_2,test,2023-08-07,2025-08-05,2886f4ec73486b28db23f14b1be5e8c9e51f8272018bea56d83ba240088dfbb0,bt_20260511_013931_000207
bt_20260511_013931,2025-04-21T08:30:00+00:00,2025-04-21T09:15:00+00:00,ml_trader,EURUSD,buy,44715.74,1.153501,1.151264,1.158591,2.28,0.657,-100.2001,0.1001,sl_full,backtest_round_2,test,2023-08-07,2025-08-05,2886f4ec73486b28db23f14b1be5e8c9e51f8272018bea56d83ba240088dfbb0,bt_20260511_013931_000208
bt_20260511_013931,2025-04-21T11:30:00+00:00,2025-04-21T20:00:00+00:00,ml_trader,USDJPY,sell,391.71,140.79883,141.054122,140.152178,2.53,0.725,-100.2002,0.1001,sl_full,backtest_round_2,test,2023-08-07,2025-08-05,2886f4ec73486b28db23f14b1be5e8c9e51f8272018bea56d83ba240088dfbb0,bt_20260511_013931_000209
bt_20260511_013931,2025-04-21T12:15:00+00:00,2025-04-21T20:00:00+00:00,ml_trader,USDJPY,sell,441.11,140.830822,141.057521,140.326415,2.23,0.635,-100.1995,0.1001,sl_full,backtest_round_2,test,2023-08-07,2025-08-05,2886f4ec73486b28db23f14b1be5e8c9e51f8272018bea56d83ba240088dfbb0,bt_20260511_013931_000210
bt_20260511_013931,2025-05-01T16:00:00+00:00,2025-05-01T17:45:00+00:00,ml_trader,GBPJPY,buy,387.51,193.079609,192.821553,193.887324,3.13,0.813,-100.1994,0.1001,sl_full,backtest_round_2,test,2023-08-07,2025-08-05,2886f4ec73486b28db23f14b1be5e8c9e51f8272018bea56d83ba240088dfbb0,bt_20260511_013931_000211
bt_20260511_013931,2025-05-01T16:15:00+00:00,2025-05-01T17:15:00+00:00,ml_trader,GBPJPY,buy,401.59,193.160618,192.911606,193.745549,2.35,0.678,-100.201,0.1001,sl_full,backtest_round_2,test,2023-08-07,2025-08-05,2886f4ec73486b28db23f14b1be5e8c9e51f8272018bea56d83ba240088dfbb0,bt_20260511_013931_000212
bt_20260511_013931,2025-05-01T16:30:00+00:00,2025-05-01T23:30:00+00:00,ml_trader,USDJPY,buy,406.26,145.404075,145.157926,145.98868,2.38,0.685,-100.2007,0.1001,sl_full,backtest_round_2,test,2023-08-07,2025-08-05,2886f4ec73486b28db23f14b1be5e8c9e51f8272018bea56d83ba240088dfbb0,bt_20260511_013931_000213
bt_20260511_013931,2025-06-20T09:00:00+00:00,2025-06-23T00:00:00+00:00,ml_trader,EURJPY,buy,581.43,167.682532,167.510543,168.198499,3.0,0.8,399.2007,0.3996,tp2,backtest_round_2,test,2023-08-07,2025-08-05,2886f4ec73486b28db23f14b1be5e8c9e51f8272018bea56d83ba240088dfbb0,bt_20260511_013931_000214
bt_20260511_013931,2025-06-20T09:30:00+00:00,2025-06-23T00:00:00+00:00,ml_trader,EURJPY,buy,522.22,167.832556,167.641064,168.31071,2.5,0.719,323.9532,0.3243,tp2,backtest_round_2,test,2023-08-07,2025-08-05,2886f4ec73486b28db23f14b1be5e8c9e51f8272018bea56d83ba240088dfbb0,bt_20260511_013931_000215
bt_20260511_013931,2025-06-27T07:00:00+00:00,2025-06-30T00:45:00+00:00,ml_trader,XAUUSD,sell,8.91,3283.248248,3294.469456,3252.322601,2.76,0.761,138.0968,0.1382,be_or_trail,backtest_round_2,test,2023-08-07,2025-08-05,2886f4ec73486b28db23f14b1be5e8c9e51f8272018bea56d83ba240088dfbb0,bt_20260511_013931_000216
bt_20260511_013931,2025-06-27T07:15:00+00:00,2025-06-29T18:15:00+00:00,ml_trader,XAUUSD,sell,9.36,3283.940981,3294.624937,3259.528141,2.29,0.66,292.1701,0.2925,tp2,backtest_round_2,test,2023-08-07,2025-08-05,2886f4ec73486b28db23f14b1be5e8c9e51f8272018bea56d83ba240088dfbb0,bt_20260511_013931_000217
bt_20260511_013931,2025-07-11T13:15:00+00:00,2025-07-14T00:00:00+00:00,ml_trader,EURJPY,buy,557.12,172.328465,172.148972,172.888483,3.12,0.812,-100.1993,0.1001,sl_full,backtest_round_2,test,2023-08-07,2025-08-05,2886f4ec73486b28db23f14b1be5e8c9e51f8272018bea56d83ba240088dfbb0,bt_20260511_013931_000218
bt_20260511_013931,2025-07-11T13:30:00+00:00,2025-07-14T00:00:00+00:00,ml_trader,EURJPY,buy,595.4,172.324451,172.156497,172.755758,2.57,0.731,-100.2001,0.1001,sl_full,backtest_round_2,test,2023-08-07,2025-08-05,2886f4ec73486b28db23f14b1be5e8c9e51f8272018bea56d83ba240088dfbb0,bt_20260511_013931_000219
bt_20260511_013931,2025-07-11T13:45:00+00:00,2025-07-11T16:00:00+00:00,ml_trader,EURJPY,buy,603.26,172.382477,172.21671,172.772525,2.35,0.679,-100.2004,0.1001,sl_full,backtest_round_2,test,2023-08-07,2025-08-05,2886f4ec73486b28db23f14b1be5e8c9e51f8272018bea56d83ba240088dfbb0,bt_20260511_013931_000220
bt_20260511_013931,2025-07-11T14:15:00+00:00,2025-07-11T16:00:00+00:00,ml_trader,EURJPY,buy,641.27,172.375472,172.219532,172.721503,2.22,0.631,-100.1998,0.1001,sl_full,backtest_round_2,test,2023-08-07,2025-08-05,2886f4ec73486b28db23f14b1be5e8c9e51f8272018bea56d83ba240088dfbb0,bt_20260511_013931_000221
bt_20260511_013931,2025-07-21T14:30:00+00:00,2025-07-21T21:30:00+00:00,ml_trader,XAUUSD,buy,16.96,3394.073699,3388.177757,3409.774591,2.66,0.746,-100.1953,0.1001,sl_full,backtest_round_2,test,2023-08-07,2025-08-05,2886f4ec73486b28db23f14b1be5e8c9e51f8272018bea56d83ba240088dfbb0,bt_20260511_013931_000222
bt_20260511_014731,2022-08-19T10:30:00+00:00,2022-08-19T13:00:00+00:00,ml_trader,GBPUSD,sell,39624.24,1.180494,1.183018,1.17319,2.89,0.783,-100.2001,0.1001,sl_full,backtest_round_3,combined_eval,2022-08-05,2025-08-05,2886f4ec73486b28db23f14b1be5e8c9e51f8272018bea56d83ba240088dfbb0,bt_20260511_014731_000000
bt_20260511_014731,2022-08-19T14:30:00+00:00,2022-08-22T12:00:00+00:00,ml_trader,GBPUSD,sell,54531.74,1.181864,1.183697,1.176443,2.96,0.793,294.0697,0.2944,be_or_trail,backtest_round_3,combined_eval,2022-08-05,2025-08-05,2886f4ec73486b28db23f14b1be5e8c9e51f8272018bea56d83ba240088dfbb0,bt_20260511_014731_000001
bt_20260511_014731,2022-08-19T15:30:00+00:00,2022-08-22T01:45:00+00:00,ml_trader,GBPUSD,sell,61495.77,1.181944,1.18357,1.177792,2.55,0.728,-100.2001,0.1001,sl_full,backtest_round_3,combined_eval,2022-08-05,2025-08-05,2886f4ec73486b28db23f14b1be5e8c9e51f8272018bea56d83ba240088dfbb0,bt_20260511_014731_000002
bt_20260511_014731,2022-08-19T15:45:00+00:00,2022-08-22T09:15:00+00:00,ml_trader,GBPUSD,sell,59347.46,1.182723,1.184408,1.178934,2.25,0.65,115.1835,0.1153,be_or_trail,backtest_round_3,combined_eval,2022-08-05,2025-08-05,2886f4ec73486b28db23f14b1be5e8c9e51f8272018bea56d83ba240088dfbb0,bt_20260511_014731_000003
bt_20260511_014731,2022-08-22T07:30:00+00:00,2022-08-22T15:00:00+00:00,ml_trader,EURUSD,sell,64235.73,1.0001,1.001657,0.993873,4.0,0.914,392.6658,0.3931,be_or_trail,backtest_round_3,combined_eval,2022-08-05,2025-08-05,2886f4ec73486b28db23f14b1be5e8c9e51f8272018bea56d83ba240088dfbb0,bt_20260511_014731_000004
bt_20260511_014731,2022-08-26T15:15:00+00:00,2022-08-29T05:00:00+00:00,ml_trader,XAUUSD,sell,24.76,1736.520668,1740.559165,1722.184005,3.55,0.855,340.6472,0.341,be_or_trail,backtest_round_3,combined_eval,2022-08-05,2025-08-05,2886f4ec73486b28db23f14b1be5e8c9e51f8272018bea56d83ba240088dfbb0,bt_20260511_014731_000005
bt_20260511_014731,2022-08-26T15:30:00+00:00,2022-08-28T21:45:00+00:00,ml_trader,XAUUSD,sell,25.47,1737.546464,1741.473283,1726.311835,2.86,0.778,284.8037,0.2851,be_or_trail,backtest_round_3,combined_eval,2022-08-05,2025-08-05,2886f4ec73486b28db23f14b1be5e8c9e51f8272018bea56d83ba240088dfbb0,bt_20260511_014731_000006
bt_20260511_014731,2022-08-26T16:00:00+00:00,2022-08-28T21:45:00+00:00,ml_trader,XAUUSD,sell,27.22,1737.096481,1740.769852,1728.144475,2.44,0.702,269.837,0.2701,be_or_trail,backtest_round_3,combined_eval,2022-08-05,2025-08-05,2886f4ec73486b28db23f14b1be5e8c9e51f8272018bea56d83ba240088dfbb0,bt_20260511_014731_000007
bt_20260511_014731,2022-08-29T10:30:00+00:00,2022-08-29T20:15:00+00:00,ml_trader,USDJPY,buy,367.81,138.725738,138.453858,139.560407,3.07,0.807,-100.2,0.1001,sl_full,backtest_round_3,combined_eval,2022-08-05,2025-08-05,2886f4ec73486b28db23f14b1be5e8c9e51f8272018bea56d83ba240088dfbb0,bt_20260511_014731_000008
bt_20260511_014731,2022-09-01T16:00:00+00:00,2022-09-01T19:45:00+00:00,ml_trader,USDJPY,buy,583.46,140.212043,140.040652,140.767347,3.24,0.824,-100.1994,0.1001,sl_full,backtest_round_3,combined_eval,2022-08-05,2025-08-05,2886f4ec73486b28db23f14b1be5e8c9e51f8272018bea56d83ba240088dfbb0,bt_20260511_014731_000009
bt_20260511_014731,2022-09-01T17:45:00+00:00,2022-09-01T19:00:00+00:00,ml_trader,USDJPY,buy,906.49,140.240048,140.129732,140.576843,3.05,0.805,-100.2006,0.1001,sl_full,backtest_round_3,combined_eval,2022-08-05,2025-08-05,2886f4ec73486b28db23f14b1be5e8c9e51f8272018bea56d83ba240088dfbb0,bt_20260511_014731_000010
bt_20260511_014731,2022-09-06T07:30:00+00:00,2022-09-07T00:30:00+00:00,ml_trader,EURJPY,buy,343.27,140.971182,140.679867,142.13644,4.0,0.906,436.7875,0.4372,be_or_trail,backtest_round_3,combined_eval,2022-08-05,2025-08-05,2886f4ec73486b28db23f14b1be5e8c9e51f8272018bea56d83ba240088dfbb0,bt_20260511_014731_000011
bt_20260511_014731,2022-09-06T08:00:00+00:00,2022-09-07T00:00:00+00:00,ml_trader,EURJPY,buy,335.22,140.934187,140.635876,141.911157,3.27,0.827,426.6452,0.4271,tp2,backtest_round_3,combined_eval,2022-08-05,2025-08-05,2886f4ec73486b28db23f14b1be5e8c9e51f8272018bea56d83ba240088dfbb0,bt_20260511_014731_000012
bt_20260511_014731,2022-09-07T09:15:00+00:00,2022-09-08T23:15:00+00:00,ml_trader,EURJPY,buy,372.45,143.403675,143.135184,144.472268,3.98,0.898,391.4247,0.3918,be_or_trail,backtest_round_3,combined_eval,2022-08-05,2025-08-05,2886f4ec73486b28db23f14b1be5e8c9e51f8272018bea56d83ba240088dfbb0,bt_20260511_014731_000013
bt_20260511_014731,2022-10-17T07:30:00+00:00,2022-10-17T08:30:00+00:00,ml_trader,USDJPY,buy,624.35,148.872771,148.712605,149.513435,4.0,0.932,-100.1998,0.1001,sl_full,backtest_round_3,combined_eval,2022-08-05,2025-08-05,2886f4ec73486b28db23f14b1be5e8c9e51f8272018bea56d83ba240088dfbb0,bt_20260511_014731_000014
bt_20260511_014731,2022-10-17T07:45:00+00:00,2022-10-17T08:30:00+00:00,ml_trader,USDJPY,buy,667.65,148.871764,148.721984,149.359596,3.26,0.826,-100.2004,0.1001,sl_full,backtest_round_3,combined_eval,2022-08-05,2025-08-05,2886f4ec73486b28db23f14b1be5e8c9e51f8272018bea56d83ba240088dfbb0,bt_20260511_014731_000015
bt_20260511_014731,2022-10-17T08:45:00+00:00,2022-10-18T04:45:00+00:00,ml_trader,USDJPY,buy,611.74,148.717741,148.554272,149.12625,2.5,0.72,253.9844,0.2542,be_or_trail,backtest_round_3,combined_eval,2022-08-05,2025-08-05,2886f4ec73486b28db23f14b1be5e8c9e51f8272018bea56d83ba240088dfbb0,bt_20260511_014731_000016
bt_20260511_014731,2022-10-17T09:00:00+00:00,2022-10-17T21:15:00+00:00,ml_trader,USDJPY,buy,617.14,148.722732,148.560693,149.079704,2.2,0.622,113.0103,0.1131,be_or_trail,backtest_round_3,combined_eval,2022-08-05,2025-08-05,2886f4ec73486b28db23f14b1be5e8c9e51f8272018bea56d83ba240088dfbb0,bt_20260511_014731_000017
bt_20260511_014731,2022-10-19T16:45:00+00:00,2022-10-20T00:15:00+00:00,ml_trader,XAUUSD,sell,38.16,1628.472214,1631.092471,1622.576636,2.25,0.65,114.1669,0.1143,be_or_trail,backtest_round_3,combined_eval,2022-08-05,2025-08-05,2886f4ec73486b28db23f14b1be5e8c9e51f8272018bea56d83ba240088dfbb0,bt_20260511_014731_000018
bt_20260511_014731,2022-10-21T10:00:00+00:00,2022-10-21T10:30:00+00:00,ml_trader,USDJPY,buy,224.87,151.284249,150.839543,153.023046,3.91,0.891,-100.2009,0.1001,sl_full,backtest_round_3,combined_eval,2022-08-05,2025-08-05,2886f4ec73486b28db23f14b1be5e8c9e51f8272018bea56d83ba240088dfbb0,bt_20260511_014731_000019
bt_20260511_014731,2022-11-10T15:45:00+00:00,2022-11-10T19:45:00+00:00,ml_trader,XAUUSD,buy,19.51,1755.848048,1750.72321,1776.347399,4.0,0.937,-100.1857,0.1001,sl_full,backtest_round_3,combined_eval,2022-08-05,2025-08-05,2886f4ec73486b28db23f14b1be5e8c9e51f8272018bea56d83ba240088dfbb0,bt_20260511_014731_000020
bt_20260511_014731,2022-11-15T07:15:00+00:00,2022-11-15T09:45:00+00:00,ml_trader,EURUSD,buy,45705.98,1.040998,1.03881,1.048371,3.37,0.837,-100.2001,0.1001,sl_full,backtest_round_3,combined_eval,2022-08-05,2025-08-05,2886f4ec73486b28db23f14b1be5e8c9e51f8272018bea56d83ba240088dfbb0,bt_20260511_014731_000021
bt_20260511_014731,2022-11-15T07:30:00+00:00,2022-11-15T09:30:00+00:00,ml_trader,EURUSD,buy,47127.21,1.040918,1.038796,1.046367,2.57,0.731,130.4904,0.1306,be_or_trail,backtest_round_3,combined_eval,2022-08-05,2025-08-05,2886f4ec73486b28db23f14b1be5e8c9e51f8272018bea56d83ba240088dfbb0,bt_20260511_014731_000022
bt_20260511_014731,2022-11-16T15:00:00+00:00,2022-11-16T15:45:00+00:00,ml_trader,XAUUSD,buy,102.79,1773.522602,1772.549721,1776.003449,2.55,0.728,132.3894,0.1325,be_or_trail,backtest_round_3,combined_eval,2022-08-05,2025-08-05,2886f4ec73486b28db23f14b1be5e8c9e51f8272018bea56d83ba240088dfbb0,bt_20260511_014731_000023
bt_20260511_014731,2022-11-23T14:15:00+00:00,2022-11-25T16:15:00+00:00,ml_trader,GBPUSD,buy,33832.98,1.206211,1.203256,1.217857,3.94,0.894,-100.2001,0.1001,sl_full,backtest_round_3,combined_eval,2022-08-05,2025-08-05,2886f4ec73486b28db23f14b1be5e8c9e51f8272018bea56d83ba240088dfbb0,bt_20260511_014731_000024
bt_20260511_014731,2022-12-01T14:45:00+00:00,2022-12-01T20:00:00+00:00,ml_trader,XAUUSD,buy,23.49,1803.518591,1799.260562,1820.039743,3.88,0.888,-100.2212,0.1001,sl_full,backtest_round_3,combined_eval,2022-08-05,2025-08-05,2886f4ec73486b28db23f14b1be5e8c9e51f8272018bea56d83ba240088dfbb0,bt_20260511_014731_000025
bt_20260511_014731,2022-12-01T16:45:00+00:00,2022-12-01T19:15:00+00:00,ml_trader,USDJPY,sell,503.59,135.217946,135.416521,134.528892,3.47,0.847,-100.2003,0.1001,sl_full,backtest_round_3,combined_eval,2022-08-05,2025-08-05,2886f4ec73486b28db23f14b1be5e8c9e51f8272018bea56d83ba240088dfbb0,bt_20260511_014731_000026
bt_20260511_014731,2022-12-02T07:00:00+00:00,2022-12-02T08:30:00+00:00,ml_trader,USDJPY,sell,308.15,134.023193,134.347709,133.157709,2.67,0.747,-100.1997,0.1001,sl_full,backtest_round_3,combined_eval,2022-08-05,2025-08-05,2886f4ec73486b28db23f14b1be5e8c9e51f8272018bea56d83ba240088dfbb0,bt_20260511_014731_000027
bt_20260511_014731,2022-12-15T15:15:00+00:00,2022-12-15T21:15:00+00:00,ml_trader,EURJPY,buy,352.25,146.37627,146.092377,147.412477,3.65,0.865,-100.2012,0.1001,sl_full,backtest_round_3,combined_eval,2022-08-05,2025-08-05,2886f4ec73486b28db23f14b1be5e8c9e51f8272018bea56d83ba240088dfbb0,bt_20260511_014731_000028
bt_20260511_014731,2022-12-15T15:30:00+00:00,2022-12-15T21:15:00+00:00,ml_trader,EURJPY,buy,365.87,146.272245,145.998923,146.918378,2.36,0.682,-100.2004,0.1001,sl_full,backtest_round_3,combined_eval,2022-08-05,2025-08-05,2886f4ec73486b28db23f14b1be5e8c9e51f8272018bea56d83ba240088dfbb0,bt_20260511_014731_000029
bt_20260511_014731,2022-12-30T07:00:00+00:00,2022-12-30T09:00:00+00:00,ml_trader,GBPJPY,sell,260.23,158.743239,159.127513,157.633457,2.89,0.782,-100.1996,0.1001,sl_full,backtest_round_3,combined_eval,2022-08-05,2025-08-05,2886f4ec73486b28db23f14b1be5e8c9e51f8272018bea56d83ba240088dfbb0,bt_20260511_014731_000030
bt_20260511_014731,2022-12-30T07:15:00+00:00,2022-12-30T09:00:00+00:00,ml_trader,GBPJPY,sell,269.92,158.820235,159.190721,157.774351,2.82,0.772,-100.2018,0.1001,sl_full,backtest_round_3,combined_eval,2022-08-05,2025-08-05,2886f4ec73486b28db23f14b1be5e8c9e51f8272018bea56d83ba240088dfbb0,bt_20260511_014731_000031
bt_20260511_014731,2022-12-30T07:30:00+00:00,2022-12-30T09:15:00+00:00,ml_trader,GBPJPY,sell,274.31,158.941213,159.305761,158.051714,2.44,0.703,-100.1994,0.1001,sl_full,backtest_round_3,combined_eval,2022-08-05,2025-08-05,2886f4ec73486b28db23f14b1be5e8c9e51f8272018bea56d83ba240088dfbb0,bt_20260511_014731_000032
bt_20260511_014731,2022-12-30T08:45:00+00:00,2022-12-30T10:15:00+00:00,ml_trader,GBPJPY,sell,253.54,158.936209,159.330631,158.067297,2.2,0.622,-100.2019,0.1001,sl_full,backtest_round_3,combined_eval,2022-08-05,2025-08-05,2886f4ec73486b28db23f14b1be5e8c9e51f8272018bea56d83ba240088dfbb0,bt_20260511_014731_000033
bt_20260511_014731,2023-02-15T07:15:00+00:00,2023-02-15T20:30:00+00:00,ml_trader,XAUUSD,sell,19.49,1835.197828,1840.329123,1821.312545,2.71,0.753,-100.209,0.1001,sl_full,backtest_round_3,combined_eval,2022-08-05,2025-08-05,2886f4ec73486b28db23f14b1be5e8c9e51f8272018bea56d83ba240088dfbb0,bt_20260511_014731_000034
bt_20260511_014731,2023-02-15T07:30:00+00:00,2023-02-15T20:30:00+00:00,ml_trader,XAUUSD,sell,20.86,1835.447778,1840.242566,1824.750608,2.23,0.639,-100.2194,0.1001,sl_full,backtest_round_3,combined_eval,2022-08-05,2025-08-05,2886f4ec73486b28db23f14b1be5e8c9e51f8272018bea56d83ba240088dfbb0,bt_20260511_014731_000035
bt_20260511_014731,2023-02-15T13:45:00+00:00,2023-02-15T15:45:00+00:00,ml_trader,EURUSD,sell,67469.76,1.067336,1.068819,1.063674,2.47,0.712,-100.2001,0.1001,sl_full,backtest_round_3,combined_eval,2022-08-05,2025-08-05,2886f4ec73486b28db23f14b1be5e8c9e51f8272018bea56d83ba240088dfbb0,bt_20260511_014731_000036
bt_20260511_014731,2023-02-15T15:45:00+00:00,2023-02-15T17:30:00+00:00,ml_trader,USDJPY,buy,723.47,134.135815,133.997593,134.593331,3.31,0.831,-100.1997,0.1001,sl_full,backtest_round_3,combined_eval,2022-08-05,2025-08-05,2886f4ec73486b28db23f14b1be5e8c9e51f8272018bea56d83ba240088dfbb0,bt_20260511_014731_000037
bt_20260511_014731,2023-02-27T09:00:00+00:00,2023-02-27T09:45:00+00:00,ml_trader,USDJPY,buy,431.48,136.160222,135.928464,136.86245,3.03,0.803,-100.1992,0.1001,sl_full,backtest_round_3,combined_eval,2022-08-05,2025-08-05,2886f4ec73486b28db23f14b1be5e8c9e51f8272018bea56d83ba240088dfbb0,bt_20260511_014731_000038
bt_20260511_014731,2023-02-27T09:15:00+00:00,2023-02-28T09:00:00+00:00,ml_trader,USDJPY,buy,422.17,136.084218,135.847346,136.61955,2.26,0.653,234.3529,0.2346,be_or_trail,backtest_round_3,combined_eval,2022-08-05,2025-08-05,2886f4ec73486b28db23f14b1be5e8c9e51f8272018bea56d83ba240088dfbb0,bt_20260511_014731_000039
bt_20260511_014731,2023-04-11T11:00:00+00:00,2023-04-12T08:30:00+00:00,ml_trader,GBPJPY,buy,300.94,166.072209,165.739915,167.368156,3.9,0.89,-100.2006,0.1001,sl_full,backtest_round_3,combined_eval,2022-08-05,2025-08-05,2886f4ec73486b28db23f14b1be5e8c9e51f8272018bea56d83ba240088dfbb0,bt_20260511_014731_000040
bt_20260511_014731,2023-04-11T11:15:00+00:00,2023-04-12T08:30:00+00:00,ml_trader,GBPJPY,buy,314.85,166.0562,165.738587,166.956314,2.83,0.773,-100.2004,0.1001,sl_full,backtest_round_3,combined_eval,2022-08-05,2025-08-05,2886f4ec73486b28db23f14b1be5e8c9e51f8272018bea56d83ba240088dfbb0,bt_20260511_014731_000041
bt_20260511_014731,2023-05-01T08:15:00+00:00,2023-05-02T04:00:00+00:00,ml_trader,GBPJPY,buy,417.79,171.651328,171.411972,172.608752,4.0,0.928,-100.2007,0.1001,sl_full,backtest_round_3,combined_eval,2022-08-05,2025-08-05,2886f4ec73486b28db23f14b1be5e8c9e51f8272018bea56d83ba240088dfbb0,bt_20260511_014731_000042
bt_20260511_014731,2023-05-17T07:15:00+00:00,2023-05-18T10:30:00+00:00,ml_trader,EURUSD,sell,71366.24,1.083553,1.084955,1.079568,2.84,0.775,326.3484,0.3267,be_or_trail,backtest_round_3,combined_eval,2022-08-05,2025-08-05,2886f4ec73486b28db23f14b1be5e8c9e51f8272018bea56d83ba240088dfbb0,bt_20260511_014731_000043
bt_20260511_014731,2023-05-17T11:30:00+00:00,2023-05-17T13:00:00+00:00,ml_trader,EURUSD,sell,65372.6,1.083103,1.084633,1.079452,2.39,0.688,-100.2001,0.1001,sl_full,backtest_round_3,combined_eval,2022-08-05,2025-08-05,2886f4ec73486b28db23f14b1be5e8c9e51f8272018bea56d83ba240088dfbb0,bt_20260511_014731_000044
bt_20260511_014731,2023-05-18T08:15:00+00:00,2023-05-18T12:00:00+00:00,ml_trader,USDJPY,buy,534.1,137.774543,137.587311,138.330436,2.97,0.795,330.3901,0.3307,be_or_trail,backtest_round_3,combined_eval,2022-08-05,2025-08-05,2886f4ec73486b28db23f14b1be5e8c9e51f8272018bea56d83ba240088dfbb0,bt_20260511_014731_000045
bt_20260511_014731,2023-06-15T07:30:00+00:00,2023-06-16T02:30:00+00:00,ml_trader,EURJPY,buy,417.61,152.911573,152.672116,153.869402,4.0,0.936,498.997,0.4995,tp2,backtest_round_3,combined_eval,2022-08-05,2025-08-05,2886f4ec73486b28db23f14b1be5e8c9e51f8272018bea56d83ba240088dfbb0,bt_20260511_014731_000046
bt_20260511_014731,2023-06-15T07:45:00+00:00,2023-06-15T22:45:00+00:00,ml_trader,EURJPY,buy,418.08,152.829556,152.590366,153.619362,3.3,0.83,334.7586,0.3351,be_or_trail,backtest_round_3,combined_eval,2022-08-05,2025-08-05,2886f4ec73486b28db23f14b1be5e8c9e51f8272018bea56d83ba240088dfbb0,bt_20260511_014731_000047
bt_20260511_014731,2023-06-15T07:45:00+00:00,2023-06-15T09:00:00+00:00,ml_trader,GBPJPY,buy,313.53,178.620724,178.301776,179.535784,2.87,0.779,-100.1997,0.1001,sl_full,backtest_round_3,combined_eval,2022-08-05,2025-08-05,2886f4ec73486b28db23f14b1be5e8c9e51f8272018bea56d83ba240088dfbb0,bt_20260511_014731_000048
bt_20260511_014731,2023-06-15T09:00:00+00:00,2023-06-16T02:15:00+00:00,ml_trader,EURJPY,buy,347.71,152.937579,152.649985,153.695678,2.64,0.742,344.7099,0.3451,tp2,backtest_round_3,combined_eval,2022-08-05,2025-08-05,2886f4ec73486b28db23f14b1be5e8c9e51f8272018bea56d83ba240088dfbb0,bt_20260511_014731_000049
bt_20260511_014731,2023-06-15T09:15:00+00:00,2023-06-16T02:15:00+00:00,ml_trader,EURJPY,buy,315.12,153.020603,152.703261,153.742875,2.28,0.657,290.8203,0.2911,tp2,backtest_round_3,combined_eval,2022-08-05,2025-08-05,2886f4ec73486b28db23f14b1be5e8c9e51f8272018bea56d83ba240088dfbb0,bt_20260511_014731_000050
bt_20260511_014731,2023-06-15T11:00:00+00:00,2023-06-16T03:30:00+00:00,ml_trader,GBPJPY,buy,210.92,179.228832,178.754711,180.363403,2.39,0.69,224.1239,0.2243,be_or_trail,backtest_round_3,combined_eval,2022-08-05,2025-08-05,2886f4ec73486b28db23f14b1be5e8c9e51f8272018bea56d83ba240088dfbb0,bt_20260511_014731_000051
bt_20260511_014731,2023-06-15T15:00:00+00:00,2023-06-15T20:00:00+00:00,ml_trader,GBPJPY,buy,326.38,179.409868,179.103478,180.178294,2.51,0.721,-100.1997,0.1001,sl_full,backtest_round_3,combined_eval,2022-08-05,2025-08-05,2886f4ec73486b28db23f14b1be5e8c9e51f8272018bea56d83ba240088dfbb0,bt_20260511_014731_000052
bt_20260511_014731,2023-06-16T09:30:00+00:00,2023-06-16T11:00:00+00:00,ml_trader,EURUSD,buy,60062.43,1.095639,1.093974,1.099736,2.46,0.709,-100.2001,0.1001,sl_full,backtest_round_3,combined_eval,2022-08-05,2025-08-05,2886f4ec73486b28db23f14b1be5e8c9e51f8272018bea56d83ba240088dfbb0,bt_20260511_014731_000053
bt_20260511_014731,2023-06-19T10:45:00+00:00,2023-06-19T22:15:00+00:00,ml_trader,GBPJPY,buy,315.5,181.514292,181.197338,182.531715,3.21,0.821,-100.1991,0.1001,sl_full,backtest_round_3,combined_eval,2022-08-05,2025-08-05,2886f4ec73486b28db23f14b1be5e8c9e51f8272018bea56d83ba240088dfbb0,bt_20260511_014731_000054
bt_20260511_014731,2023-06-23T11:00:00+00:00,2023-06-26T01:45:00+00:00,ml_trader,USDJPY,buy,234.0,143.752744,143.325384,145.047643,3.03,0.803,-100.2022,0.1001,sl_full,backtest_round_3,combined_eval,2022-08-05,2025-08-05,2886f4ec73486b28db23f14b1be5e8c9e51f8272018bea56d83ba240088dfbb0,bt_20260511_014731_000055
bt_20260511_014731,2023-06-27T08:45:00+00:00,2023-06-30T02:15:00+00:00,ml_trader,EURJPY,buy,352.01,157.43448,157.150395,158.128502,2.44,0.704,-100.2011,0.1001,sl_full,backtest_round_3,combined_eval,2022-08-05,2025-08-05,2886f4ec73486b28db23f14b1be5e8c9e51f8272018bea56d83ba240088dfbb0,bt_20260511_014731_000056
bt_20260511_014731,2023-07-11T07:00:00+00:00,2023-07-11T09:30:00+00:00,ml_trader,EURJPY,sell,400.98,154.461106,154.710495,153.842871,2.48,0.714,-100.2,0.1001,sl_full,backtest_round_3,combined_eval,2022-08-05,2025-08-05,2886f4ec73486b28db23f14b1be5e8c9e51f8272018bea56d83ba240088dfbb0,bt_20260511_014731_000057
bt_20260511_014731,2023-07-11T07:00:00+00:00,2023-07-11T09:15:00+00:00,ml_trader,USDJPY,sell,465.38,140.381922,140.5968,139.764146,2.88,0.78,-100.2003,0.1001,sl_full,backtest_round_3,combined_eval,2022-08-05,2025-08-05,2886f4ec73486b28db23f14b1be5e8c9e51f8272018bea56d83ba240088dfbb0,bt_20260511_014731_000058
bt_20260511_014731,2023-07-11T09:00:00+00:00,2023-07-11T09:15:00+00:00,ml_trader,USDJPY,sell,453.99,140.439909,140.660176,139.947171,2.24,0.642,-100.1993,0.1001,sl_full,backtest_round_3,combined_eval,2022-08-05,2025-08-05,2886f4ec73486b28db23f14b1be5e8c9e51f8272018bea56d83ba240088dfbb0,bt_20260511_014731_000059
bt_20260511_014731,2023-07-12T08:30:00+00:00,2023-07-12T08:45:00+00:00,ml_trader,USDJPY,sell,311.69,139.096168,139.416997,138.346711,2.34,0.674,-100.1994,0.1001,sl_full,backtest_round_3,combined_eval,2022-08-05,2025-08-05,2886f4ec73486b28db23f14b1be5e8c9e51f8272018bea56d83ba240088dfbb0,bt_20260511_014731_000060
bt_20260511_014731,2023-07-12T08:45:00+00:00,2023-07-12T16:30:00+00:00,ml_trader,USDJPY,sell,284.42,139.243142,139.594733,138.469641,2.2,0.62,209.8941,0.2101,be_or_trail,backtest_round_3,combined_eval,2022-08-05,2025-08-05,2886f4ec73486b28db23f14b1be5e8c9e51f8272018bea56d83ba240088dfbb0,bt_20260511_014731_000061
bt_20260511_014731,2023-07-13T09:15:00+00:00,2023-07-13T20:15:00+00:00,ml_trader,EURUSD,buy,70358.43,1.118204,1.116782,1.122413,2.96,0.794,268.8655,0.2691,be_or_trail,backtest_round_3,combined_eval,2022-08-05,2025-08-05,2886f4ec73486b28db23f14b1be5e8c9e51f8272018bea56d83ba240088dfbb0,bt_20260511_014731_000062
bt_20260511_014731,2023-07-13T09:45:00+00:00,2023-07-13T10:15:00+00:00,ml_trader,EURUSD,buy,65927.34,1.119644,1.118127,1.123221,2.36,0.68,-100.2001,0.1001,sl_full,backtest_round_3,combined_eval,2022-08-05,2025-08-05,2886f4ec73486b28db23f14b1be5e8c9e51f8272018bea56d83ba240088dfbb0,bt_20260511_014731_000063
bt_20260511_014731,2023-07-13T13:00:00+00:00,2023-07-17T09:30:00+00:00,ml_trader,EURUSD,buy,58535.28,1.120644,1.118936,1.124703,2.38,0.685,121.4789,0.1216,be_or_trail,backtest_round_3,combined_eval,2022-08-05,2025-08-05,2886f4ec73486b28db23f14b1be5e8c9e51f8272018bea56d83ba240088dfbb0,bt_20260511_014731_000064
bt_20260511_014731,2023-07-14T13:00:00+00:00,2023-07-17T09:30:00+00:00,ml_trader,EURUSD,buy,71630.87,1.123115,1.121719,1.126212,2.22,0.631,-100.2001,0.1001,sl_full,backtest_round_3,combined_eval,2022-08-05,2025-08-05,2886f4ec73486b28db23f14b1be5e8c9e51f8272018bea56d83ba240088dfbb0,bt_20260511_014731_000065
bt_20260511_014731,2023-08-09T16:00:00+00:00,2023-08-09T21:30:00+00:00,ml_trader,XAUUSD,sell,38.42,1914.811907,1917.414774,1905.77996,3.47,0.847,-100.2022,0.1001,sl_full,backtest_round_3,combined_eval,2022-08-05,2025-08-05,2886f4ec73486b28db23f14b1be5e8c9e51f8272018bea56d83ba240088dfbb0,bt_20260511_014731_000066
bt_20260511_014731,2023-08-10T08:15:00+00:00,2023-08-10T09:30:00+00:00,ml_trader,EURJPY,buy,468.7,158.284657,158.0713,158.856665,2.68,0.749,276.3662,0.2766,be_or_trail,backtest_round_3,combined_eval,2022-08-05,2025-08-05,2886f4ec73486b28db23f14b1be5e8c9e51f8272018bea56d83ba240088dfbb0,bt_20260511_014731_000067
bt_20260511_014731,2023-08-15T09:00:00+00:00,2023-08-17T12:45:00+00:00,ml_trader,XAUUSD,sell,15.02,1905.223859,1911.880445,1888.455919,2.52,0.723,252.7819,0.253,time_exit,backtest_round_3,combined_eval,2022-08-05,2025-08-05,2886f4ec73486b28db23f14b1be5e8c9e51f8272018bea56d83ba240088dfbb0,bt_20260511_014731_000068
bt_20260511_014731,2023-08-15T09:15:00+00:00,2023-08-15T10:45:00+00:00,ml_trader,XAUUSD,sell,14.94,1903.794214,1910.485785,1889.025916,2.21,0.624,-100.1721,0.1001,sl_full,backtest_round_3,combined_eval,2022-08-05,2025-08-05,2886f4ec73486b28db23f14b1be5e8c9e51f8272018bea56d83ba240088dfbb0,bt_20260511_014731_000069
bt_20260511_014731,2023-08-15T10:15:00+00:00,2023-08-17T14:00:00+00:00,ml_trader,XAUUSD,sell,14.47,1906.133712,1913.043963,1890.703119,2.23,0.64,261.063,0.2613,time_exit,backtest_round_3,combined_eval,2022-08-05,2025-08-05,2886f4ec73486b28db23f14b1be5e8c9e51f8272018bea56d83ba240088dfbb0,bt_20260511_014731_000070
bt_20260511_014731,2023-08-21T16:15:00+00:00,2023-08-21T17:00:00+00:00,ml_trader,EURJPY,buy,736.55,159.30485,159.169081,159.847923,4.0,0.936,-100.2002,0.1001,sl_full,backtest_round_3,combined_eval,2022-08-05,2025-08-05,2886f4ec73486b28db23f14b1be5e8c9e51f8272018bea56d83ba240088dfbb0,bt_20260511_014731_000071
bt_20260511_014731,2023-08-21T16:30:00+00:00,2023-08-21T17:00:00+00:00,ml_trader,EURJPY,buy,773.31,159.306849,159.177535,159.747549,3.41,0.841,-100.1995,0.1001,sl_full,backtest_round_3,combined_eval,2022-08-05,2025-08-05,2886f4ec73486b28db23f14b1be5e8c9e51f8272018bea56d83ba240088dfbb0,bt_20260511_014731_000072
bt_20260511_014731,2023-08-21T17:00:00+00:00,2023-08-22T04:00:00+00:00,ml_trader,EURJPY,buy,702.04,159.298852,159.156409,159.66037,2.54,0.726,-100.2003,0.1001,sl_full,backtest_round_3,combined_eval,2022-08-05,2025-08-05,2886f4ec73486b28db23f14b1be5e8c9e51f8272018bea56d83ba240088dfbb0,bt_20260511_014731_000073
bt_20260511_014731,2023-08-21T17:15:00+00:00,2023-08-22T04:00:00+00:00,ml_trader,EURJPY,buy,759.32,159.298852,159.167155,159.592931,2.23,0.64,-100.2003,0.1001,sl_full,backtest_round_3,combined_eval,2022-08-05,2025-08-05,2886f4ec73486b28db23f14b1be5e8c9e51f8272018bea56d83ba240088dfbb0,bt_20260511_014731_000074
bt_20260511_014731,2023-09-05T08:15:00+00:00,2023-09-05T08:30:00+00:00,ml_trader,USDJPY,buy,642.48,147.478495,147.322849,147.846443,2.36,0.682,-100.1997,0.1001,sl_full,backtest_round_3,combined_eval,2022-08-05,2025-08-05,2886f4ec73486b28db23f14b1be5e8c9e51f8272018bea56d83ba240088dfbb0,bt_20260511_014731_000075
bt_20260511_014731,2023-09-05T10:00:00+00:00,2023-09-06T01:30:00+00:00,ml_trader,USDJPY,buy,335.68,147.578506,147.280605,148.289596,2.39,0.688,-100.1996,0.1001,sl_full,backtest_round_3,combined_eval,2022-08-05,2025-08-05,2886f4ec73486b28db23f14b1be5e8c9e51f8272018bea56d83ba240088dfbb0,bt_20260511_014731_000076
bt_20260511_014731,2023-09-05T16:45:00+00:00,2023-09-05T17:15:00+00:00,ml_trader,USDJPY,buy,916.65,147.736542,147.627449,148.002729,2.44,0.703,-100.2002,0.1001,sl_full,backtest_round_3,combined_eval,2022-08-05,2025-08-05,2886f4ec73486b28db23f14b1be5e8c9e51f8272018bea56d83ba240088dfbb0,bt_20260511_014731_000077
bt_20260511_014731,2023-09-14T17:15:00+00:00,2023-09-15T00:00:00+00:00,ml_trader,EURUSD,sell,118016.66,1.064027,1.064874,1.060638,4.0,0.908,-100.2001,0.1001,sl_full,backtest_round_3,combined_eval,2022-08-05,2025-08-05,2886f4ec73486b28db23f14b1be5e8c9e51f8272018bea56d83ba240088dfbb0,bt_20260511_014731_000078
bt_20260511_014731,2023-09-14T17:30:00+00:00,2023-09-14T22:00:00+00:00,ml_trader,EURUSD,sell,124884.58,1.064027,1.064828,1.061575,3.06,0.806,-100.2001,0.1001,sl_full,backtest_round_3,combined_eval,2022-08-05,2025-08-05,2886f4ec73486b28db23f14b1be5e8c9e51f8272018bea56d83ba240088dfbb0,bt_20260511_014731_000079
bt_20260511_014731,2023-09-14T17:45:00+00:00,2023-09-14T22:00:00+00:00,ml_trader,EURUSD,sell,132214.65,1.063987,1.064744,1.062112,2.48,0.714,-100.2001,0.1001,sl_full,backtest_round_3,combined_eval,2022-08-05,2025-08-05,2886f4ec73486b28db23f14b1be5e8c9e51f8272018bea56d83ba240088dfbb0,bt_20260511_014731_000080
bt_20260511_014731,2023-09-14T17:45:00+00:00,2023-09-14T22:00:00+00:00,ml_trader,GBPUSD,sell,105718.94,1.240562,1.241508,1.237062,3.7,0.87,-100.2001,0.1001,sl_full,backtest_round_3,combined_eval,2022-08-05,2025-08-05,2886f4ec73486b28db23f14b1be5e8c9e51f8272018bea56d83ba240088dfbb0,bt_20260511_014731_000081
bt_20260511_014731,2023-09-21T14:30:00+00:00,2023-09-21T19:30:00+00:00,ml_trader,GBPJPY,sell,524.95,181.300738,181.491234,180.555901,3.91,0.891,-100.2006,0.1001,sl_full,backtest_round_3,combined_eval,2022-08-05,2025-08-05,2886f4ec73486b28db23f14b1be5e8c9e51f8272018bea56d83ba240088dfbb0,bt_20260511_014731_000082
bt_20260511_014731,2023-09-25T16:00:00+00:00,2023-09-26T04:15:00+00:00,ml_trader,EURUSD,sell,117674.48,1.059028,1.059878,1.055629,4.0,0.934,-100.2001,0.1001,sl_full,backtest_round_3,combined_eval,2022-08-05,2025-08-05,2886f4ec73486b28db23f14b1be5e8c9e51f8272018bea56d83ba240088dfbb0,bt_20260511_014731_000083
bt_20260511_014731,2023-09-26T15:15:00+00:00,2023-09-27T15:00:00+00:00,ml_trader,GBPUSD,sell,80847.28,1.215337,1.216574,1.211379,3.2,0.82,163.706,0.1639,be_or_trail,backtest_round_3,combined_eval,2022-08-05,2025-08-05,2886f4ec73486b28db23f14b1be5e8c9e51f8272018bea56d83ba240088dfbb0,bt_20260511_014731_000084
bt_20260511_014731,2023-09-26T15:45:00+00:00,2023-09-27T12:00:00+00:00,ml_trader,GBPUSD,sell,87631.04,1.215287,1.216428,1.212444,2.49,0.718,237.9611,0.2382,be_or_trail,backtest_round_3,combined_eval,2022-08-05,2025-08-05,2886f4ec73486b28db23f14b1be5e8c9e51f8272018bea56d83ba240088dfbb0,bt_20260511_014731_000085
bt_20260511_014731,2023-09-27T17:45:00+00:00,2023-09-28T00:30:00+00:00,ml_trader,USDJPY,buy,631.94,149.516897,149.358655,149.991624,3.0,0.8,-100.1997,0.1001,sl_full,backtest_round_3,combined_eval,2022-08-05,2025-08-05,2886f4ec73486b28db23f14b1be5e8c9e51f8272018bea56d83ba240088dfbb0,bt_20260511_014731_000086
bt_20260511_014731,2023-09-28T07:30:00+00:00,2023-09-28T08:30:00+00:00,ml_trader,XAUUSD,sell,33.15,1876.099681,1879.115881,1866.839945,3.07,0.807,-100.1871,0.1001,sl_full,backtest_round_3,combined_eval,2022-08-05,2025-08-05,2886f4ec73486b28db23f14b1be5e8c9e51f8272018bea56d83ba240088dfbb0,bt_20260511_014731_000087
bt_20260511_014731,2023-09-28T07:45:00+00:00,2023-09-28T08:30:00+00:00,ml_trader,XAUUSD,sell,34.69,1875.579765,1878.462408,1867.410356,2.83,0.773,-100.199,0.1001,sl_full,backtest_round_3,combined_eval,2022-08-05,2025-08-05,2886f4ec73486b28db23f14b1be5e8c9e51f8272018bea56d83ba240088dfbb0,bt_20260511_014731_000088
bt_20260511_014731,2023-10-02T16:00:00+00:00,2023-10-04T04:00:00+00:00,ml_trader,GBPUSD,sell,75853.75,1.209058,1.210377,1.205024,3.06,0.806,156.4832,0.1566,be_or_trail,backtest_round_3,combined_eval,2022-08-05,2025-08-05,2886f4ec73486b28db23f14b1be5e8c9e51f8272018bea56d83ba240088dfbb0,bt_20260511_014731_000089
bt_20260511_014731,2023-10-18T07:45:00+00:00,2023-10-18T10:45:00+00:00,ml_trader,XAUUSD,buy,24.43,1946.427171,1942.334462,1956.814468,2.54,0.726,127.7949,0.1279,be_or_trail,backtest_round_3,combined_eval,2022-08-05,2025-08-05,2886f4ec73486b28db23f14b1be5e8c9e51f8272018bea56d83ba240088dfbb0,bt_20260511_014731_000090
bt_20260511_014731,2023-10-18T09:45:00+00:00,2023-10-18T10:45:00+00:00,ml_trader,XAUUSD,buy,12.05,1957.396406,1949.096388,1976.992748,2.36,0.681,-100.2153,0.1001,sl_full,backtest_round_3,combined_eval,2022-08-05,2025-08-05,2886f4ec73486b28db23f14b1be5e8c9e51f8272018bea56d83ba240088dfbb0,bt_20260511_014731_000091
bt_20260511_014731,2023-10-20T08:45:00+00:00,2023-10-20T11:45:00+00:00,ml_trader,XAUUSD,buy,14.69,1978.600597,1971.795118,1993.912924,2.25,0.65,202.9054,0.2031,be_or_trail,backtest_round_3,combined_eval,2022-08-05,2025-08-05,2886f4ec73486b28db23f14b1be5e8c9e51f8272018bea56d83ba240088dfbb0,bt_20260511_014731_000092
bt_20260511_014731,2023-10-20T09:15:00+00:00,2023-10-20T11:45:00+00:00,ml_trader,XAUUSD,buy,15.44,1978.460554,1971.98269,1993.119962,2.26,0.654,217.7477,0.218,be_or_trail,backtest_round_3,combined_eval,2022-08-05,2025-08-05,2886f4ec73486b28db23f14b1be5e8c9e51f8272018bea56d83ba240088dfbb0,bt_20260511_014731_000093
bt_20260511_014731,2023-11-07T07:15:00+00:00,2023-11-07T12:00:00+00:00,ml_trader,GBPJPY,buy,400.33,185.085014,184.835222,186.08418,4.0,0.936,-100.1991,0.1001,sl_full,backtest_round_3,combined_eval,2022-08-05,2025-08-05,2886f4ec73486b28db23f14b1be5e8c9e51f8272018bea56d83ba240088dfbb0,bt_20260511_014731_000094
bt_20260511_014731,2023-11-07T07:30:00+00:00,2023-11-07T12:00:00+00:00,ml_trader,GBPJPY,buy,411.83,185.063998,184.821182,185.86772,3.31,0.831,-100.1992,0.1001,sl_full,backtest_round_3,combined_eval,2022-08-05,2025-08-05,2886f4ec73486b28db23f14b1be5e8c9e51f8272018bea56d83ba240088dfbb0,bt_20260511_014731_000095
bt_20260511_014731,2023-11-07T07:45:00+00:00,2023-11-07T12:00:00+00:00,ml_trader,GBPJPY,buy,425.91,185.141025,184.906234,185.754297,2.61,0.738,-100.1996,0.1001,sl_full,backtest_round_3,combined_eval,2022-08-05,2025-08-05,2886f4ec73486b28db23f14b1be5e8c9e51f8272018bea56d83ba240088dfbb0,bt_20260511_014731_000096
bt_20260511_014731,2023-11-08T13:30:00+00:00,2023-11-08T17:00:00+00:00,ml_trader,EURJPY,buy,602.59,161.679333,161.513382,162.343134,4.0,0.926,-100.2001,0.1001,sl_full,backtest_round_3,combined_eval,2022-08-05,2025-08-05,2886f4ec73486b28db23f14b1be5e8c9e51f8272018bea56d83ba240088dfbb0,bt_20260511_014731_000097
bt_20260511_014731,2023-11-08T13:45:00+00:00,2023-11-08T17:00:00+00:00,ml_trader,EURJPY,buy,634.77,161.689329,161.531793,162.20526,3.27,0.827,-100.1993,0.1001,sl_full,backtest_round_3,combined_eval,2022-08-05,2025-08-05,2886f4ec73486b28db23f14b1be5e8c9e51f8272018bea56d83ba240088dfbb0,bt_20260511_014731_000098
bt_20260511_014731,2023-11-08T15:15:00+00:00,2023-11-08T17:00:00+00:00,ml_trader,EURJPY,buy,777.54,161.72434,161.59573,162.054482,2.57,0.731,-100.1996,0.1001,sl_full,backtest_round_3,combined_eval,2022-08-05,2025-08-05,2886f4ec73486b28db23f14b1be5e8c9e51f8272018bea56d83ba240088dfbb0,bt_20260511_014731_000099
bt_20260511_014731,2023-11-08T15:45:00+00:00,2023-11-08T17:00:00+00:00,ml_trader,EURJPY,buy,821.29,161.740334,161.618575,162.01417,2.25,0.65,-100.1995,0.1001,sl_full,backtest_round_3,combined_eval,2022-08-05,2025-08-05,2886f4ec73486b28db23f14b1be5e8c9e51f8272018bea56d83ba240088dfbb0,bt_20260511_014731_000100
bt_20260511_014731,2023-11-10T07:00:00+00:00,2023-11-10T08:45:00+00:00,ml_trader,USDJPY,buy,1058.85,151.473282,151.37884,151.705325,2.46,0.708,-100.1998,0.1001,sl_full,backtest_round_3,combined_eval,2022-08-05,2025-08-05,2886f4ec73486b28db23f14b1be5e8c9e51f8272018bea56d83ba240088dfbb0,bt_20260511_014731_000101
bt_20260511_014731,2023-11-14T17:15:00+00:00,2023-11-14T19:30:00+00:00,ml_trader,GBPUSD,buy,87990.63,1.24939,1.248253,1.252679,2.89,0.783,-100.2001,0.1001,sl_full,backtest_round_3,combined_eval,2022-08-05,2025-08-05,2886f4ec73486b28db23f14b1be5e8c9e51f8272018bea56d83ba240088dfbb0,bt_20260511_014731_000102
bt_20260511_014731,2023-11-14T17:45:00+00:00,2023-11-14T19:30:00+00:00,ml_trader,GBPUSD,buy,79980.87,1.24919,1.247939,1.252892,2.96,0.794,-100.2001,0.1001,sl_full,backtest_round_3,combined_eval,2022-08-05,2025-08-05,2886f4ec73486b28db23f14b1be5e8c9e51f8272018bea56d83ba240088dfbb0,bt_20260511_014731_000103
bt_20260511_014731,2023-11-20T08:30:00+00:00,2023-11-20T09:15:00+00:00,ml_trader,EURUSD,buy,90052.77,1.093059,1.091948,1.096479,3.08,0.808,-100.2001,0.1001,sl_full,backtest_round_3,combined_eval,2022-08-05,2025-08-05,2886f4ec73486b28db23f14b1be5e8c9e51f8272018bea56d83ba240088dfbb0,bt_20260511_014731_000104
bt_20260511_014731,2023-11-20T08:45:00+00:00,2023-11-21T00:45:00+00:00,ml_trader,EURUSD,buy,91282.43,1.092859,1.091763,1.095587,2.49,0.718,248.8343,0.2491,be_or_trail,backtest_round_3,combined_eval,2022-08-05,2025-08-05,2886f4ec73486b28db23f14b1be5e8c9e51f8272018bea56d83ba240088dfbb0,bt_20260511_014731_000105
bt_20260511_014731,2023-11-20T09:00:00+00:00,2023-11-20T20:15:00+00:00,ml_trader,EURUSD,buy,83161.37,1.092408,1.091206,1.09507,2.21,0.628,207.4452,0.2077,be_or_trail,backtest_round_3,combined_eval,2022-08-05,2025-08-05,2886f4ec73486b28db23f14b1be5e8c9e51f8272018bea56d83ba240088dfbb0,bt_20260511_014731_000106
bt_20260511_014731,2023-11-20T10:00:00+00:00,2023-11-21T12:15:00+00:00,ml_trader,EURUSD,buy,68912.18,1.093469,1.092018,1.09669,2.22,0.632,-100.2001,0.1001,sl_full,backtest_round_3,combined_eval,2022-08-05,2025-08-05,2886f4ec73486b28db23f14b1be5e8c9e51f8272018bea56d83ba240088dfbb0,bt_20260511_014731_000107
bt_20260511_014731,2023-11-21T09:30:00+00:00,2023-11-21T13:45:00+00:00,ml_trader,GBPUSD,buy,53088.67,1.254141,1.252257,1.258743,2.44,0.704,-100.2001,0.1001,sl_full,backtest_round_3,combined_eval,2022-08-05,2025-08-05,2886f4ec73486b28db23f14b1be5e8c9e51f8272018bea56d83ba240088dfbb0,bt_20260511_014731_000108
bt_20260511_014731,2023-11-21T10:00:00+00:00,2023-11-22T01:15:00+00:00,ml_trader,GBPUSD,buy,47295.33,1.253811,1.251696,1.258883,2.4,0.692,-100.2001,0.1001,sl_full,backtest_round_3,combined_eval,2022-08-05,2025-08-05,2886f4ec73486b28db23f14b1be5e8c9e51f8272018bea56d83ba240088dfbb0,bt_20260511_014731_000109
bt_20260511_014731,2023-11-21T10:15:00+00:00,2023-11-22T03:30:00+00:00,ml_trader,GBPUSD,buy,46430.14,1.253251,1.251097,1.258034,2.22,0.632,-100.2001,0.1001,sl_full,backtest_round_3,combined_eval,2022-08-05,2025-08-05,2886f4ec73486b28db23f14b1be5e8c9e51f8272018bea56d83ba240088dfbb0,bt_20260511_014731_000110
bt_20260511_014731,2023-11-24T16:30:00+00:00,2023-11-24T16:45:00+00:00,ml_trader,GBPUSD,buy,82039.1,1.260802,1.259583,1.265142,3.56,0.856,-100.2001,0.1001,sl_full,backtest_round_3,combined_eval,2022-08-05,2025-08-05,2886f4ec73486b28db23f14b1be5e8c9e51f8272018bea56d83ba240088dfbb0,bt_20260511_014731_000111
bt_20260511_014731,2023-11-24T16:45:00+00:00,2023-11-27T10:45:00+00:00,ml_trader,GBPUSD,buy,74407.89,1.260412,1.259068,1.264049,2.71,0.753,138.7531,0.1389,be_or_trail,backtest_round_3,combined_eval,2022-08-05,2025-08-05,2886f4ec73486b28db23f14b1be5e8c9e51f8272018bea56d83ba240088dfbb0,bt_20260511_014731_000112
bt_20260511_014731,2023-11-27T07:00:00+00:00,2023-11-27T08:30:00+00:00,ml_trader,XAUUSD,buy,28.54,2014.287787,2010.784208,2022.983669,2.48,0.715,-100.1922,0.1001,sl_full,backtest_round_3,combined_eval,2022-08-05,2025-08-05,2886f4ec73486b28db23f14b1be5e8c9e51f8272018bea56d83ba240088dfbb0,bt_20260511_014731_000113
bt_20260511_014731,2023-11-27T08:30:00+00:00,2023-11-27T11:30:00+00:00,ml_trader,XAUUSD,buy,19.76,2012.477366,2007.415393,2023.846558,2.25,0.647,-100.2247,0.1001,sl_full,backtest_round_3,combined_eval,2022-08-05,2025-08-05,2886f4ec73486b28db23f14b1be5e8c9e51f8272018bea56d83ba240088dfbb0,bt_20260511_014731_000114
bt_20260511_014731,2023-11-27T08:45:00+00:00,2023-11-27T11:30:00+00:00,ml_trader,XAUUSD,buy,19.31,2011.627221,2006.448025,2023.492757,2.29,0.662,-100.2104,0.1001,sl_full,backtest_round_3,combined_eval,2022-08-05,2025-08-05,2886f4ec73486b28db23f14b1be5e8c9e51f8272018bea56d83ba240088dfbb0,bt_20260511_014731_000115
bt_20260511_014731,2023-11-27T09:30:00+00:00,2023-11-27T11:30:00+00:00,ml_trader,XAUUSD,buy,20.75,2011.857247,2007.037611,2022.513462,2.21,0.627,-100.2076,0.1001,sl_full,backtest_round_3,combined_eval,2022-08-05,2025-08-05,2886f4ec73486b28db23f14b1be5e8c9e51f8272018bea56d83ba240088dfbb0,bt_20260511_014731_000116
bt_20260511_014731,2023-11-28T14:30:00+00:00,2023-11-29T04:30:00+00:00,ml_trader,XAUUSD,buy,21.25,2041.163156,2036.4578,2056.690829,3.3,0.83,-100.1889,0.1001,sl_full,backtest_round_3,combined_eval,2022-08-05,2025-08-05,2886f4ec73486b28db23f14b1be5e8c9e51f8272018bea56d83ba240088dfbb0,bt_20260511_014731_000117
bt_20260511_014731,2023-11-28T15:00:00+00:00,2023-11-29T04:15:00+00:00,ml_trader,XAUUSD,buy,22.26,2040.616049,2036.123725,2051.393135,2.4,0.692,120.82,0.1209,be_or_trail,backtest_round_3,combined_eval,2022-08-05,2025-08-05,2886f4ec73486b28db23f14b1be5e8c9e51f8272018bea56d83ba240088dfbb0,bt_20260511_014731_000118
bt_20260511_014731,2023-11-28T15:15:00+00:00,2023-11-29T02:30:00+00:00,ml_trader,XAUUSD,buy,23.36,2041.093196,2036.812014,2050.99985,2.31,0.668,116.644,0.1168,be_or_trail,backtest_round_3,combined_eval,2022-08-05,2025-08-05,2886f4ec73486b28db23f14b1be5e8c9e51f8272018bea56d83ba240088dfbb0,bt_20260511_014731_000119
bt_20260511_014731,2023-12-19T15:30:00+00:00,2023-12-19T21:00:00+00:00,ml_trader,EURUSD,buy,105904.76,1.097719,1.096775,1.101496,4.0,0.911,-100.2001,0.1001,sl_full,backtest_round_3,combined_eval,2022-08-05,2025-08-05,2886f4ec73486b28db23f14b1be5e8c9e51f8272018bea56d83ba240088dfbb0,bt_20260511_014731_000120
bt_20260511_014731,2023-12-27T15:15:00+00:00,2023-12-28T08:45:00+00:00,ml_trader,EURUSD,buy,82057.47,1.110672,1.109453,1.115547,4.0,0.917,-100.2001,0.1001,sl_full,backtest_round_3,combined_eval,2022-08-05,2025-08-05,2886f4ec73486b28db23f14b1be5e8c9e51f8272018bea56d83ba240088dfbb0,bt_20260511_014731_000121
bt_20260511_014731,2023-12-27T15:30:00+00:00,2023-12-28T08:45:00+00:00,ml_trader,EURUSD,buy,83908.64,1.110622,1.10943,1.114314,3.1,0.81,-100.2001,0.1001,sl_full,backtest_round_3,combined_eval,2022-08-05,2025-08-05,2886f4ec73486b28db23f14b1be5e8c9e51f8272018bea56d83ba240088dfbb0,bt_20260511_014731_000122
bt_20260511_014731,2024-01-10T07:30:00+00:00,2024-01-11T08:30:00+00:00,ml_trader,USDJPY,buy,498.38,145.283049,145.082397,146.085655,4.0,0.923,-100.2009,0.1001,sl_full,backtest_round_3,combined_eval,2022-08-05,2025-08-05,2886f4ec73486b28db23f14b1be5e8c9e51f8272018bea56d83ba240088dfbb0,bt_20260511_014731_000123
bt_20260511_014731,2024-01-10T07:45:00+00:00,2024-01-11T08:30:00+00:00,ml_trader,USDJPY,buy,518.2,145.303057,145.110081,145.929842,3.25,0.825,-100.2,0.1001,sl_full,backtest_round_3,combined_eval,2022-08-05,2025-08-05,2886f4ec73486b28db23f14b1be5e8c9e51f8272018bea56d83ba240088dfbb0,bt_20260511_014731_000124
bt_20260511_014731,2024-01-10T14:15:00+00:00,2024-01-10T19:15:00+00:00,ml_trader,USDJPY,buy,634.45,145.666121,145.508504,146.037467,2.36,0.68,-100.2003,0.1001,sl_full,backtest_round_3,combined_eval,2022-08-05,2025-08-05,2886f4ec73486b28db23f14b1be5e8c9e51f8272018bea56d83ba240088dfbb0,bt_20260511_014731_000125
bt_20260511_014731,2024-01-10T17:30:00+00:00,2024-01-10T19:45:00+00:00,ml_trader,EURJPY,buy,619.6,159.81896,159.657565,160.275869,2.83,0.773,-100.2004,0.1001,sl_full,backtest_round_3,combined_eval,2022-08-05,2025-08-05,2886f4ec73486b28db23f14b1be5e8c9e51f8272018bea56d83ba240088dfbb0,bt_20260511_014731_000126
bt_20260511_014731,2024-01-16T08:45:00+00:00,2024-01-17T04:45:00+00:00,ml_trader,USDJPY,buy,340.16,146.655332,146.361357,147.798896,3.89,0.889,363.0017,0.3634,be_or_trail,backtest_round_3,combined_eval,2022-08-05,2025-08-05,2886f4ec73486b28db23f14b1be5e8c9e51f8272018bea56d83ba240088dfbb0,bt_20260511_014731_000127
bt_20260511_014731,2024-01-16T09:00:00+00:00,2024-01-17T04:45:00+00:00,ml_trader,USDJPY,buy,339.59,146.558313,146.263844,147.417279,2.92,0.787,330.5214,0.3309,be_or_trail,backtest_round_3,combined_eval,2022-08-05,2025-08-05,2886f4ec73486b28db23f14b1be5e8c9e51f8272018bea56d83ba240088dfbb0,bt_20260511_014731_000128
bt_20260511_014731,2024-01-16T09:15:00+00:00,2024-01-16T20:45:00+00:00,ml_trader,USDJPY,buy,345.41,146.533299,146.24379,147.236516,2.43,0.7,231.4293,0.2317,be_or_trail,backtest_round_3,combined_eval,2022-08-05,2025-08-05,2886f4ec73486b28db23f14b1be5e8c9e51f8272018bea56d83ba240088dfbb0,bt_20260511_014731_000129
bt_20260511_014731,2024-01-16T09:30:00+00:00,2024-01-16T20:45:00+00:00,ml_trader,USDJPY,buy,338.03,146.62632,146.330486,147.280407,2.21,0.627,201.4426,0.2016,be_or_trail,backtest_round_3,combined_eval,2022-08-05,2025-08-05,2886f4ec73486b28db23f14b1be5e8c9e51f8272018bea56d83ba240088dfbb0,bt_20260511_014731_000130
bt_20260511_014731,2024-01-17T07:15:00+00:00,2024-01-18T21:30:00+00:00,ml_trader,EURJPY,buy,463.72,160.616116,160.400467,161.360107,3.45,0.845,335.3737,0.3357,be_or_trail,backtest_round_3,combined_eval,2022-08-05,2025-08-05,2886f4ec73486b28db23f14b1be5e8c9e51f8272018bea56d83ba240088dfbb0,bt_20260511_014731_000131
bt_20260511_014731,2024-01-17T07:30:00+00:00,2024-01-17T11:00:00+00:00,ml_trader,EURJPY,buy,497.09,160.579106,160.377935,161.125688,2.72,0.755,243.4369,0.2437,be_or_trail,backtest_round_3,combined_eval,2022-08-05,2025-08-05,2886f4ec73486b28db23f14b1be5e8c9e51f8272018bea56d83ba240088dfbb0,bt_20260511_014731_000132
bt_20260511_014731,2024-01-17T08:15:00+00:00,2024-01-17T11:15:00+00:00,ml_trader,GBPJPY,buy,377.29,187.052402,186.787351,187.70655,2.47,0.711,319.5621,0.3199,tp2,backtest_round_3,combined_eval,2022-08-05,2025-08-05,2886f4ec73486b28db23f14b1be5e8c9e51f8272018bea56d83ba240088dfbb0,bt_20260511_014731_000133
bt_20260511_014731,2024-01-17T14:00:00+00:00,2024-01-17T16:00:00+00:00,ml_trader,USDJPY,buy,498.99,148.329663,148.129256,148.997017,3.33,0.833,-100.201,0.1001,sl_full,backtest_round_3,combined_eval,2022-08-05,2025-08-05,2886f4ec73486b28db23f14b1be5e8c9e51f8272018bea56d83ba240088dfbb0,bt_20260511_014731_000134
bt_20260511_014731,2024-01-17T14:15:00+00:00,2024-01-17T17:00:00+00:00,ml_trader,USDJPY,buy,493.51,148.27965,148.07702,148.832426,2.73,0.757,-100.2002,0.1001,sl_full,backtest_round_3,combined_eval,2022-08-05,2025-08-05,2886f4ec73486b28db23f14b1be5e8c9e51f8272018bea56d83ba240088dfbb0,bt_20260511_014731_000135
bt_20260511_014731,2024-01-17T14:30:00+00:00,2024-01-17T19:45:00+00:00,ml_trader,USDJPY,buy,511.88,148.235635,148.040277,148.695897,2.36,0.68,-100.1997,0.1001,sl_full,backtest_round_3,combined_eval,2022-08-05,2025-08-05,2886f4ec73486b28db23f14b1be5e8c9e51f8272018bea56d83ba240088dfbb0,bt_20260511_014731_000136
bt_20260511_014731,2024-01-17T14:45:00+00:00,2024-01-17T17:00:00+00:00,ml_trader,USDJPY,buy,505.88,148.297659,148.099985,148.734915,2.21,0.627,-100.1996,0.1001,sl_full,backtest_round_3,combined_eval,2022-08-05,2025-08-05,2886f4ec73486b28db23f14b1be5e8c9e51f8272018bea56d83ba240088dfbb0,bt_20260511_014731_000137
bt_20260511_014731,2024-02-13T15:45:00+00:00,2024-02-13T17:00:00+00:00,ml_trader,EURJPY,buy,806.23,161.478288,161.354255,161.760961,2.28,0.658,-100.1996,0.1001,sl_full,backtest_round_3,combined_eval,2022-08-05,2025-08-05,2886f4ec73486b28db23f14b1be5e8c9e51f8272018bea56d83ba240088dfbb0,bt_20260511_014731_000138
bt_20260511_014731,2024-02-13T17:00:00+00:00,2024-02-13T17:45:00+00:00,ml_trader,USDJPY,buy,804.29,150.783157,150.658824,151.138251,2.86,0.777,-100.1998,0.1001,sl_full,backtest_round_3,combined_eval,2022-08-05,2025-08-05,2886f4ec73486b28db23f14b1be5e8c9e51f8272018bea56d83ba240088dfbb0,bt_20260511_014731_000139
bt_20260511_014731,2024-02-13T17:15:00+00:00,2024-02-13T17:45:00+00:00,ml_trader,USDJPY,buy,834.9,150.783157,150.663381,151.126552,2.87,0.779,-100.2004,0.1001,sl_full,backtest_round_3,combined_eval,2022-08-05,2025-08-05,2886f4ec73486b28db23f14b1be5e8c9e51f8272018bea56d83ba240088dfbb0,bt_20260511_014731_000140
bt_20260511_014731,2024-02-13T17:30:00+00:00,2024-02-13T17:45:00+00:00,ml_trader,USDJPY,buy,877.0,150.779143,150.665118,151.058389,2.45,0.706,-100.1995,0.1001,sl_full,backtest_round_3,combined_eval,2022-08-05,2025-08-05,2886f4ec73486b28db23f14b1be5e8c9e51f8272018bea56d83ba240088dfbb0,bt_20260511_014731_000141
bt_20260511_014731,2024-02-13T17:45:00+00:00,2024-02-14T02:00:00+00:00,ml_trader,GBPJPY,buy,461.53,189.712938,189.496268,190.229047,2.38,0.687,-100.2,0.1001,sl_full,backtest_round_3,combined_eval,2022-08-05,2025-08-05,2886f4ec73486b28db23f14b1be5e8c9e51f8272018bea56d83ba240088dfbb0,bt_20260511_014731_000142
bt_20260511_014731,2024-02-22T07:00:00+00:00,2024-02-22T08:30:00+00:00,ml_trader,EURJPY,buy,541.05,163.148621,162.963795,163.887922,4.0,0.901,-100.1999,0.1001,sl_full,backtest_round_3,combined_eval,2022-08-05,2025-08-05,2886f4ec73486b28db23f14b1be5e8c9e51f8272018bea56d83ba240088dfbb0,bt_20260511_014731_000143
bt_20260511_014731,2024-02-22T07:15:00+00:00,2024-02-22T09:00:00+00:00,ml_trader,EURJPY,buy,545.5,163.081606,162.898287,163.670608,3.21,0.821,-100.2003,0.1001,sl_full,backtest_round_3,combined_eval,2022-08-05,2025-08-05,2886f4ec73486b28db23f14b1be5e8c9e51f8272018bea56d83ba240088dfbb0,bt_20260511_014731_000144
bt_20260511_014731,2024-02-26T12:30:00+00:00,2024-02-26T17:00:00+00:00,ml_trader,EURJPY,buy,652.98,163.547702,163.394559,163.937299,2.54,0.727,-100.1996,0.1001,sl_full,backtest_round_3,combined_eval,2022-08-05,2025-08-05,2886f4ec73486b28db23f14b1be5e8c9e51f8272018bea56d83ba240088dfbb0,bt_20260511_014731_000145
bt_20260511_014731,2024-02-26T12:45:00+00:00,2024-02-26T17:00:00+00:00,ml_trader,EURJPY,buy,682.67,163.544696,163.398212,163.870037,2.22,0.632,-100.2003,0.1001,sl_full,backtest_round_3,combined_eval,2022-08-05,2025-08-05,2886f4ec73486b28db23f14b1be5e8c9e51f8272018bea56d83ba240088dfbb0,bt_20260511_014731_000146
bt_20260511_014731,2024-03-07T17:00:00+00:00,2024-03-08T08:30:00+00:00,ml_trader,GBPUSD,buy,104796.93,1.280806,1.279852,1.284623,4.0,0.93,498.9748,0.4995,tp2,backtest_round_3,combined_eval,2022-08-05,2025-08-05,2886f4ec73486b28db23f14b1be5e8c9e51f8272018bea56d83ba240088dfbb0,bt_20260511_014731_000147
bt_20260511_014731,2024-03-13T15:30:00+00:00,2024-03-14T00:00:00+00:00,ml_trader,XAUUSD,buy,23.85,2174.789851,2170.597219,2191.560381,4.0,0.931,-100.1944,0.1001,sl_full,backtest_round_3,combined_eval,2022-08-05,2025-08-05,2886f4ec73486b28db23f14b1be5e8c9e51f8272018bea56d83ba240088dfbb0,bt_20260511_014731_000148
bt_20260511_014731,2024-03-20T09:00:00+00:00,2024-03-20T13:00:00+00:00,ml_trader,USDJPY,buy,643.67,151.675333,151.519974,152.296771,4.0,0.912,-100.2003,0.1001,sl_full,backtest_round_3,combined_eval,2022-08-05,2025-08-05,2886f4ec73486b28db23f14b1be5e8c9e51f8272018bea56d83ba240088dfbb0,bt_20260511_014731_000149
bt_20260511_014731,2024-03-20T09:15:00+00:00,2024-03-20T10:00:00+00:00,ml_trader,USDJPY,buy,665.37,151.698333,151.54804,152.102622,2.69,0.75,-100.2008,0.1001,sl_full,backtest_round_3,combined_eval,2022-08-05,2025-08-05,2886f4ec73486b28db23f14b1be5e8c9e51f8272018bea56d83ba240088dfbb0,bt_20260511_014731_000150
bt_20260511_014731,2024-03-20T09:30:00+00:00,2024-03-20T10:00:00+00:00,ml_trader,USDJPY,buy,681.66,151.710329,151.563628,152.036445,2.22,0.634,-100.2004,0.1001,sl_full,backtest_round_3,combined_eval,2022-08-05,2025-08-05,2886f4ec73486b28db23f14b1be5e8c9e51f8272018bea56d83ba240088dfbb0,bt_20260511_014731_000151
bt_20260511_014731,2024-04-01T14:45:00+00:00,2024-04-01T16:00:00+00:00,ml_trader,GBPUSD,sell,115033.72,1.253959,1.254828,1.250647,3.81,0.881,-100.2001,0.1001,sl_full,backtest_round_3,combined_eval,2022-08-05,2025-08-05,2886f4ec73486b28db23f14b1be5e8c9e51f8272018bea56d83ba240088dfbb0,bt_20260511_014731_000152
bt_20260511_014731,2024-04-01T15:00:00+00:00,2024-04-01T17:00:00+00:00,ml_trader,GBPUSD,sell,110506.05,1.254359,1.255264,1.251604,3.04,0.804,-100.2001,0.1001,sl_full,backtest_round_3,combined_eval,2022-08-05,2025-08-05,2886f4ec73486b28db23f14b1be5e8c9e51f8272018bea56d83ba240088dfbb0,bt_20260511_014731_000153
bt_20260511_014731,2024-04-01T15:15:00+00:00,2024-04-01T17:00:00+00:00,ml_trader,GBPUSD,sell,116318.42,1.254269,1.255129,1.252113,2.51,0.721,-100.2001,0.1001,sl_full,backtest_round_3,combined_eval,2022-08-05,2025-08-05,2886f4ec73486b28db23f14b1be5e8c9e51f8272018bea56d83ba240088dfbb0,bt_20260511_014731_000154
bt_20260511_014731,2024-04-01T15:30:00+00:00,2024-04-01T17:00:00+00:00,ml_trader,GBPUSD,sell,122166.79,1.254359,1.255178,1.252524,2.24,0.645,-100.2001,0.1001,sl_full,backtest_round_3,combined_eval,2022-08-05,2025-08-05,2886f4ec73486b28db23f14b1be5e8c9e51f8272018bea56d83ba240088dfbb0,bt_20260511_014731_000155
bt_20260511_014731,2024-04-10T14:30:00+00:00,2024-04-12T09:00:00+00:00,ml_trader,USDJPY,buy,537.59,152.940586,152.754569,153.654889,3.84,0.884,-100.2008,0.1001,sl_full,backtest_round_3,combined_eval,2022-08-05,2025-08-05,2886f4ec73486b28db23f14b1be5e8c9e51f8272018bea56d83ba240088dfbb0,bt_20260511_014731_000156
bt_20260511_014731,2024-04-10T16:30:00+00:00,2024-04-10T17:00:00+00:00,ml_trader,USDJPY,buy,603.63,153.192635,153.026972,153.754234,3.39,0.839,-100.1995,0.1001,sl_full,backtest_round_3,combined_eval,2022-08-05,2025-08-05,2886f4ec73486b28db23f14b1be5e8c9e51f8272018bea56d83ba240088dfbb0,bt_20260511_014731_000157
bt_20260511_014731,2024-04-10T16:45:00+00:00,2024-04-10T17:00:00+00:00,ml_trader,USDJPY,buy,614.8,153.174626,153.01197,153.603386,2.64,0.742,-100.2008,0.1001,sl_full,backtest_round_3,combined_eval,2022-08-05,2025-08-05,2886f4ec73486b28db23f14b1be5e8c9e51f8272018bea56d83ba240088dfbb0,bt_20260511_014731_000158
bt_20260511_014731,2024-04-12T07:00:00+00:00,2024-04-12T10:45:00+00:00,ml_trader,XAUUSD,buy,14.22,2395.664096,2388.629343,2419.300864,3.36,0.836,352.1699,0.3525,be_or_trail,backtest_round_3,combined_eval,2022-08-05,2025-08-05,2886f4ec73486b28db23f14b1be5e8c9e51f8272018bea56d83ba240088dfbb0,bt_20260511_014731_000159
bt_20260511_014731,2024-04-15T08:15:00+00:00,2024-04-15T10:30:00+00:00,ml_trader,USDJPY,buy,808.36,153.982786,153.859079,154.461532,3.87,0.887,-100.1997,0.1001,sl_full,backtest_round_3,combined_eval,2022-08-05,2025-08-05,2886f4ec73486b28db23f14b1be5e8c9e51f8272018bea56d83ba240088dfbb0,bt_20260511_014731_000160
bt_20260511_014731,2024-04-15T08:30:00+00:00,2024-04-15T10:30:00+00:00,ml_trader,USDJPY,buy,490.24,154.29686,154.092879,154.926956,3.09,0.809,-100.1996,0.1001,sl_full,backtest_round_3,combined_eval,2022-08-05,2025-08-05,2886f4ec73486b28db23f14b1be5e8c9e51f8272018bea56d83ba240088dfbb0,bt_20260511_014731_000161
bt_20260511_014731,2024-04-15T08:45:00+00:00,2024-04-15T10:30:00+00:00,ml_trader,USDJPY,buy,478.28,154.22084,154.011759,154.735182,2.46,0.709,-100.1998,0.1001,sl_full,backtest_round_3,combined_eval,2022-08-05,2025-08-05,2886f4ec73486b28db23f14b1be5e8c9e51f8272018bea56d83ba240088dfbb0,bt_20260511_014731_000162
bt_20260511_014731,2024-04-24T13:15:00+00:00,2024-04-25T23:30:00+00:00,ml_trader,USDJPY,buy,669.32,155.290054,155.14065,155.887673,4.0,0.945,420.8989,0.4213,be_or_trail,backtest_round_3,combined_eval,2022-08-05,2025-08-05,2886f4ec73486b28db23f14b1be5e8c9e51f8272018bea56d83ba240088dfbb0,bt_20260511_014731_000163
bt_20260511_014731,2024-04-24T13:30:00+00:00,2024-04-24T18:15:00+00:00,ml_trader,USDJPY,buy,639.23,155.354063,155.197626,155.884384,3.39,0.839,-100.1994,0.1001,sl_full,backtest_round_3,combined_eval,2022-08-05,2025-08-05,2886f4ec73486b28db23f14b1be5e8c9e51f8272018bea56d83ba240088dfbb0,bt_20260511_014731_000164
bt_20260511_014731,2024-04-24T16:30:00+00:00,2024-04-24T17:00:00+00:00,ml_trader,USDJPY,buy,945.25,155.383075,155.277284,155.655172,2.57,0.732,-100.1999,0.1001,sl_full,backtest_round_3,combined_eval,2022-08-05,2025-08-05,2886f4ec73486b28db23f14b1be5e8c9e51f8272018bea56d83ba240088dfbb0,bt_20260511_014731_000165
bt_20260511_014731,2024-04-24T17:00:00+00:00,2024-04-25T00:45:00+00:00,ml_trader,USDJPY,buy,863.89,155.255044,155.139288,155.515031,2.25,0.647,219.0885,0.2193,be_or_trail,backtest_round_3,combined_eval,2022-08-05,2025-08-05,2886f4ec73486b28db23f14b1be5e8c9e51f8272018bea56d83ba240088dfbb0,bt_20260511_014731_000166
bt_20260511_014731,2024-04-25T07:00:00+00:00,2024-04-25T08:30:00+00:00,ml_trader,EURJPY,buy,563.74,166.813355,166.635966,167.275629,2.61,0.737,-100.201,0.1001,sl_full,backtest_round_3,combined_eval,2022-08-05,2025-08-05,2886f4ec73486b28db23f14b1be5e8c9e51f8272018bea56d83ba240088dfbb0,bt_20260511_014731_000167
bt_20260511_014731,2024-04-25T07:30:00+00:00,2024-04-25T08:30:00+00:00,ml_trader,EURJPY,buy,539.57,166.768348,166.583016,167.211845,2.39,0.69,-100.1993,0.1001,sl_full,backtest_round_3,combined_eval,2022-08-05,2025-08-05,2886f4ec73486b28db23f14b1be5e8c9e51f8272018bea56d83ba240088dfbb0,bt_20260511_014731_000168
bt_20260511_014731,2024-04-25T07:45:00+00:00,2024-04-25T08:30:00+00:00,ml_trader,EURJPY,buy,562.83,166.79736,166.619688,167.20654,2.3,0.665,-100.1995,0.1001,sl_full,backtest_round_3,combined_eval,2022-08-05,2025-08-05,2886f4ec73486b28db23f14b1be5e8c9e51f8272018bea56d83ba240088dfbb0,bt_20260511_014731_000169
bt_20260511_014731,2024-04-25T08:15:00+00:00,2024-04-25T08:30:00+00:00,ml_trader,GBPJPY,buy,455.83,194.511902,194.292521,195.017354,2.3,0.665,-100.2003,0.1001,sl_full,backtest_round_3,combined_eval,2022-08-05,2025-08-05,2886f4ec73486b28db23f14b1be5e8c9e51f8272018bea56d83ba240088dfbb0,bt_20260511_014731_000170
bt_20260511_014731,2024-04-30T15:15:00+00:00,2024-05-01T08:45:00+00:00,ml_trader,XAUUSD,sell,13.88,2292.206506,2299.410481,2270.954779,2.95,0.792,-100.1913,0.1001,sl_full,backtest_round_3,combined_eval,2022-08-05,2025-08-05,2886f4ec73486b28db23f14b1be5e8c9e51f8272018bea56d83ba240088dfbb0,bt_20260511_014731_000171
bt_20260511_014731,2024-04-30T15:30:00+00:00,2024-05-01T09:15:00+00:00,ml_trader,XAUUSD,sell,14.23,2293.326155,2300.353629,2276.621849,2.38,0.686,-100.2011,0.1001,sl_full,backtest_round_3,combined_eval,2022-08-05,2025-08-05,2886f4ec73486b28db23f14b1be5e8c9e51f8272018bea56d83ba240088dfbb0,bt_20260511_014731_000172
bt_20260511_014731,2024-05-15T09:30:00+00:00,2024-05-17T13:15:00+00:00,ml_trader,XAUUSD,buy,8.19,2362.160326,2349.95432,2410.98435,4.0,0.909,405.5898,0.406,time_exit,backtest_round_3,combined_eval,2022-08-05,2025-08-05,2886f4ec73486b28db23f14b1be5e8c9e51f8272018bea56d83ba240088dfbb0,bt_20260511_014731_000173
bt_20260511_014731,2024-05-15T09:45:00+00:00,2024-05-17T13:30:00+00:00,ml_trader,XAUUSD,buy,7.13,2358.526543,2344.499085,2399.907541,2.95,0.792,340.6937,0.341,time_exit,backtest_round_3,combined_eval,2022-08-05,2025-08-05,2886f4ec73486b28db23f14b1be5e8c9e51f8272018bea56d83ba240088dfbb0,bt_20260511_014731_000174
bt_20260511_014731,2024-05-17T16:15:00+00:00,2024-05-19T23:30:00+00:00,ml_trader,XAUUSD,buy,15.38,2416.301279,2409.797816,2434.751602,2.84,0.774,268.779,0.269,be_or_trail,backtest_round_3,combined_eval,2022-08-05,2025-08-05,2886f4ec73486b28db23f14b1be5e8c9e51f8272018bea56d83ba240088dfbb0,bt_20260511_014731_000175
bt_20260511_014731,2024-05-17T16:45:00+00:00,2024-05-20T03:15:00+00:00,ml_trader,GBPJPY,buy,582.56,197.685525,197.513869,198.372149,4.0,0.933,-100.2,0.1001,sl_full,backtest_round_3,combined_eval,2022-08-05,2025-08-05,2886f4ec73486b28db23f14b1be5e8c9e51f8272018bea56d83ba240088dfbb0,bt_20260511_014731_000176
bt_20260511_014731,2024-05-17T16:45:00+00:00,2024-05-20T01:30:00+00:00,ml_trader,XAUUSD,buy,12.7,2415.007807,2407.133816,2433.747907,2.38,0.686,306.4353,0.3067,tp2,backtest_round_3,combined_eval,2022-08-05,2025-08-05,2886f4ec73486b28db23f14b1be5e8c9e51f8272018bea56d83ba240088dfbb0,bt_20260511_014731_000177
bt_20260511_014731,2024-05-27T16:30:00+00:00,2024-05-27T17:45:00+00:00,ml_trader,GBPJPY,buy,968.88,200.347068,200.243857,200.639879,2.84,0.774,-100.1996,0.1001,sl_full,backtest_round_3,combined_eval,2022-08-05,2025-08-05,2886f4ec73486b28db23f14b1be5e8c9e51f8272018bea56d83ba240088dfbb0,bt_20260511_014731_000178
bt_20260511_014731,2024-06-26T09:15:00+00:00,2024-06-27T00:00:00+00:00,ml_trader,USDJPY,buy,385.02,160.59011,160.330382,161.629023,4.0,0.902,-100.2007,0.1001,sl_full,backtest_round_3,combined_eval,2022-08-05,2025-08-05,2886f4ec73486b28db23f14b1be5e8c9e51f8272018bea56d83ba240088dfbb0,bt_20260511_014731_000179
bt_20260511_014731,2024-06-26T14:30:00+00:00,2024-06-27T00:45:00+00:00,ml_trader,GBPUSD,sell,80026.29,1.262108,1.263357,1.257222,3.91,0.891,-100.2001,0.1001,sl_full,backtest_round_3,combined_eval,2022-08-05,2025-08-05,2886f4ec73486b28db23f14b1be5e8c9e51f8272018bea56d83ba240088dfbb0,bt_20260511_014731_000180
bt_20260511_014731,2024-06-26T15:00:00+00:00,2024-06-26T21:45:00+00:00,ml_trader,GBPUSD,sell,86558.36,1.261468,1.262623,1.258034,2.97,0.796,-100.2001,0.1001,sl_full,backtest_round_3,combined_eval,2022-08-05,2025-08-05,2886f4ec73486b28db23f14b1be5e8c9e51f8272018bea56d83ba240088dfbb0,bt_20260511_014731_000181
bt_20260511_014731,2024-06-26T15:15:00+00:00,2024-06-26T15:45:00+00:00,ml_trader,GBPUSD,sell,93380.35,1.261428,1.262499,1.258823,2.43,0.701,-100.2001,0.1001,sl_full,backtest_round_3,combined_eval,2022-08-05,2025-08-05,2886f4ec73486b28db23f14b1be5e8c9e51f8272018bea56d83ba240088dfbb0,bt_20260511_014731_000182
bt_20260511_014731,2024-07-01T09:15:00+00:00,2024-07-01T10:00:00+00:00,ml_trader,EURJPY,buy,438.75,173.640724,173.412802,174.552414,4.0,0.91,-100.2011,0.1001,sl_full,backtest_round_3,combined_eval,2022-08-05,2025-08-05,2886f4ec73486b28db23f14b1be5e8c9e51f8272018bea56d83ba240088dfbb0,bt_20260511_014731_000183
bt_20260511_014731,2024-07-01T10:15:00+00:00,2024-07-01T11:30:00+00:00,ml_trader,EURJPY,buy,416.72,173.512692,173.272724,174.313467,3.34,0.834,-100.1998,0.1001,sl_full,backtest_round_3,combined_eval,2022-08-05,2025-08-05,2886f4ec73486b28db23f14b1be5e8c9e51f8272018bea56d83ba240088dfbb0,bt_20260511_014731_000184
bt_20260511_014731,2024-07-02T17:15:00+00:00,2024-07-03T03:00:00+00:00,ml_trader,GBPJPY,buy,489.17,204.766943,204.562514,205.307455,2.64,0.743,254.8585,0.2551,be_or_trail,backtest_round_3,combined_eval,2022-08-05,2025-08-05,2886f4ec73486b28db23f14b1be5e8c9e51f8272018bea56d83ba240088dfbb0,bt_20260511_014731_000185
bt_20260511_014731,2024-07-02T17:30:00+00:00,2024-07-03T03:00:00+00:00,ml_trader,GBPJPY,buy,472.93,204.839956,204.62851,205.338546,2.36,0.68,217.6216,0.2178,be_or_trail,backtest_round_3,combined_eval,2022-08-05,2025-08-05,2886f4ec73486b28db23f14b1be5e8c9e51f8272018bea56d83ba240088dfbb0,bt_20260511_014731_000186
bt_20260511_014731,2024-07-02T17:45:00+00:00,2024-07-03T02:45:00+00:00,ml_trader,GBPJPY,buy,471.93,204.75394,204.542043,205.22859,2.24,0.644,201.525,0.2017,be_or_trail,backtest_round_3,combined_eval,2022-08-05,2025-08-05,2886f4ec73486b28db23f14b1be5e8c9e51f8272018bea56d83ba240088dfbb0,bt_20260511_014731_000187
bt_20260511_014731,2024-07-03T08:00:00+00:00,2024-07-03T10:00:00+00:00,ml_trader,EURJPY,buy,612.81,174.164831,174.001649,174.557121,2.4,0.693,-100.1998,0.1001,sl_full,backtest_round_3,combined_eval,2022-08-05,2025-08-05,2886f4ec73486b28db23f14b1be5e8c9e51f8272018bea56d83ba240088dfbb0,bt_20260511_014731_000188
bt_20260511_014731,2024-07-03T08:15:00+00:00,2024-07-03T10:00:00+00:00,ml_trader,EURJPY,buy,535.07,174.28485,174.097958,174.714889,2.3,0.664,-100.2004,0.1001,sl_full,backtest_round_3,combined_eval,2022-08-05,2025-08-05,2886f4ec73486b28db23f14b1be5e8c9e51f8272018bea56d83ba240088dfbb0,bt_20260511_014731_000189
bt_20260511_014731,2024-07-05T16:45:00+00:00,2024-07-07T18:00:00+00:00,ml_trader,XAUUSD,buy,20.39,2391.183219,2386.277897,2407.076462,3.24,0.824,-100.2196,0.1001,sl_full,backtest_round_3,combined_eval,2022-08-05,2025-08-05,2886f4ec73486b28db23f14b1be5e8c9e51f8272018bea56d83ba240088dfbb0,bt_20260511_014731_000190
bt_20260511_014731,2024-07-10T14:00:00+00:00,2024-07-10T17:45:00+00:00,ml_trader,GBPJPY,buy,615.66,207.73354,207.571112,208.383249,4.0,0.938,-100.2002,0.1001,sl_full,backtest_round_3,combined_eval,2022-08-05,2025-08-05,2886f4ec73486b28db23f14b1be5e8c9e51f8272018bea56d83ba240088dfbb0,bt_20260511_014731_000191
bt_20260511_014731,2024-07-10T14:45:00+00:00,2024-07-10T17:00:00+00:00,ml_trader,GBPJPY,buy,645.72,207.848568,207.693703,208.361173,3.31,0.831,-100.1998,0.1001,sl_full,backtest_round_3,combined_eval,2022-08-05,2025-08-05,2886f4ec73486b28db23f14b1be5e8c9e51f8272018bea56d83ba240088dfbb0,bt_20260511_014731_000192
bt_20260511_014731,2024-07-10T16:45:00+00:00,2024-07-10T17:00:00+00:00,ml_trader,EURJPY,buy,945.06,175.096017,174.990203,175.519271,4.0,0.906,-100.2003,0.1001,sl_full,backtest_round_3,combined_eval,2022-08-05,2025-08-05,2886f4ec73486b28db23f14b1be5e8c9e51f8272018bea56d83ba240088dfbb0,bt_20260511_014731_000193
bt_20260511_014731,2024-07-10T17:00:00+00:00,2024-07-11T03:15:00+00:00,ml_trader,GBPJPY,buy,757.17,207.67353,207.541459,207.9662,2.22,0.629,203.4941,0.2037,be_or_trail,backtest_round_3,combined_eval,2022-08-05,2025-08-05,2886f4ec73486b28db23f14b1be5e8c9e51f8272018bea56d83ba240088dfbb0,bt_20260511_014731_000194
bt_20260511_014731,2024-07-11T08:00:00+00:00,2024-07-11T08:15:00+00:00,ml_trader,EURUSD,buy,125821.23,1.085647,1.084852,1.087535,2.38,0.685,-100.2001,0.1001,sl_full,backtest_round_3,combined_eval,2022-08-05,2025-08-05,2886f4ec73486b28db23f14b1be5e8c9e51f8272018bea56d83ba240088dfbb0,bt_20260511_014731_000195
bt_20260511_014731,2024-07-11T15:15:00+00:00,2024-07-12T09:00:00+00:00,ml_trader,EURUSD,buy,109775.41,1.086737,1.085826,1.088977,2.46,0.709,230.5542,0.2308,be_or_trail,backtest_round_3,combined_eval,2022-08-05,2025-08-05,2886f4ec73486b28db23f14b1be5e8c9e51f8272018bea56d83ba240088dfbb0,bt_20260511_014731_000196
bt_20260511_014731,2024-07-11T15:30:00+00:00,2024-07-12T08:30:00+00:00,ml_trader,EURUSD,buy,112809.96,1.086647,1.085761,1.088614,2.22,0.632,213.371,0.2136,be_or_trail,backtest_round_3,combined_eval,2022-08-05,2025-08-05,2886f4ec73486b28db23f14b1be5e8c9e51f8272018bea56d83ba240088dfbb0,bt_20260511_014731_000197
bt_20260511_014731,2024-07-12T16:30:00+00:00,2024-07-15T00:00:00+00:00,ml_trader,EURUSD,buy,151858.02,1.090728,1.09007,1.092477,2.66,0.745,-100.2001,0.1001,sl_full,backtest_round_3,combined_eval,2022-08-05,2025-08-05,2886f4ec73486b28db23f14b1be5e8c9e51f8272018bea56d83ba240088dfbb0,bt_20260511_014731_000198
bt_20260511_014731,2024-07-12T16:45:00+00:00,2024-07-15T00:00:00+00:00,ml_trader,EURUSD,buy,146671.7,1.090758,1.090076,1.092329,2.3,0.665,-100.2001,0.1001,sl_full,backtest_round_3,combined_eval,2022-08-05,2025-08-05,2886f4ec73486b28db23f14b1be5e8c9e51f8272018bea56d83ba240088dfbb0,bt_20260511_014731_000199
bt_20260511_014731,2024-07-17T08:45:00+00:00,2024-07-17T10:00:00+00:00,ml_trader,GBPUSD,buy,76655.76,1.303461,1.302156,1.306633,2.43,0.701,-100.2001,0.1001,sl_full,backtest_round_3,combined_eval,2022-08-05,2025-08-05,2886f4ec73486b28db23f14b1be5e8c9e51f8272018bea56d83ba240088dfbb0,bt_20260511_014731_000200
bt_20260511_014731,2024-07-17T09:30:00+00:00,2024-07-17T11:00:00+00:00,ml_trader,EURUSD,buy,84509.17,1.093989,1.092805,1.098722,4.0,0.907,-100.2001,0.1001,sl_full,backtest_round_3,combined_eval,2022-08-05,2025-08-05,2886f4ec73486b28db23f14b1be5e8c9e51f8272018bea56d83ba240088dfbb0,bt_20260511_014731_000201
bt_20260511_014731,2024-07-17T09:30:00+00:00,2024-07-17T10:00:00+00:00,ml_trader,GBPUSD,buy,69306.85,1.303231,1.301788,1.307439,2.92,0.787,-100.2001,0.1001,sl_full,backtest_round_3,combined_eval,2022-08-05,2025-08-05,2886f4ec73486b28db23f14b1be5e8c9e51f8272018bea56d83ba240088dfbb0,bt_20260511_014731_000202
bt_20260511_014731,2024-07-17T09:45:00+00:00,2024-07-17T10:00:00+00:00,ml_trader,GBPUSD,buy,69383.95,1.303391,1.301949,1.306952,2.47,0.712,-100.2001,0.1001,sl_full,backtest_round_3,combined_eval,2022-08-05,2025-08-05,2886f4ec73486b28db23f14b1be5e8c9e51f8272018bea56d83ba240088dfbb0,bt_20260511_014731_000203
bt_20260511_014731,2024-07-17T10:00:00+00:00,2024-07-17T12:15:00+00:00,ml_trader,EURUSD,buy,84291.6,1.093589,1.092402,1.097114,2.97,0.796,-100.2001,0.1001,sl_full,backtest_round_3,combined_eval,2022-08-05,2025-08-05,2886f4ec73486b28db23f14b1be5e8c9e51f8272018bea56d83ba240088dfbb0,bt_20260511_014731_000204
bt_20260511_014731,2024-07-17T10:15:00+00:00,2024-07-17T11:00:00+00:00,ml_trader,EURUSD,buy,87305.64,1.093929,1.092783,1.096723,2.44,0.703,-100.2001,0.1001,sl_full,backtest_round_3,combined_eval,2022-08-05,2025-08-05,2886f4ec73486b28db23f14b1be5e8c9e51f8272018bea56d83ba240088dfbb0,bt_20260511_014731_000205
bt_20260511_014731,2024-07-17T10:30:00+00:00,2024-07-17T12:15:00+00:00,ml_trader,EURUSD,buy,88986.12,1.093549,1.092425,1.096046,2.22,0.633,-100.2001,0.1001,sl_full,backtest_round_3,combined_eval,2022-08-05,2025-08-05,2886f4ec73486b28db23f14b1be5e8c9e51f8272018bea56d83ba240088dfbb0,bt_20260511_014731_000206
bt_20260511_014731,2024-07-23T08:45:00+00:00,2024-07-24T00:00:00+00:00,ml_trader,EURJPY,sell,365.7,169.347121,169.620566,168.313495,3.78,0.878,413.3582,0.4138,be_or_trail,backtest_round_3,combined_eval,2022-08-05,2025-08-05,2886f4ec73486b28db23f14b1be5e8c9e51f8272018bea56d83ba240088dfbb0,bt_20260511_014731_000207
bt_20260511_014731,2024-07-23T09:30:00+00:00,2024-07-23T22:45:00+00:00,ml_trader,EURJPY,sell,379.31,169.347121,169.610756,168.483715,3.27,0.827,310.9371,0.3112,be_or_trail,backtest_round_3,combined_eval,2022-08-05,2025-08-05,2886f4ec73486b28db23f14b1be5e8c9e51f8272018bea56d83ba240088dfbb0,bt_20260511_014731_000208
bt_20260511_014731,2024-07-23T10:30:00+00:00,2024-07-23T21:30:00+00:00,ml_trader,EURJPY,sell,389.37,169.244144,169.500967,168.641382,2.35,0.677,231.1993,0.2314,be_or_trail,backtest_round_3,combined_eval,2022-08-05,2025-08-05,2886f4ec73486b28db23f14b1be5e8c9e51f8272018bea56d83ba240088dfbb0,bt_20260511_014731_000209
bt_20260511_014731,2024-07-23T16:45:00+00:00,2024-07-23T19:00:00+00:00,ml_trader,USDJPY,sell,747.1,155.520892,155.654743,155.006904,3.84,0.884,-100.2002,0.1001,sl_full,backtest_round_3,combined_eval,2022-08-05,2025-08-05,2886f4ec73486b28db23f14b1be5e8c9e51f8272018bea56d83ba240088dfbb0,bt_20260511_014731_000210
bt_20260511_014731,2024-07-23T17:30:00+00:00,2024-07-23T19:00:00+00:00,ml_trader,GBPJPY,sell,594.12,200.752841,200.921157,200.311011,2.62,0.74,-100.2001,0.1001,sl_full,backtest_round_3,combined_eval,2022-08-05,2025-08-05,2886f4ec73486b28db23f14b1be5e8c9e51f8272018bea56d83ba240088dfbb0,bt_20260511_014731_000211
bt_20260511_014731,2024-07-23T17:30:00+00:00,2024-07-23T19:00:00+00:00,ml_trader,USDJPY,sell,855.55,155.535888,155.652772,155.192365,2.94,0.79,-100.2005,0.1001,sl_full,backtest_round_3,combined_eval,2022-08-05,2025-08-05,2886f4ec73486b28db23f14b1be5e8c9e51f8272018bea56d83ba240088dfbb0,bt_20260511_014731_000212
bt_20260511_014731,2024-07-24T16:15:00+00:00,2024-07-24T20:15:00+00:00,ml_trader,GBPJPY,sell,480.28,198.670265,198.878476,198.087272,2.8,0.768,268.8482,0.2691,be_or_trail,backtest_round_3,combined_eval,2022-08-05,2025-08-05,2886f4ec73486b28db23f14b1be5e8c9e51f8272018bea56d83ba240088dfbb0,bt_20260511_014731_000213
bt_20260511_014731,2024-07-24T16:15:00+00:00,2024-07-24T19:45:00+00:00,ml_trader,USDJPY,sell,548.29,153.956202,154.138589,153.544008,2.26,0.653,115.5091,0.1156,be_or_trail,backtest_round_3,combined_eval,2022-08-05,2025-08-05,2886f4ec73486b28db23f14b1be5e8c9e51f8272018bea56d83ba240088dfbb0,bt_20260511_014731_000214
bt_20260511_014731,2024-08-02T07:00:00+00:00,2024-08-02T09:15:00+00:00,ml_trader,GBPJPY,sell,229.16,189.68906,190.125445,188.200986,3.41,0.841,171.3061,0.1715,be_or_trail,backtest_round_3,combined_eval,2022-08-05,2025-08-05,2886f4ec73486b28db23f14b1be5e8c9e51f8272018bea56d83ba240088dfbb0,bt_20260511_014731_000215
bt_20260511_014731,2024-08-13T13:00:00+00:00,2024-08-14T06:30:00+00:00,ml_trader,EURUSD,buy,87426.82,1.097579,1.096436,1.102155,4.0,0.938,385.2894,0.3857,be_or_trail,backtest_round_3,combined_eval,2022-08-05,2025-08-05,2886f4ec73486b28db23f14b1be5e8c9e51f8272018bea56d83ba240088dfbb0,bt_20260511_014731_000216
bt_20260511_014731,2024-08-19T08:00:00+00:00,2024-08-19T09:00:00+00:00,ml_trader,EURUSD,buy,106972.86,1.104321,1.103386,1.10806,4.0,0.951,-100.2001,0.1001,sl_full,backtest_round_3,combined_eval,2022-08-05,2025-08-05,2886f4ec73486b28db23f14b1be5e8c9e51f8272018bea56d83ba240088dfbb0,bt_20260511_014731_000217
bt_20260511_014731,2024-08-19T08:45:00+00:00,2024-08-19T09:00:00+00:00,ml_trader,EURUSD,buy,111662.67,1.104111,1.103215,1.107011,3.24,0.824,-100.2001,0.1001,sl_full,backtest_round_3,combined_eval,2022-08-05,2025-08-05,2886f4ec73486b28db23f14b1be5e8c9e51f8272018bea56d83ba240088dfbb0,bt_20260511_014731_000218
bt_20260511_014731,2024-08-19T09:00:00+00:00,2024-08-19T11:15:00+00:00,ml_trader,EURUSD,buy,101886.09,1.103631,1.102649,1.10607,2.48,0.716,243.4183,0.2437,be_or_trail,backtest_round_3,combined_eval,2022-08-05,2025-08-05,2886f4ec73486b28db23f14b1be5e8c9e51f8272018bea56d83ba240088dfbb0,bt_20260511_014731_000219
bt_20260511_014731,2024-08-26T11:45:00+00:00,2024-08-27T21:45:00+00:00,ml_trader,GBPUSD,buy,59479.23,1.318714,1.317032,1.324833,3.64,0.864,364.1192,0.3645,be_or_trail,backtest_round_3,combined_eval,2022-08-05,2025-08-05,2886f4ec73486b28db23f14b1be5e8c9e51f8272018bea56d83ba240088dfbb0,bt_20260511_014731_000220
bt_20260511_014731,2024-09-13T07:15:00+00:00,2024-09-16T03:00:00+00:00,ml_trader,XAUUSD,buy,17.07,2566.628213,2560.770052,2586.311634,3.36,0.836,323.3611,0.3237,be_or_trail,backtest_round_3,combined_eval,2022-08-05,2025-08-05,2886f4ec73486b28db23f14b1be5e8c9e51f8272018bea56d83ba240088dfbb0,bt_20260511_014731_000221
bt_20260511_014731,2024-09-13T07:30:00+00:00,2024-09-13T09:30:00+00:00,ml_trader,XAUUSD,buy,16.33,2564.697896,2558.573846,2579.622205,2.44,0.702,233.2573,0.2335,be_or_trail,backtest_round_3,combined_eval,2022-08-05,2025-08-05,2886f4ec73486b28db23f14b1be5e8c9e51f8272018bea56d83ba240088dfbb0,bt_20260511_014731_000222
bt_20260511_014731,2024-09-13T07:45:00+00:00,2024-09-16T03:00:00+00:00,ml_trader,XAUUSD,buy,15.36,2567.678472,2561.168655,2582.865875,2.33,0.673,244.7067,0.245,be_or_trail,backtest_round_3,combined_eval,2022-08-05,2025-08-05,2886f4ec73486b28db23f14b1be5e8c9e51f8272018bea56d83ba240088dfbb0,bt_20260511_014731_000223
bt_20260511_014731,2024-09-13T09:45:00+00:00,2024-09-13T10:30:00+00:00,ml_trader,USDJPY,sell,256.37,140.323935,140.713996,138.947018,3.53,0.853,-100.2001,0.1001,sl_full,backtest_round_3,combined_eval,2022-08-05,2025-08-05,2886f4ec73486b28db23f14b1be5e8c9e51f8272018bea56d83ba240088dfbb0,bt_20260511_014731_000224
bt_20260511_014731,2024-09-13T10:30:00+00:00,2024-09-16T19:15:00+00:00,ml_trader,USDJPY,sell,244.7,140.693856,141.102513,139.398821,3.17,0.817,-100.1985,0.1001,sl_full,backtest_round_3,combined_eval,2022-08-05,2025-08-05,2886f4ec73486b28db23f14b1be5e8c9e51f8272018bea56d83ba240088dfbb0,bt_20260511_014731_000225
bt_20260511_014731,2024-09-13T11:15:00+00:00,2024-09-13T12:30:00+00:00,ml_trader,EURJPY,sell,259.21,155.662861,156.048643,154.544095,2.9,0.784,-100.1985,0.1001,sl_full,backtest_round_3,combined_eval,2022-08-05,2025-08-05,2886f4ec73486b28db23f14b1be5e8c9e51f8272018bea56d83ba240088dfbb0,bt_20260511_014731_000226
bt_20260511_014731,2024-09-13T11:45:00+00:00,2024-09-16T09:15:00+00:00,ml_trader,EURJPY,sell,278.31,155.889821,156.249128,154.773814,3.11,0.811,-100.1988,0.1001,sl_full,backtest_round_3,combined_eval,2022-08-05,2025-08-05,2886f4ec73486b28db23f14b1be5e8c9e51f8272018bea56d83ba240088dfbb0,bt_20260511_014731_000227
bt_20260511_014731,2024-09-13T12:00:00+00:00,2024-09-13T13:00:00+00:00,ml_trader,EURJPY,sell,283.98,155.807837,156.159977,154.898609,2.58,0.733,-100.201,0.1001,sl_full,backtest_round_3,combined_eval,2022-08-05,2025-08-05,2886f4ec73486b28db23f14b1be5e8c9e51f8272018bea56d83ba240088dfbb0,bt_20260511_014731_000228
bt_20260511_014731,2024-09-13T12:15:00+00:00,2024-09-16T05:45:00+00:00,ml_trader,EURJPY,sell,285.08,155.979799,156.330578,155.172657,2.3,0.664,116.2426,0.1164,be_or_trail,backtest_round_3,combined_eval,2022-08-05,2025-08-05,2886f4ec73486b28db23f14b1be5e8c9e51f8272018bea56d83ba240088dfbb0,bt_20260511_014731_000229
bt_20260511_014731,2024-09-13T12:45:00+00:00,2024-09-16T06:45:00+00:00,ml_trader,XAUUSD,buy,12.0,2584.694814,2576.359969,2603.43988,2.25,0.65,-100.2183,0.1001,sl_full,backtest_round_3,combined_eval,2022-08-05,2025-08-05,2886f4ec73486b28db23f14b1be5e8c9e51f8272018bea56d83ba240088dfbb0,bt_20260511_014731_000230
bt_20260511_014731,2024-09-16T10:00:00+00:00,2024-09-16T11:00:00+00:00,ml_trader,GBPJPY,sell,666.34,185.533885,185.683958,184.933592,4.0,0.924,-100.1998,0.1001,sl_full,backtest_round_3,combined_eval,2022-08-05,2025-08-05,2886f4ec73486b28db23f14b1be5e8c9e51f8272018bea56d83ba240088dfbb0,bt_20260511_014731_000231
bt_20260511_014731,2024-09-16T10:15:00+00:00,2024-09-16T11:00:00+00:00,ml_trader,GBPJPY,sell,486.57,185.477896,185.683416,184.799269,3.3,0.83,-100.2,0.1001,sl_full,backtest_round_3,combined_eval,2022-08-05,2025-08-05,2886f4ec73486b28db23f14b1be5e8c9e51f8272018bea56d83ba240088dfbb0,bt_20260511_014731_000232
bt_20260511_014731,2024-09-20T07:00:00+00:00,2024-09-20T09:30:00+00:00,ml_trader,XAUUSD,buy,15.29,2612.470388,2605.928729,2637.197857,3.78,0.878,-100.2221,0.1001,sl_full,backtest_round_3,combined_eval,2022-08-05,2025-08-05,2886f4ec73486b28db23f14b1be5e8c9e51f8272018bea56d83ba240088dfbb0,bt_20260511_014731_000233
bt_20260511_014731,2024-09-20T07:30:00+00:00,2024-09-20T09:30:00+00:00,ml_trader,XAUUSD,buy,14.4,2615.067831,2608.125222,2631.986968,2.44,0.702,-100.1736,0.1001,sl_full,backtest_round_3,combined_eval,2022-08-05,2025-08-05,2886f4ec73486b28db23f14b1be5e8c9e51f8272018bea56d83ba240088dfbb0,bt_20260511_014731_000234
bt_20260511_014731,2024-09-20T09:30:00+00:00,2024-09-23T03:00:00+00:00,ml_trader,XAUUSD,buy,10.86,2605.486081,2596.275488,2625.97965,2.23,0.635,212.6224,0.2128,be_or_trail,backtest_round_3,combined_eval,2022-08-05,2025-08-05,2886f4ec73486b28db23f14b1be5e8c9e51f8272018bea56d83ba240088dfbb0,bt_20260511_014731_000235
bt_20260511_014731,2024-10-04T15:15:00+00:00,2024-10-04T16:15:00+00:00,ml_trader,USDJPY,buy,541.22,148.856761,148.671994,149.281726,2.3,0.664,-100.1998,0.1001,sl_full,backtest_round_3,combined_eval,2022-08-05,2025-08-05,2886f4ec73486b28db23f14b1be5e8c9e51f8272018bea56d83ba240088dfbb0,bt_20260511_014731_000236
bt_20260511_014731,2024-10-04T15:45:00+00:00,2024-10-04T16:45:00+00:00,ml_trader,USDJPY,buy,606.0,148.796752,148.631735,149.161934,2.21,0.628,-100.2004,0.1001,sl_full,backtest_round_3,combined_eval,2022-08-05,2025-08-05,2886f4ec73486b28db23f14b1be5e8c9e51f8272018bea56d83ba240088dfbb0,bt_20260511_014731_000237
bt_20260511_014731,2024-10-14T16:30:00+00:00,2024-10-14T20:00:00+00:00,ml_trader,USDJPY,buy,841.88,149.747946,149.629164,150.077566,2.77,0.764,-100.2002,0.1001,sl_full,backtest_round_3,combined_eval,2022-08-05,2025-08-05,2886f4ec73486b28db23f14b1be5e8c9e51f8272018bea56d83ba240088dfbb0,bt_20260511_014731_000238
bt_20260511_014731,2024-10-14T16:45:00+00:00,2024-10-14T20:00:00+00:00,ml_trader,USDJPY,buy,817.38,149.775951,149.653609,150.047796,2.22,0.633,-100.2003,0.1001,sl_full,backtest_round_3,combined_eval,2022-08-05,2025-08-05,2886f4ec73486b28db23f14b1be5e8c9e51f8272018bea56d83ba240088dfbb0,bt_20260511_014731_000239
bt_20260511_014731,2024-10-14T17:15:00+00:00,2024-10-14T20:00:00+00:00,ml_trader,USDJPY,buy,852.95,149.778943,149.661702,150.037341,2.2,0.622,-100.2005,0.1001,sl_full,backtest_round_3,combined_eval,2022-08-05,2025-08-05,2886f4ec73486b28db23f14b1be5e8c9e51f8272018bea56d83ba240088dfbb0,bt_20260511_014731_000240
bt_20260511_014731,2024-10-21T07:00:00+00:00,2024-10-21T10:30:00+00:00,ml_trader,XAUUSD,buy,14.97,2735.862004,2729.182768,2755.191715,2.89,0.783,-100.1883,0.1001,sl_full,backtest_round_3,combined_eval,2022-08-05,2025-08-05,2886f4ec73486b28db23f14b1be5e8c9e51f8272018bea56d83ba240088dfbb0,bt_20260511_014731_000241
bt_20260511_014731,2024-10-21T08:15:00+00:00,2024-10-21T10:30:00+00:00,ml_trader,XAUUSD,buy,14.83,2738.982746,2732.239874,2755.098209,2.39,0.689,-100.1969,0.1001,sl_full,backtest_round_3,combined_eval,2022-08-05,2025-08-05,2886f4ec73486b28db23f14b1be5e8c9e51f8272018bea56d83ba240088dfbb0,bt_20260511_014731_000242
bt_20260511_014731,2024-10-21T09:15:00+00:00,2024-10-21T10:30:00+00:00,ml_trader,XAUUSD,buy,13.98,2736.472234,2729.31949,2752.837711,2.29,0.661,-100.1954,0.1001,sl_full,backtest_round_3,combined_eval,2022-08-05,2025-08-05,2886f4ec73486b28db23f14b1be5e8c9e51f8272018bea56d83ba240088dfbb0,bt_20260511_014731_000243
bt_20260511_014731,2024-10-22T16:45:00+00:00,2024-10-22T21:15:00+00:00,ml_trader,XAUUSD,buy,21.85,2749.074607,2744.498027,2767.380929,4.0,0.929,-100.1984,0.1001,sl_full,backtest_round_3,combined_eval,2022-08-05,2025-08-05,2886f4ec73486b28db23f14b1be5e8c9e51f8272018bea56d83ba240088dfbb0,bt_20260511_014731_000244
bt_20260511_014731,2024-10-23T10:30:00+00:00,2024-10-23T11:15:00+00:00,ml_trader,GBPJPY,buy,255.07,198.195637,197.803581,199.524709,3.39,0.839,-100.202,0.1001,sl_full,backtest_round_3,combined_eval,2022-08-05,2025-08-05,2886f4ec73486b28db23f14b1be5e8c9e51f8272018bea56d83ba240088dfbb0,bt_20260511_014731_000245
bt_20260511_014731,2024-10-23T10:30:00+00:00,2024-10-23T11:30:00+00:00,ml_trader,USDJPY,buy,407.89,153.04461,152.799444,154.025275,4.0,0.9,-100.2009,0.1001,sl_full,backtest_round_3,combined_eval,2022-08-05,2025-08-05,2886f4ec73486b28db23f14b1be5e8c9e51f8272018bea56d83ba240088dfbb0,bt_20260511_014731_000246
bt_20260511_014731,2024-10-23T10:45:00+00:00,2024-10-23T11:15:00+00:00,ml_trader,GBPJPY,buy,262.7,198.161618,197.780959,199.217188,2.77,0.764,-100.1994,0.1001,sl_full,backtest_round_3,combined_eval,2022-08-05,2025-08-05,2886f4ec73486b28db23f14b1be5e8c9e51f8272018bea56d83ba240088dfbb0,bt_20260511_014731_000247
bt_20260511_014731,2024-10-23T10:45:00+00:00,2024-10-23T11:30:00+00:00,ml_trader,USDJPY,buy,412.61,153.055599,152.813239,153.787041,3.02,0.802,-100.2002,0.1001,sl_full,backtest_round_3,combined_eval,2022-08-05,2025-08-05,2886f4ec73486b28db23f14b1be5e8c9e51f8272018bea56d83ba240088dfbb0,bt_20260511_014731_000248
bt_20260511_014731,2024-10-23T11:00:00+00:00,2024-10-23T14:00:00+00:00,ml_trader,USDJPY,buy,395.11,152.897578,152.644483,153.524492,2.48,0.713,-100.2002,0.1001,sl_full,backtest_round_3,combined_eval,2022-08-05,2025-08-05,2886f4ec73486b28db23f14b1be5e8c9e51f8272018bea56d83ba240088dfbb0,bt_20260511_014731_000249
bt_20260511_014731,2024-10-23T11:45:00+00:00,2024-10-23T13:45:00+00:00,ml_trader,EURJPY,buy,435.74,164.753937,164.524442,165.479141,3.16,0.816,-100.2001,0.1001,sl_full,backtest_round_3,combined_eval,2022-08-05,2025-08-05,2886f4ec73486b28db23f14b1be5e8c9e51f8272018bea56d83ba240088dfbb0,bt_20260511_014731_000250
bt_20260511_014731,2024-10-23T12:15:00+00:00,2024-10-23T14:00:00+00:00,ml_trader,EURJPY,buy,463.94,164.723932,164.50839,165.314304,2.74,0.758,-100.199,0.1001,sl_full,backtest_round_3,combined_eval,2022-08-05,2025-08-05,2886f4ec73486b28db23f14b1be5e8c9e51f8272018bea56d83ba240088dfbb0,bt_20260511_014731_000251
bt_20260511_014731,2024-10-23T12:30:00+00:00,2024-10-23T13:45:00+00:00,ml_trader,EURJPY,buy,474.37,164.764941,164.554137,165.266865,2.38,0.687,-100.1991,0.1001,sl_full,backtest_round_3,combined_eval,2022-08-05,2025-08-05,2886f4ec73486b28db23f14b1be5e8c9e51f8272018bea56d83ba240088dfbb0,bt_20260511_014731_000252
bt_20260511_014731,2024-10-28T15:15:00+00:00,2024-10-28T16:00:00+00:00,ml_trader,EURJPY,buy,721.12,165.792154,165.653481,166.276125,3.49,0.849,-100.2004,0.1001,sl_full,backtest_round_3,combined_eval,2022-08-05,2025-08-05,2886f4ec73486b28db23f14b1be5e8c9e51f8272018bea56d83ba240088dfbb0,bt_20260511_014731_000253
bt_20260511_014731,2024-10-28T15:30:00+00:00,2024-10-28T16:00:00+00:00,ml_trader,EURJPY,buy,742.92,165.792154,165.65755,166.156393,2.71,0.753,-100.2001,0.1001,sl_full,backtest_round_3,combined_eval,2022-08-05,2025-08-05,2886f4ec73486b28db23f14b1be5e8c9e51f8272018bea56d83ba240088dfbb0,bt_20260511_014731_000254
bt_20260511_014731,2024-10-28T15:45:00+00:00,2024-10-28T19:00:00+00:00,ml_trader,EURJPY,buy,752.62,165.755145,165.622275,166.063269,2.32,0.669,-100.2005,0.1001,sl_full,backtest_round_3,combined_eval,2022-08-05,2025-08-05,2886f4ec73486b28db23f14b1be5e8c9e51f8272018bea56d83ba240088dfbb0,bt_20260511_014731_000255
bt_20260511_014731,2024-10-29T13:15:00+00:00,2024-10-31T08:30:00+00:00,ml_trader,XAUUSD,buy,13.42,2772.749507,2765.295861,2797.868296,3.37,0.837,-100.2281,0.1001,sl_full,backtest_round_3,combined_eval,2022-08-05,2025-08-05,2886f4ec73486b28db23f14b1be5e8c9e51f8272018bea56d83ba240088dfbb0,bt_20260511_014731_000256
bt_20260511_014731,2024-10-29T13:30:00+00:00,2024-10-31T08:15:00+00:00,ml_trader,XAUUSD,buy,14.39,2772.862567,2765.914659,2793.893886,3.03,0.803,-100.1805,0.1001,sl_full,backtest_round_3,combined_eval,2022-08-05,2025-08-05,2886f4ec73486b28db23f14b1be5e8c9e51f8272018bea56d83ba240088dfbb0,bt_20260511_014731_000257
bt_20260511_014731,2024-10-29T15:45:00+00:00,2024-10-30T02:15:00+00:00,ml_trader,XAUUSD,buy,22.66,2774.979934,2770.566677,2786.308765,2.57,0.731,243.4481,0.2437,be_or_trail,backtest_round_3,combined_eval,2022-08-05,2025-08-05,2886f4ec73486b28db23f14b1be5e8c9e51f8272018bea56d83ba240088dfbb0,bt_20260511_014731_000258
bt_20260511_014731,2024-10-29T17:00:00+00:00,2024-10-30T01:00:00+00:00,ml_trader,XAUUSD,buy,22.94,2773.658625,2769.298748,2783.481426,2.25,0.651,214.3831,0.2146,be_or_trail,backtest_round_3,combined_eval,2022-08-05,2025-08-05,2886f4ec73486b28db23f14b1be5e8c9e51f8272018bea56d83ba240088dfbb0,bt_20260511_014731_000259
bt_20260511_014731,2024-11-12T08:00:00+00:00,2024-11-13T06:45:00+00:00,ml_trader,EURUSD,sell,70674.3,1.061828,1.063243,1.057059,3.37,0.837,-100.2001,0.1001,sl_full,backtest_round_3,combined_eval,2022-08-05,2025-08-05,2886f4ec73486b28db23f14b1be5e8c9e51f8272018bea56d83ba240088dfbb0,bt_20260511_014731_000260
bt_20260511_014731,2024-11-12T08:15:00+00:00,2024-11-13T06:45:00+00:00,ml_trader,EURUSD,sell,70990.77,1.061978,1.063386,1.058025,2.81,0.769,-100.2001,0.1001,sl_full,backtest_round_3,combined_eval,2022-08-05,2025-08-05,2886f4ec73486b28db23f14b1be5e8c9e51f8272018bea56d83ba240088dfbb0,bt_20260511_014731_000261
bt_20260511_014731,2024-11-12T08:45:00+00:00,2024-11-13T06:45:00+00:00,ml_trader,EURUSD,sell,69016.17,1.062088,1.063536,1.058645,2.38,0.685,-100.2001,0.1001,sl_full,backtest_round_3,combined_eval,2022-08-05,2025-08-05,2886f4ec73486b28db23f14b1be5e8c9e51f8272018bea56d83ba240088dfbb0,bt_20260511_014731_000262
bt_20260511_014731,2024-11-12T10:15:00+00:00,2024-11-12T15:45:00+00:00,ml_trader,EURUSD,sell,67840.19,1.060638,1.062112,1.057389,2.2,0.622,-100.2001,0.1001,sl_full,backtest_round_3,combined_eval,2022-08-05,2025-08-05,2886f4ec73486b28db23f14b1be5e8c9e51f8272018bea56d83ba240088dfbb0,bt_20260511_014731_000263
bt_20260511_014731,2024-11-14T09:30:00+00:00,2024-11-14T11:15:00+00:00,ml_trader,GBPUSD,sell,39235.44,1.269046,1.271595,1.261798,2.84,0.775,-100.2001,0.1001,sl_full,backtest_round_3,combined_eval,2022-08-05,2025-08-05,2886f4ec73486b28db23f14b1be5e8c9e51f8272018bea56d83ba240088dfbb0,bt_20260511_014731_000264
bt_20260511_014731,2024-11-21T15:00:00+00:00,2024-11-22T03:00:00+00:00,ml_trader,EURUSD,sell,69636.0,1.04801,1.049446,1.042266,4.0,0.92,-100.2001,0.1001,sl_full,backtest_round_3,combined_eval,2022-08-05,2025-08-05,2886f4ec73486b28db23f14b1be5e8c9e51f8272018bea56d83ba240088dfbb0,bt_20260511_014731_000265
bt_20260511_014731,2024-11-21T15:15:00+00:00,2024-11-22T03:00:00+00:00,ml_trader,EURUSD,sell,73611.82,1.0478,1.049159,1.043495,3.17,0.817,-100.2001,0.1001,sl_full,backtest_round_3,combined_eval,2022-08-05,2025-08-05,2886f4ec73486b28db23f14b1be5e8c9e51f8272018bea56d83ba240088dfbb0,bt_20260511_014731_000266
bt_20260511_014731,2024-11-21T16:30:00+00:00,2024-11-22T02:30:00+00:00,ml_trader,EURUSD,sell,95173.75,1.047061,1.048111,1.044415,2.52,0.723,-100.2001,0.1001,sl_full,backtest_round_3,combined_eval,2022-08-05,2025-08-05,2886f4ec73486b28db23f14b1be5e8c9e51f8272018bea56d83ba240088dfbb0,bt_20260511_014731_000267
bt_20260511_014731,2024-11-21T17:00:00+00:00,2024-11-22T02:30:00+00:00,ml_trader,EURUSD,sell,108287.22,1.047091,1.048014,1.04503,2.23,0.638,-100.2001,0.1001,sl_full,backtest_round_3,combined_eval,2022-08-05,2025-08-05,2886f4ec73486b28db23f14b1be5e8c9e51f8272018bea56d83ba240088dfbb0,bt_20260511_014731_000268
bt_20260511_014731,2024-11-22T08:00:00+00:00,2024-11-22T09:15:00+00:00,ml_trader,XAUUSD,buy,9.91,2698.714684,2688.627768,2734.321498,3.53,0.853,-100.1614,0.1001,sl_full,backtest_round_3,combined_eval,2022-08-05,2025-08-05,2886f4ec73486b28db23f14b1be5e8c9e51f8272018bea56d83ba240088dfbb0,bt_20260511_014731_000269
bt_20260511_014731,2024-11-22T08:15:00+00:00,2024-11-24T22:15:00+00:00,ml_trader,XAUUSD,buy,8.79,2692.083231,2680.702611,2722.059784,2.63,0.741,-100.2358,0.1001,sl_full,backtest_round_3,combined_eval,2022-08-05,2025-08-05,2886f4ec73486b28db23f14b1be5e8c9e51f8272018bea56d83ba240088dfbb0,bt_20260511_014731_000270
bt_20260511_014731,2024-11-22T08:30:00+00:00,2024-11-24T21:45:00+00:00,ml_trader,XAUUSD,buy,8.82,2692.44341,2681.100627,2717.579018,2.22,0.629,111.0665,0.1112,be_or_trail,backtest_round_3,combined_eval,2022-08-05,2025-08-05,2886f4ec73486b28db23f14b1be5e8c9e51f8272018bea56d83ba240088dfbb0,bt_20260511_014731_000271
bt_20260511_014731,2024-11-27T07:30:00+00:00,2024-11-27T10:15:00+00:00,ml_trader,USDJPY,sell,341.6,151.481691,151.774428,150.451255,3.52,0.852,-100.1992,0.1001,sl_full,backtest_round_3,combined_eval,2022-08-05,2025-08-05,2886f4ec73486b28db23f14b1be5e8c9e51f8272018bea56d83ba240088dfbb0,bt_20260511_014731_000272
bt_20260511_014731,2024-11-27T08:00:00+00:00,2024-11-27T09:00:00+00:00,ml_trader,GBPJPY,sell,270.84,191.281743,191.650963,190.111316,3.17,0.817,-100.1996,0.1001,sl_full,backtest_round_3,combined_eval,2022-08-05,2025-08-05,2886f4ec73486b28db23f14b1be5e8c9e51f8272018bea56d83ba240088dfbb0,bt_20260511_014731_000273
bt_20260511_014731,2024-11-27T08:45:00+00:00,2024-11-27T10:00:00+00:00,ml_trader,USDJPY,sell,347.97,151.297737,151.585122,150.392188,3.15,0.815,-100.2014,0.1001,sl_full,backtest_round_3,combined_eval,2022-08-05,2025-08-05,2886f4ec73486b28db23f14b1be5e8c9e51f8272018bea56d83ba240088dfbb0,bt_20260511_014731_000274
bt_20260511_014731,2024-11-29T08:45:00+00:00,2024-11-29T10:45:00+00:00,ml_trader,EURJPY,sell,359.88,158.368314,158.646184,157.331858,3.73,0.873,-100.2,0.1001,sl_full,backtest_round_3,combined_eval,2022-08-05,2025-08-05,2886f4ec73486b28db23f14b1be5e8c9e51f8272018bea56d83ba240088dfbb0,bt_20260511_014731_000275
bt_20260511_014731,2024-11-29T10:00:00+00:00,2024-11-29T10:45:00+00:00,ml_trader,GBPJPY,sell,290.56,190.582878,190.927036,189.443716,3.31,0.831,-100.1985,0.1001,sl_full,backtest_round_3,combined_eval,2022-08-05,2025-08-05,2886f4ec73486b28db23f14b1be5e8c9e51f8272018bea56d83ba240088dfbb0,bt_20260511_014731_000276
bt_20260511_014731,2024-11-29T10:30:00+00:00,2024-11-29T10:45:00+00:00,ml_trader,USDJPY,sell,398.44,150.085974,150.336952,149.37395,2.84,0.774,-100.1997,0.1001,sl_full,backtest_round_3,combined_eval,2022-08-05,2025-08-05,2886f4ec73486b28db23f14b1be5e8c9e51f8272018bea56d83ba240088dfbb0,bt_20260511_014731_000277
bt_20260511_014731,2024-11-29T10:45:00+00:00,2024-11-29T11:15:00+00:00,ml_trader,USDJPY,sell,369.92,150.148965,150.419295,149.385824,2.82,0.772,-100.2005,0.1001,sl_full,backtest_round_3,combined_eval,2022-08-05,2025-08-05,2886f4ec73486b28db23f14b1be5e8c9e51f8272018bea56d83ba240088dfbb0,bt_20260511_014731_000278
bt_20260511_014731,2024-12-13T09:45:00+00:00,2024-12-16T10:15:00+00:00,ml_trader,USDJPY,buy,491.57,153.626712,153.423283,154.135286,2.5,0.72,324.3512,0.3247,tp2,backtest_round_3,combined_eval,2022-08-05,2025-08-05,2886f4ec73486b28db23f14b1be5e8c9e51f8272018bea56d83ba240088dfbb0,bt_20260511_014731_000279
bt_20260511_014731,2024-12-19T16:00:00+00:00,2024-12-19T21:15:00+00:00,ml_trader,EURJPY,buy,430.2,163.075608,162.843158,164.005409,4.0,0.909,-100.2002,0.1001,sl_full,backtest_round_3,combined_eval,2022-08-05,2025-08-05,2886f4ec73486b28db23f14b1be5e8c9e51f8272018bea56d83ba240088dfbb0,bt_20260511_014731_000280
bt_20260511_014731,2024-12-26T13:45:00+00:00,2024-12-26T17:15:00+00:00,ml_trader,EURJPY,buy,584.67,164.609911,164.438873,165.069661,2.69,0.75,-100.2008,0.1001,sl_full,backtest_round_3,combined_eval,2022-08-05,2025-08-05,2886f4ec73486b28db23f14b1be5e8c9e51f8272018bea56d83ba240088dfbb0,bt_20260511_014731_000281
bt_20260511_014731,2024-12-26T14:00:00+00:00,2024-12-26T19:30:00+00:00,ml_trader,EURJPY,buy,614.2,164.570902,164.408088,164.969307,2.45,0.705,-100.2003,0.1001,sl_full,backtest_round_3,combined_eval,2022-08-05,2025-08-05,2886f4ec73486b28db23f14b1be5e8c9e51f8272018bea56d83ba240088dfbb0,bt_20260511_014731_000282
bt_20260511_014731,2025-01-16T16:00:00+00:00,2025-01-17T02:45:00+00:00,ml_trader,XAUUSD,buy,20.4,2714.477846,2709.575949,2732.124673,3.6,0.86,-100.1988,0.1001,sl_full,backtest_round_3,combined_eval,2022-08-05,2025-08-05,2886f4ec73486b28db23f14b1be5e8c9e51f8272018bea56d83ba240088dfbb0,bt_20260511_014731_000283
bt_20260511_014731,2025-01-16T16:15:00+00:00,2025-01-17T04:15:00+00:00,ml_trader,XAUUSD,buy,20.81,2713.13749,2708.331743,2723.969643,2.25,0.651,-100.2077,0.1001,sl_full,backtest_round_3,combined_eval,2022-08-05,2025-08-05,2886f4ec73486b28db23f14b1be5e8c9e51f8272018bea56d83ba240088dfbb0,bt_20260511_014731_000284
bt_20260511_014731,2025-01-21T15:00:00+00:00,2025-01-23T04:30:00+00:00,ml_trader,XAUUSD,buy,19.15,2742.003369,2736.780636,2762.894302,4.0,0.908,200.4826,0.2007,be_or_trail,backtest_round_3,combined_eval,2022-08-05,2025-08-05,2886f4ec73486b28db23f14b1be5e8c9e51f8272018bea56d83ba240088dfbb0,bt_20260511_014731_000285
bt_20260511_014731,2025-01-21T15:15:00+00:00,2025-01-22T04:15:00+00:00,ml_trader,XAUUSD,buy,19.83,2741.653201,2736.61113,2757.71724,3.19,0.819,324.0259,0.3244,be_or_trail,backtest_round_3,combined_eval,2022-08-05,2025-08-05,2886f4ec73486b28db23f14b1be5e8c9e51f8272018bea56d83ba240088dfbb0,bt_20260511_014731_000286
bt_20260511_014731,2025-01-21T15:30:00+00:00,2025-01-22T01:00:00+00:00,ml_trader,XAUUSD,buy,21.02,2741.673225,2736.915663,2753.885886,2.57,0.731,265.24,0.2655,be_or_trail,backtest_round_3,combined_eval,2022-08-05,2025-08-05,2886f4ec73486b28db23f14b1be5e8c9e51f8272018bea56d83ba240088dfbb0,bt_20260511_014731_000287
bt_20260511_014731,2025-01-21T15:45:00+00:00,2025-01-22T01:00:00+00:00,ml_trader,XAUUSD,buy,20.95,2742.853393,2738.08004,2753.598209,2.25,0.65,236.5579,0.2368,be_or_trail,backtest_round_3,combined_eval,2022-08-05,2025-08-05,2886f4ec73486b28db23f14b1be5e8c9e51f8272018bea56d83ba240088dfbb0,bt_20260511_014731_000288
bt_20260511_014731,2025-01-24T07:15:00+00:00,2025-01-24T11:45:00+00:00,ml_trader,XAUUSD,buy,17.14,2778.890628,2773.05633,2801.527705,3.88,0.888,-100.2,0.1001,sl_full,backtest_round_3,combined_eval,2022-08-05,2025-08-05,2886f4ec73486b28db23f14b1be5e8c9e51f8272018bea56d83ba240088dfbb0,bt_20260511_014731_000289
bt_20260511_014731,2025-01-24T08:00:00+00:00,2025-01-24T09:15:00+00:00,ml_trader,XAUUSD,buy,16.99,2782.451399,2776.565382,2801.469116,3.23,0.823,-100.2035,0.1001,sl_full,backtest_round_3,combined_eval,2022-08-05,2025-08-05,2886f4ec73486b28db23f14b1be5e8c9e51f8272018bea56d83ba240088dfbb0,bt_20260511_014731_000290
bt_20260511_014731,2025-01-24T08:15:00+00:00,2025-01-24T09:15:00+00:00,ml_trader,XAUUSD,buy,17.32,2782.264349,2776.491656,2797.227171,2.59,0.735,-100.1831,0.1001,sl_full,backtest_round_3,combined_eval,2022-08-05,2025-08-05,2886f4ec73486b28db23f14b1be5e8c9e51f8272018bea56d83ba240088dfbb0,bt_20260511_014731_000291
bt_20260511_014731,2025-01-24T09:15:00+00:00,2025-01-26T18:00:00+00:00,ml_trader,XAUUSD,buy,12.56,2774.929875,2766.967448,2792.646276,2.23,0.635,-100.2082,0.1001,sl_full,backtest_round_3,combined_eval,2022-08-05,2025-08-05,2886f4ec73486b28db23f14b1be5e8c9e51f8272018bea56d83ba240088dfbb0,bt_20260511_014731_000292
bt_20260511_014731,2025-01-30T14:15:00+00:00,2025-02-02T18:30:00+00:00,ml_trader,XAUUSD,buy,13.71,2791.843169,2784.550642,2818.97137,3.72,0.872,-100.1806,0.1001,sl_full,backtest_round_3,combined_eval,2022-08-05,2025-08-05,2886f4ec73486b28db23f14b1be5e8c9e51f8272018bea56d83ba240088dfbb0,bt_20260511_014731_000293
bt_20260511_014731,2025-02-05T07:15:00+00:00,2025-02-05T08:30:00+00:00,ml_trader,XAUUSD,buy,14.36,2869.648766,2862.684695,2891.028464,3.07,0.807,-100.2042,0.1001,sl_full,backtest_round_3,combined_eval,2022-08-05,2025-08-05,2886f4ec73486b28db23f14b1be5e8c9e51f8272018bea56d83ba240088dfbb0,bt_20260511_014731_000294
bt_20260511_014731,2025-02-05T07:30:00+00:00,2025-02-05T08:30:00+00:00,ml_trader,XAUUSD,buy,14.28,2867.758496,2860.753503,2885.186916,2.49,0.717,-100.2314,0.1001,sl_full,backtest_round_3,combined_eval,2022-08-05,2025-08-05,2886f4ec73486b28db23f14b1be5e8c9e51f8272018bea56d83ba240088dfbb0,bt_20260511_014731_000295
bt_20260511_014731,2025-02-05T08:00:00+00:00,2025-02-05T08:30:00+00:00,ml_trader,XAUUSD,buy,14.36,2868.778719,2861.816221,2885.182364,2.36,0.68,-100.1816,0.1001,sl_full,backtest_round_3,combined_eval,2022-08-05,2025-08-05,2886f4ec73486b28db23f14b1be5e8c9e51f8272018bea56d83ba240088dfbb0,bt_20260511_014731_000296
bt_20260511_014731,2025-02-05T13:15:00+00:00,2025-02-05T15:30:00+00:00,ml_trader,EURJPY,sell,448.22,158.669264,158.892369,157.790228,3.94,0.894,-100.2005,0.1001,sl_full,backtest_round_3,combined_eval,2022-08-05,2025-08-05,2886f4ec73486b28db23f14b1be5e8c9e51f8272018bea56d83ba240088dfbb0,bt_20260511_014731_000297
bt_20260511_014731,2025-02-05T13:30:00+00:00,2025-02-05T15:15:00+00:00,ml_trader,EURJPY,sell,480.79,158.66426,158.872249,158.058803,2.91,0.786,-100.1992,0.1001,sl_full,backtest_round_3,combined_eval,2022-08-05,2025-08-05,2886f4ec73486b28db23f14b1be5e8c9e51f8272018bea56d83ba240088dfbb0,bt_20260511_014731_000298
bt_20260511_014731,2025-02-05T13:45:00+00:00,2025-02-05T15:00:00+00:00,ml_trader,EURJPY,sell,497.32,158.611277,158.812355,158.128487,2.4,0.692,-100.2005,0.1001,sl_full,backtest_round_3,combined_eval,2022-08-05,2025-08-05,2886f4ec73486b28db23f14b1be5e8c9e51f8272018bea56d83ba240088dfbb0,bt_20260511_014731_000299
bt_20260511_014731,2025-02-05T14:30:00+00:00,2025-02-05T15:15:00+00:00,ml_trader,EURJPY,sell,539.37,158.68426,158.869662,158.27304,2.22,0.631,-100.2001,0.1001,sl_full,backtest_round_3,combined_eval,2022-08-05,2025-08-05,2886f4ec73486b28db23f14b1be5e8c9e51f8272018bea56d83ba240088dfbb0,bt_20260511_014731_000300
bt_20260511_014731,2025-02-06T08:45:00+00:00,2025-02-06T11:00:00+00:00,ml_trader,GBPJPY,sell,211.11,188.285333,188.759024,186.390572,4.0,0.916,-100.2009,0.1001,sl_full,backtest_round_3,combined_eval,2022-08-05,2025-08-05,2886f4ec73486b28db23f14b1be5e8c9e51f8272018bea56d83ba240088dfbb0,bt_20260511_014731_000301
bt_20260511_014731,2025-02-10T07:00:00+00:00,2025-02-10T09:00:00+00:00,ml_trader,XAUUSD,buy,13.44,2906.856157,2899.417857,2933.634038,3.6,0.86,-100.1708,0.1001,sl_full,backtest_round_3,combined_eval,2022-08-05,2025-08-05,2886f4ec73486b28db23f14b1be5e8c9e51f8272018bea56d83ba240088dfbb0,bt_20260511_014731_000302
bt_20260511_014731,2025-02-10T07:45:00+00:00,2025-02-10T20:00:00+00:00,ml_trader,XAUUSD,buy,13.17,2903.305643,2895.712295,2921.256316,2.36,0.682,258.8199,0.2591,be_or_trail,backtest_round_3,combined_eval,2022-08-05,2025-08-05,2886f4ec73486b28db23f14b1be5e8c9e51f8272018bea56d83ba240088dfbb0,bt_20260511_014731_000303
bt_20260511_014731,2025-02-10T09:00:00+00:00,2025-02-10T20:00:00+00:00,ml_trader,XAUUSD,buy,10.54,2901.055193,2891.564104,2923.283322,2.34,0.676,233.9663,0.2342,be_or_trail,backtest_round_3,combined_eval,2022-08-05,2025-08-05,2886f4ec73486b28db23f14b1be5e8c9e51f8272018bea56d83ba240088dfbb0,bt_20260511_014731_000304
bt_20260511_014731,2025-03-05T07:00:00+00:00,2025-03-05T07:45:00+00:00,ml_trader,GBPUSD,buy,48764.79,1.283737,1.281686,1.290853,3.47,0.847,-100.2001,0.1001,sl_full,backtest_round_3,combined_eval,2022-08-05,2025-08-05,2886f4ec73486b28db23f14b1be5e8c9e51f8272018bea56d83ba240088dfbb0,bt_20260511_014731_000305
bt_20260511_014731,2025-03-05T07:15:00+00:00,2025-03-05T07:45:00+00:00,ml_trader,GBPUSD,buy,48789.8,1.284457,1.282407,1.290878,3.13,0.813,-100.2001,0.1001,sl_full,backtest_round_3,combined_eval,2022-08-05,2025-08-05,2886f4ec73486b28db23f14b1be5e8c9e51f8272018bea56d83ba240088dfbb0,bt_20260511_014731_000306
bt_20260511_014731,2025-03-05T07:45:00+00:00,2025-03-05T14:45:00+00:00,ml_trader,GBPUSD,buy,43227.29,1.281516,1.279203,1.286744,2.26,0.653,288.4715,0.2888,tp2,backtest_round_3,combined_eval,2022-08-05,2025-08-05,2886f4ec73486b28db23f14b1be5e8c9e51f8272018bea56d83ba240088dfbb0,bt_20260511_014731_000307
bt_20260511_014731,2025-03-11T08:15:00+00:00,2025-03-11T09:00:00+00:00,ml_trader,EURUSD,buy,58104.92,1.092528,1.090807,1.099413,4.0,0.943,-100.2001,0.1001,sl_full,backtest_round_3,combined_eval,2022-08-05,2025-08-05,2886f4ec73486b28db23f14b1be5e8c9e51f8272018bea56d83ba240088dfbb0,bt_20260511_014731_000308
bt_20260511_014731,2025-03-11T09:15:00+00:00,2025-03-12T07:30:00+00:00,ml_trader,EURUSD,buy,46348.22,1.090238,1.08808,1.096603,2.95,0.792,-100.2001,0.1001,sl_full,backtest_round_3,combined_eval,2022-08-05,2025-08-05,2886f4ec73486b28db23f14b1be5e8c9e51f8272018bea56d83ba240088dfbb0,bt_20260511_014731_000309
bt_20260511_014731,2025-03-13T14:30:00+00:00,2025-03-14T09:15:00+00:00,ml_trader,XAUUSD,buy,11.82,2981.851134,2973.387814,3000.876677,2.25,0.649,112.806,0.1129,be_or_trail,backtest_round_3,combined_eval,2022-08-05,2025-08-05,2886f4ec73486b28db23f14b1be5e8c9e51f8272018bea56d83ba240088dfbb0,bt_20260511_014731_000310
bt_20260511_014731,2025-03-13T15:30:00+00:00,2025-03-14T10:15:00+00:00,ml_trader,XAUUSD,buy,13.17,2987.022334,2979.430854,3005.742924,2.47,0.71,-100.1799,0.1001,sl_full,backtest_round_3,combined_eval,2022-08-05,2025-08-05,2886f4ec73486b28db23f14b1be5e8c9e51f8272018bea56d83ba240088dfbb0,bt_20260511_014731_000311
bt_20260511_014731,2025-03-13T15:45:00+00:00,2025-03-14T01:15:00+00:00,ml_trader,XAUUSD,buy,13.43,2988.672566,2981.229316,3005.747383,2.29,0.662,-100.1629,0.1001,sl_full,backtest_round_3,combined_eval,2022-08-05,2025-08-05,2886f4ec73486b28db23f14b1be5e8c9e51f8272018bea56d83ba240088dfbb0,bt_20260511_014731_000312
bt_20260511_014731,2025-03-13T17:15:00+00:00,2025-03-14T05:45:00+00:00,ml_trader,XAUUSD,buy,12.55,2986.732237,2978.761177,3004.611324,2.24,0.646,112.682,0.1128,be_or_trail,backtest_round_3,combined_eval,2022-08-05,2025-08-05,2886f4ec73486b28db23f14b1be5e8c9e51f8272018bea56d83ba240088dfbb0,bt_20260511_014731_000313
bt_20260511_014731,2025-03-17T13:30:00+00:00,2025-03-17T16:00:00+00:00,ml_trader,EURUSD,buy,89120.38,1.092519,1.091396,1.095941,3.05,0.805,-100.2001,0.1001,sl_full,backtest_round_3,combined_eval,2022-08-05,2025-08-05,2886f4ec73486b28db23f14b1be5e8c9e51f8272018bea56d83ba240088dfbb0,bt_20260511_014731_000314
bt_20260511_014731,2025-03-17T16:15:00+00:00,2025-03-17T21:00:00+00:00,ml_trader,GBPUSD,buy,102927.27,1.29885,1.297878,1.302571,3.83,0.883,-100.2001,0.1001,sl_full,backtest_round_3,combined_eval,2022-08-05,2025-08-05,2886f4ec73486b28db23f14b1be5e8c9e51f8272018bea56d83ba240088dfbb0,bt_20260511_014731_000315
bt_20260511_014731,2025-03-18T07:00:00+00:00,2025-03-20T11:00:00+00:00,ml_trader,XAUUSD,buy,12.15,3030.490987,3022.262641,3062.992951,3.95,0.895,-100.1745,0.1001,sl_full,backtest_round_3,combined_eval,2022-08-05,2025-08-05,2886f4ec73486b28db23f14b1be5e8c9e51f8272018bea56d83ba240088dfbb0,bt_20260511_014731_000316
bt_20260511_014731,2025-03-18T07:30:00+00:00,2025-03-18T09:15:00+00:00,ml_trader,XAUUSD,buy,10.79,3034.051757,3024.780356,3059.140168,2.71,0.753,-100.2386,0.1001,sl_full,backtest_round_3,combined_eval,2022-08-05,2025-08-05,2886f4ec73486b28db23f14b1be5e8c9e51f8272018bea56d83ba240088dfbb0,bt_20260511_014731_000317
bt_20260511_014731,2025-03-18T07:45:00+00:00,2025-03-18T09:00:00+00:00,ml_trader,XAUUSD,buy,11.46,3034.654905,3025.928812,3054.550398,2.28,0.658,-100.2011,0.1001,sl_full,backtest_round_3,combined_eval,2022-08-05,2025-08-05,2886f4ec73486b28db23f14b1be5e8c9e51f8272018bea56d83ba240088dfbb0,bt_20260511_014731_000318
bt_20260511_014731,2025-03-18T10:30:00+00:00,2025-03-20T05:15:00+00:00,ml_trader,XAUUSD,buy,9.5,3032.231325,3021.703676,3055.834314,2.24,0.645,112.3641,0.1125,be_or_trail,backtest_round_3,combined_eval,2022-08-05,2025-08-05,2886f4ec73486b28db23f14b1be5e8c9e51f8272018bea56d83ba240088dfbb0,bt_20260511_014731_000319
bt_20260511_014731,2025-04-16T07:00:00+00:00,2025-04-17T10:30:00+00:00,ml_trader,XAUUSD,buy,6.97,3298.144604,3283.796311,3352.381152,3.78,0.878,188.7142,0.1889,be_or_trail,backtest_round_3,combined_eval,2022-08-05,2025-08-05,2886f4ec73486b28db23f14b1be5e8c9e51f8272018bea56d83ba240088dfbb0,bt_20260511_014731_000320
bt_20260511_014731,2025-04-16T07:45:00+00:00,2025-04-17T10:00:00+00:00,ml_trader,XAUUSD,buy,6.28,3307.25629,3291.34211,3352.611703,2.85,0.776,142.4447,0.1426,be_or_trail,backtest_round_3,combined_eval,2022-08-05,2025-08-05,2886f4ec73486b28db23f14b1be5e8c9e51f8272018bea56d83ba240088dfbb0,bt_20260511_014731_000321
bt_20260511_014731,2025-04-17T13:15:00+00:00,2025-04-18T10:45:00+00:00,ml_trader,EURUSD,buy,77724.61,1.134947,1.13366,1.137784,2.21,0.623,280.1869,0.2805,tp2,backtest_round_3,combined_eval,2022-08-05,2025-08-05,2886f4ec73486b28db23f14b1be5e8c9e51f8272018bea56d83ba240088dfbb0,bt_20260511_014731_000322
bt_20260511_014731,2025-04-21T07:00:00+00:00,2025-04-21T10:30:00+00:00,ml_trader,EURUSD,buy,46110.39,1.15199,1.149822,1.158089,2.81,0.77,-100.2001,0.1001,sl_full,backtest_round_3,combined_eval,2022-08-05,2025-08-05,2886f4ec73486b28db23f14b1be5e8c9e51f8272018bea56d83ba240088dfbb0,bt_20260511_014731_000323
bt_20260511_014731,2025-04-21T07:00:00+00:00,2025-04-21T13:00:00+00:00,ml_trader,GBPUSD,buy,54894.57,1.338468,1.336646,1.343659,2.85,0.776,-100.2001,0.1001,sl_full,backtest_round_3,combined_eval,2022-08-05,2025-08-05,2886f4ec73486b28db23f14b1be5e8c9e51f8272018bea56d83ba240088dfbb0,bt_20260511_014731_000324
bt_20260511_014731,2025-04-21T07:00:00+00:00,2025-04-21T19:15:00+00:00,ml_trader,XAUUSD,buy,9.41,3389.312737,3378.686801,3431.81648,4.0,0.916,408.1546,0.4086,be_or_trail,backtest_round_3,combined_eval,2022-08-05,2025-08-05,2886f4ec73486b28db23f14b1be5e8c9e51f8272018bea56d83ba240088dfbb0,bt_20260511_014731_000325
bt_20260511_014731,2025-04-21T07:15:00+00:00,2025-04-21T13:00:00+00:00,ml_trader,GBPUSD,buy,53805.06,1.338928,1.337069,1.343422,2.42,0.697,-100.2001,0.1001,sl_full,backtest_round_3,combined_eval,2022-08-05,2025-08-05,2886f4ec73486b28db23f14b1be5e8c9e51f8272018bea56d83ba240088dfbb0,bt_20260511_014731_000326
bt_20260511_014731,2025-04-21T07:30:00+00:00,2025-04-21T08:30:00+00:00,ml_trader,EURUSD,buy,43878.24,1.154461,1.152182,1.161359,3.03,0.803,-100.2001,0.1001,sl_full,backtest_round_3,combined_eval,2022-08-05,2025-08-05,2886f4ec73486b28db23f14b1be5e8c9e51f8272018bea56d83ba240088dfbb0,bt_20260511_014731_000327
bt_20260511_014731,2025-04-21T07:30:00+00:00,2025-04-21T08:30:00+00:00,ml_trader,USDJPY,sell,425.88,140.760844,140.995651,140.091643,2.85,0.776,-100.1998,0.1001,sl_full,backtest_round_3,combined_eval,2022-08-05,2025-08-05,2886f4ec73486b28db23f14b1be5e8c9e51f8272018bea56d83ba240088dfbb0,bt_20260511_014731_000328
bt_20260511_014731,2025-04-21T07:30:00+00:00,2025-04-21T21:30:00+00:00,ml_trader,XAUUSD,buy,7.94,3403.915754,3391.314719,3441.088808,2.95,0.792,295.8551,0.2962,be_or_trail,backtest_round_3,combined_eval,2022-08-05,2025-08-05,2886f4ec73486b28db23f14b1be5e8c9e51f8272018bea56d83ba240088dfbb0,bt_20260511_014731_000329
bt_20260511_014731,2025-04-21T07:45:00+00:00,2025-04-21T08:30:00+00:00,ml_trader,EURUSD,buy,46340.23,1.154511,1.152353,1.160072,2.58,0.732,-100.2001,0.1001,sl_full,backtest_round_3,combined_eval,2022-08-05,2025-08-05,2886f4ec73486b28db23f14b1be5e8c9e51f8272018bea56d83ba240088dfbb0,bt_20260511_014731_000330
bt_20260511_014731,2025-04-21T07:45:00+00:00,2025-04-21T08:30:00+00:00,ml_trader,GBPUSD,buy,56723.27,1.339878,1.338115,1.344412,2.57,0.732,-100.2001,0.1001,sl_full,backtest_round_3,combined_eval,2022-08-05,2025-08-05,2886f4ec73486b28db23f14b1be5e8c9e51f8272018bea56d83ba240088dfbb0,bt_20260511_014731_000331
bt_20260511_014731,2025-04-21T07:45:00+00:00,2025-04-21T08:30:00+00:00,ml_trader,USDJPY,sell,456.92,140.762842,140.981697,140.174124,2.69,0.75,-100.199,0.1001,sl_full,backtest_round_3,combined_eval,2022-08-05,2025-08-05,2886f4ec73486b28db23f14b1be5e8c9e51f8272018bea56d83ba240088dfbb0,bt_20260511_014731_000332
bt_20260511_014731,2025-04-21T07:45:00+00:00,2025-04-21T19:45:00+00:00,ml_trader,XAUUSD,buy,8.25,3404.965769,3392.839243,3433.572244,2.36,0.68,233.2584,0.2335,be_or_trail,backtest_round_3,combined_eval,2022-08-05,2025-08-05,2886f4ec73486b28db23f14b1be5e8c9e51f8272018bea56d83ba240088dfbb0,bt_20260511_014731_000333
bt_20260511_014731,2025-04-21T08:00:00+00:00,2025-04-21T08:30:00+00:00,ml_trader,USDJPY,sell,442.03,140.760844,140.987071,140.253415,2.24,0.646,-100.1996,0.1001,sl_full,backtest_round_3,combined_eval,2022-08-05,2025-08-05,2886f4ec73486b28db23f14b1be5e8c9e51f8272018bea56d83ba240088dfbb0,bt_20260511_014731_000334
bt_20260511_014731,2025-04-21T08:15:00+00:00,2025-04-21T13:00:00+00:00,ml_trader,GBPUSD,buy,54273.11,1.338958,1.337115,1.343192,2.3,0.663,-100.2001,0.1001,sl_full,backtest_round_3,combined_eval,2022-08-05,2025-08-05,2886f4ec73486b28db23f14b1be5e8c9e51f8272018bea56d83ba240088dfbb0,bt_20260511_014731_000335
bt_20260511_014731,2025-04-21T08:30:00+00:00,2025-04-21T09:15:00+00:00,ml_trader,EURUSD,buy,44715.74,1.153501,1.151264,1.158613,2.29,0.66,-100.2001,0.1001,sl_full,backtest_round_3,combined_eval,2022-08-05,2025-08-05,2886f4ec73486b28db23f14b1be5e8c9e51f8272018bea56d83ba240088dfbb0,bt_20260511_014731_000336
bt_20260511_014731,2025-04-21T11:30:00+00:00,2025-04-21T20:00:00+00:00,ml_trader,USDJPY,sell,391.71,140.79883,141.054122,140.220341,2.27,0.654,-100.2002,0.1001,sl_full,backtest_round_3,combined_eval,2022-08-05,2025-08-05,2886f4ec73486b28db23f14b1be5e8c9e51f8272018bea56d83ba240088dfbb0,bt_20260511_014731_000337
bt_20260511_014731,2025-05-01T16:00:00+00:00,2025-05-01T17:45:00+00:00,ml_trader,GBPJPY,buy,387.51,193.079609,192.821553,193.895066,3.16,0.816,-100.1994,0.1001,sl_full,backtest_round_3,combined_eval,2022-08-05,2025-08-05,2886f4ec73486b28db23f14b1be5e8c9e51f8272018bea56d83ba240088dfbb0,bt_20260511_014731_000338
bt_20260511_014731,2025-05-01T16:15:00+00:00,2025-05-01T17:15:00+00:00,ml_trader,GBPJPY,buy,401.59,193.160618,192.911606,193.748537,2.36,0.681,-100.201,0.1001,sl_full,backtest_round_3,combined_eval,2022-08-05,2025-08-05,2886f4ec73486b28db23f14b1be5e8c9e51f8272018bea56d83ba240088dfbb0,bt_20260511_014731_000339
bt_20260511_014731,2025-05-01T16:15:00+00:00,2025-05-01T17:45:00+00:00,ml_trader,USDJPY,buy,420.94,145.503094,145.265529,146.067311,2.38,0.685,-100.2008,0.1001,sl_full,backtest_round_3,combined_eval,2022-08-05,2025-08-05,2886f4ec73486b28db23f14b1be5e8c9e51f8272018bea56d83ba240088dfbb0,bt_20260511_014731_000340
bt_20260511_014731,2025-06-16T08:15:00+00:00,2025-06-17T13:45:00+00:00,ml_trader,EURJPY,buy,521.09,166.932382,166.740476,167.621323,3.59,0.859,-100.2002,0.1001,sl_full,backtest_round_3,combined_eval,2022-08-05,2025-08-05,2886f4ec73486b28db23f14b1be5e8c9e51f8272018bea56d83ba240088dfbb0,bt_20260511_014731_000341
bt_20260511_014731,2025-06-20T09:00:00+00:00,2025-06-23T00:00:00+00:00,ml_trader,EURJPY,buy,581.43,167.682532,167.510543,168.260415,3.36,0.836,435.1286,0.4356,tp2,backtest_round_3,combined_eval,2022-08-05,2025-08-05,2886f4ec73486b28db23f14b1be5e8c9e51f8272018bea56d83ba240088dfbb0,bt_20260511_014731_000342
bt_20260511_014731,2025-06-20T09:30:00+00:00,2025-06-23T00:00:00+00:00,ml_trader,EURJPY,buy,522.22,167.832556,167.641064,168.341157,2.66,0.745,347.7556,0.3481,tp2,backtest_round_3,combined_eval,2022-08-05,2025-08-05,2886f4ec73486b28db23f14b1be5e8c9e51f8272018bea56d83ba240088dfbb0,bt_20260511_014731_000343
bt_20260511_014731,2025-06-25T16:30:00+00:00,2025-06-25T17:00:00+00:00,ml_trader,EURJPY,buy,802.54,169.346866,169.222262,169.695009,2.79,0.767,-100.1997,0.1001,sl_full,backtest_round_3,combined_eval,2022-08-05,2025-08-05,2886f4ec73486b28db23f14b1be5e8c9e51f8272018bea56d83ba240088dfbb0,bt_20260511_014731_000344
bt_20260511_014731,2025-06-27T07:00:00+00:00,2025-06-30T00:45:00+00:00,ml_trader,XAUUSD,sell,8.91,3283.248248,3294.469456,3250.011032,2.96,0.794,148.3858,0.1485,be_or_trail,backtest_round_3,combined_eval,2022-08-05,2025-08-05,2886f4ec73486b28db23f14b1be5e8c9e51f8272018bea56d83ba240088dfbb0,bt_20260511_014731_000345
bt_20260511_014731,2025-06-27T07:15:00+00:00,2025-06-29T18:15:00+00:00,ml_trader,XAUUSD,sell,9.36,3283.940981,3294.624937,3258.609321,2.37,0.684,246.1629,0.2464,be_or_trail,backtest_round_3,combined_eval,2022-08-05,2025-08-05,2886f4ec73486b28db23f14b1be5e8c9e51f8272018bea56d83ba240088dfbb0,bt_20260511_014731_000346
bt_20260511_014731,2025-06-27T07:30:00+00:00,2025-06-27T13:45:00+00:00,ml_trader,XAUUSD,sell,9.13,3280.488791,3291.437784,3256.258668,2.21,0.628,110.9654,0.1111,be_or_trail,backtest_round_3,combined_eval,2022-08-05,2025-08-05,2886f4ec73486b28db23f14b1be5e8c9e51f8272018bea56d83ba240088dfbb0,bt_20260511_014731_000347
bt_20260511_014731,2025-07-11T08:00:00+00:00,2025-07-14T11:45:00+00:00,ml_trader,GBPUSD,sell,49696.89,1.35015,1.352162,1.345081,2.52,0.723,251.8738,0.2521,be_or_trail,backtest_round_3,combined_eval,2022-08-05,2025-08-05,2886f4ec73486b28db23f14b1be5e8c9e51f8272018bea56d83ba240088dfbb0,bt_20260511_014731_000348
bt_20260511_014731,2025-07-11T13:15:00+00:00,2025-07-14T00:00:00+00:00,ml_trader,EURJPY,buy,557.12,172.328465,172.148972,172.886688,3.11,0.811,-100.1993,0.1001,sl_full,backtest_round_3,combined_eval,2022-08-05,2025-08-05,2886f4ec73486b28db23f14b1be5e8c9e51f8272018bea56d83ba240088dfbb0,bt_20260511_014731_000349
bt_20260511_014731,2025-07-11T13:15:00+00:00,2025-07-14T00:30:00+00:00,ml_trader,USDJPY,buy,619.59,147.401468,147.240072,147.895343,3.06,0.806,-100.1999,0.1001,sl_full,backtest_round_3,combined_eval,2022-08-05,2025-08-05,2886f4ec73486b28db23f14b1be5e8c9e51f8272018bea56d83ba240088dfbb0,bt_20260511_014731_000350
bt_20260511_014731,2025-07-11T13:30:00+00:00,2025-07-14T00:00:00+00:00,ml_trader,EURJPY,buy,595.4,172.324451,172.156497,172.757605,2.58,0.733,-100.2001,0.1001,sl_full,backtest_round_3,combined_eval,2022-08-05,2025-08-05,2886f4ec73486b28db23f14b1be5e8c9e51f8272018bea56d83ba240088dfbb0,bt_20260511_014731_000351
bt_20260511_014731,2025-07-11T13:30:00+00:00,2025-07-14T00:30:00+00:00,ml_trader,USDJPY,buy,623.44,147.372471,147.21207,147.776361,2.52,0.723,-100.2007,0.1001,sl_full,backtest_round_3,combined_eval,2022-08-05,2025-08-05,2886f4ec73486b28db23f14b1be5e8c9e51f8272018bea56d83ba240088dfbb0,bt_20260511_014731_000352
bt_20260511_014731,2025-07-11T13:45:00+00:00,2025-07-11T16:00:00+00:00,ml_trader,EURJPY,buy,603.26,172.382477,172.21671,172.775841,2.37,0.684,-100.2004,0.1001,sl_full,backtest_round_3,combined_eval,2022-08-05,2025-08-05,2886f4ec73486b28db23f14b1be5e8c9e51f8272018bea56d83ba240088dfbb0,bt_20260511_014731_000353
bt_20260511_014731,2025-07-11T14:00:00+00:00,2025-07-11T16:00:00+00:00,ml_trader,EURJPY,buy,614.03,172.375472,172.212613,172.734412,2.2,0.622,-100.2003,0.1001,sl_full,backtest_round_3,combined_eval,2022-08-05,2025-08-05,2886f4ec73486b28db23f14b1be5e8c9e51f8272018bea56d83ba240088dfbb0,bt_20260511_014731_000354
bt_20260511_014731,2025-07-15T14:00:00+00:00,2025-07-15T20:00:00+00:00,ml_trader,USDJPY,buy,529.19,148.89777,148.708801,149.442189,2.88,0.781,-100.2006,0.1001,sl_full,backtest_round_3,combined_eval,2022-08-05,2025-08-05,2886f4ec73486b28db23f14b1be5e8c9e51f8272018bea56d83ba240088dfbb0,bt_20260511_014731_000355
bt_20260511_014731,2025-07-21T14:30:00+00:00,2025-07-21T21:30:00+00:00,ml_trader,XAUUSD,buy,16.96,3394.073699,3388.177757,3409.73332,2.66,0.745,-100.1953,0.1001,sl_full,backtest_round_3,combined_eval,2022-08-05,2025-08-05,2886f4ec73486b28db23f14b1be5e8c9e51f8272018bea56d83ba240088dfbb0,bt_20260511_014731_000356
bt_20260511_014731,2025-07-21T15:15:00+00:00,2025-07-21T20:00:00+00:00,ml_trader,XAUUSD,buy,17.05,3398.674716,3392.810588,3418.190535,3.33,0.833,-100.1835,0.1001,sl_full,backtest_round_3,combined_eval,2022-08-05,2025-08-05,2886f4ec73486b28db23f14b1be5e8c9e51f8272018bea56d83ba240088dfbb0,bt_20260511_014731_000357
