run_id,timestamp,exit_timestamp,trader,symbol,side,size,entry,stop_loss,take_profit,rr_ratio,confidence,pnl,commission,exit_reason,source,source_split,bt_start,bt_end,split_summary_hash,correlation_id
bt_20260511_174955,2016-01-07T08:00:00+00:00,2016-01-08T08:30:00+00:00,ml_trader,GBPUSD,buy,37266.97,1.458172,1.455488,1.464545,2.38,0.685,-100.2001,0.1001,sl_full,backtest_train,train,2016-01-04,2023-08-04,2886f4ec73486b28db23f14b1be5e8c9e51f8272018bea56d83ba240088dfbb0,bt_20260511_174955_000000
bt_20260511_174955,2016-01-18T08:15:00+00:00,2016-01-18T10:45:00+00:00,ml_trader,GBPUSD,sell,42531.51,1.427164,1.429516,1.420332,2.91,0.785,-100.2001,0.1001,sl_full,backtest_train,train,2016-01-04,2023-08-04,2886f4ec73486b28db23f14b1be5e8c9e51f8272018bea56d83ba240088dfbb0,bt_20260511_174955_000001
bt_20260511_174955,2016-01-22T15:45:00+00:00,2016-01-25T00:00:00+00:00,ml_trader,USDJPY,buy,724.85,118.857766,118.719807,119.335107,3.46,0.846,-100.2001,0.1001,sl_full,backtest_train,train,2016-01-04,2023-08-04,2886f4ec73486b28db23f14b1be5e8c9e51f8272018bea56d83ba240088dfbb0,bt_20260511_174955_000002
bt_20260511_174955,2016-01-25T14:00:00+00:00,2016-01-26T01:30:00+00:00,ml_trader,XAUUSD,buy,41.17,1105.681053,1103.25192,1112.953877,2.99,0.799,295.9495,0.2962,be_or_trail,backtest_train,train,2016-01-04,2023-08-04,2886f4ec73486b28db23f14b1be5e8c9e51f8272018bea56d83ba240088dfbb0,bt_20260511_174955_000003
bt_20260511_174955,2016-01-25T15:45:00+00:00,2016-01-26T03:00:00+00:00,ml_trader,XAUUSD,buy,42.24,1108.771759,1106.404369,1115.729517,2.94,0.79,271.4141,0.2717,be_or_trail,backtest_train,train,2016-01-04,2023-08-04,2886f4ec73486b28db23f14b1be5e8c9e51f8272018bea56d83ba240088dfbb0,bt_20260511_174955_000004
bt_20260511_174955,2016-02-08T03:45:00+00:00,2016-02-08T08:45:00+00:00,ml_trader,GBPUSD,sell,33703.61,1.44904,1.452007,1.439635,3.17,0.817,314.2972,0.3146,be_or_trail,backtest_train,train,2016-01-04,2023-08-04,2886f4ec73486b28db23f14b1be5e8c9e51f8272018bea56d83ba240088dfbb0,bt_20260511_174955_000005
bt_20260511_174955,2016-02-11T03:15:00+00:00,2016-02-11T07:15:00+00:00,ml_trader,USDJPY,sell,213.15,111.925608,112.394765,110.611969,2.8,0.768,-100.2009,0.1001,sl_full,backtest_train,train,2016-01-04,2023-08-04,2886f4ec73486b28db23f14b1be5e8c9e51f8272018bea56d83ba240088dfbb0,bt_20260511_174955_000006
bt_20260511_174955,2016-02-23T02:30:00+00:00,2016-02-24T07:45:00+00:00,ml_trader,EURJPY,sell,429.88,123.668262,123.900883,122.926202,3.19,0.819,371.1973,0.3716,be_or_trail,backtest_train,train,2016-01-04,2023-08-04,2886f4ec73486b28db23f14b1be5e8c9e51f8272018bea56d83ba240088dfbb0,bt_20260511_174955_000007
bt_20260511_174955,2016-02-23T10:15:00+00:00,2016-02-24T10:45:00+00:00,ml_trader,USDJPY,sell,428.96,112.100576,112.333697,111.168095,4.0,0.917,378.7339,0.3791,be_or_trail,backtest_train,train,2016-01-04,2023-08-04,2886f4ec73486b28db23f14b1be5e8c9e51f8272018bea56d83ba240088dfbb0,bt_20260511_174955_000008
bt_20260511_174955,2016-02-24T03:00:00+00:00,2016-02-24T10:45:00+00:00,ml_trader,GBPJPY,sell,212.89,156.638664,157.108398,154.952321,3.59,0.859,335.5452,0.3359,be_or_trail,backtest_train,train,2016-01-04,2023-08-04,2886f4ec73486b28db23f14b1be5e8c9e51f8272018bea56d83ba240088dfbb0,bt_20260511_174955_000009
bt_20260511_174955,2016-02-24T04:00:00+00:00,2016-02-25T03:15:00+00:00,ml_trader,GBPUSD,sell,32944.25,1.393221,1.396257,1.385463,2.56,0.729,-100.2001,0.1001,sl_full,backtest_train,train,2016-01-04,2023-08-04,2886f4ec73486b28db23f14b1be5e8c9e51f8272018bea56d83ba240088dfbb0,bt_20260511_174955_000010
bt_20260511_174955,2016-02-24T04:15:00+00:00,2016-02-24T21:45:00+00:00,ml_trader,GBPJPY,sell,200.18,155.939799,156.439342,154.626499,2.63,0.741,-100.1987,0.1001,sl_full,backtest_train,train,2016-01-04,2023-08-04,2886f4ec73486b28db23f14b1be5e8c9e51f8272018bea56d83ba240088dfbb0,bt_20260511_174955_000011
bt_20260511_174955,2016-02-25T13:45:00+00:00,2016-02-25T14:45:00+00:00,ml_trader,USDJPY,buy,482.86,112.988597,112.781499,113.798348,3.91,0.891,-100.1992,0.1001,sl_full,backtest_train,train,2016-01-04,2023-08-04,2886f4ec73486b28db23f14b1be5e8c9e51f8272018bea56d83ba240088dfbb0,bt_20260511_174955_000012
bt_20260511_174955,2016-03-01T19:00:00+00:00,2016-03-01T19:30:00+00:00,ml_trader,USDJPY,sell,586.48,113.74825,113.918757,113.349432,2.34,0.675,-100.1995,0.1001,sl_full,backtest_train,train,2016-01-04,2023-08-04,2886f4ec73486b28db23f14b1be5e8c9e51f8272018bea56d83ba240088dfbb0,bt_20260511_174955_000013
bt_20260511_174955,2016-03-03T07:30:00+00:00,2016-03-03T19:30:00+00:00,ml_trader,GBPUSD,buy,35335.75,1.409152,1.406322,1.416297,2.52,0.724,256.4711,0.2567,be_or_trail,backtest_train,train,2016-01-04,2023-08-04,2886f4ec73486b28db23f14b1be5e8c9e51f8272018bea56d83ba240088dfbb0,bt_20260511_174955_000014
bt_20260511_174955,2016-03-03T15:30:00+00:00,2016-03-03T16:45:00+00:00,ml_trader,GBPUSD,buy,47250.74,1.419384,1.417267,1.424819,2.57,0.731,-100.2001,0.1001,sl_full,backtest_train,train,2016-01-04,2023-08-04,2886f4ec73486b28db23f14b1be5e8c9e51f8272018bea56d83ba240088dfbb0,bt_20260511_174955_000015
bt_20260511_174955,2016-03-08T19:15:00+00:00,2016-03-09T05:00:00+00:00,ml_trader,EURJPY,sell,753.25,123.785236,123.917993,123.420948,2.74,0.759,360.8275,0.3612,tp2,backtest_train,train,2016-01-04,2023-08-04,2886f4ec73486b28db23f14b1be5e8c9e51f8272018bea56d83ba240088dfbb0,bt_20260511_174955_000016
bt_20260511_174955,2016-03-16T08:30:00+00:00,2016-03-16T11:30:00+00:00,ml_trader,GBPUSD,sell,37174.65,1.406649,1.409339,1.398966,2.86,0.777,-100.2001,0.1001,sl_full,backtest_train,train,2016-01-04,2023-08-04,2886f4ec73486b28db23f14b1be5e8c9e51f8272018bea56d83ba240088dfbb0,bt_20260511_174955_000017
bt_20260511_174955,2016-03-29T15:45:00+00:00,2016-03-30T07:45:00+00:00,ml_trader,EURJPY,sell,598.0,127.229546,127.39677,126.632559,3.57,0.857,-100.1997,0.1001,sl_full,backtest_train,train,2016-01-04,2023-08-04,2886f4ec73486b28db23f14b1be5e8c9e51f8272018bea56d83ba240088dfbb0,bt_20260511_174955_000018
bt_20260511_174955,2016-03-30T10:00:00+00:00,2016-03-30T11:00:00+00:00,ml_trader,GBPUSD,buy,35729.36,1.444599,1.4418,1.451702,2.54,0.726,-100.2001,0.1001,sl_full,backtest_train,train,2016-01-04,2023-08-04,2886f4ec73486b28db23f14b1be5e8c9e51f8272018bea56d83ba240088dfbb0,bt_20260511_174955_000019
bt_20260511_174955,2016-04-05T08:30:00+00:00,2016-04-05T09:00:00+00:00,ml_trader,XAUUSD,buy,25.3,1236.017174,1232.064393,1251.116796,3.82,0.882,-100.2055,0.1001,sl_full,backtest_train,train,2016-01-04,2023-08-04,2886f4ec73486b28db23f14b1be5e8c9e51f8272018bea56d83ba240088dfbb0,bt_20260511_174955_000020
bt_20260511_174955,2016-04-13T09:45:00+00:00,2016-04-15T10:00:00+00:00,ml_trader,EURUSD,sell,41831.31,1.127864,1.130255,1.120946,2.89,0.783,-100.2001,0.1001,sl_full,backtest_train,train,2016-01-04,2023-08-04,2886f4ec73486b28db23f14b1be5e8c9e51f8272018bea56d83ba240088dfbb0,bt_20260511_174955_000021
bt_20260511_174955,2016-04-14T05:45:00+00:00,2016-04-14T08:30:00+00:00,ml_trader,EURUSD,sell,58120.48,1.125355,1.127075,1.120317,2.93,0.788,-100.2001,0.1001,sl_full,backtest_train,train,2016-01-04,2023-08-04,2886f4ec73486b28db23f14b1be5e8c9e51f8272018bea56d83ba240088dfbb0,bt_20260511_174955_000022
bt_20260511_174955,2016-04-19T13:15:00+00:00,2016-04-19T23:45:00+00:00,ml_trader,GBPUSD,buy,46618.43,1.439648,1.437503,1.445292,2.63,0.741,-100.2001,0.1001,sl_full,backtest_train,train,2016-01-04,2023-08-04,2886f4ec73486b28db23f14b1be5e8c9e51f8272018bea56d83ba240088dfbb0,bt_20260511_174955_000023
bt_20260511_174955,2016-05-03T02:00:00+00:00,2016-05-03T04:45:00+00:00,ml_trader,GBPUSD,buy,45651.19,1.470814,1.468624,1.476387,2.54,0.727,129.2279,0.1294,be_or_trail,backtest_train,train,2016-01-04,2023-08-04,2886f4ec73486b28db23f14b1be5e8c9e51f8272018bea56d83ba240088dfbb0,bt_20260511_174955_000024
bt_20260511_174955,2016-05-04T08:00:00+00:00,2016-05-04T13:00:00+00:00,ml_trader,XAUUSD,buy,22.03,1280.676128,1276.137852,1294.926315,3.14,0.814,-100.1783,0.1001,sl_full,backtest_train,train,2016-01-04,2023-08-04,2886f4ec73486b28db23f14b1be5e8c9e51f8272018bea56d83ba240088dfbb0,bt_20260511_174955_000025
bt_20260511_174955,2016-05-13T08:30:00+00:00,2016-05-16T08:30:00+00:00,ml_trader,EURUSD,sell,52677.77,1.131564,1.133462,1.125204,3.35,0.835,-100.2001,0.1001,sl_full,backtest_train,train,2016-01-04,2023-08-04,2886f4ec73486b28db23f14b1be5e8c9e51f8272018bea56d83ba240088dfbb0,bt_20260511_174955_000026
bt_20260511_174955,2016-05-16T06:30:00+00:00,2016-05-17T08:30:00+00:00,ml_trader,EURUSD,buy,76911.3,1.132036,1.130736,1.135642,2.77,0.764,-100.2001,0.1001,sl_full,backtest_train,train,2016-01-04,2023-08-04,2886f4ec73486b28db23f14b1be5e8c9e51f8272018bea56d83ba240088dfbb0,bt_20260511_174955_000027
bt_20260511_174955,2016-05-17T02:30:00+00:00,2016-05-17T04:30:00+00:00,ml_trader,GBPUSD,buy,42803.34,1.4508,1.448464,1.45708,2.69,0.75,-100.2001,0.1001,sl_full,backtest_train,train,2016-01-04,2023-08-04,2886f4ec73486b28db23f14b1be5e8c9e51f8272018bea56d83ba240088dfbb0,bt_20260511_174955_000028
bt_20260511_174955,2016-05-19T06:30:00+00:00,2016-05-19T10:30:00+00:00,ml_trader,EURUSD,sell,71598.05,1.120006,1.121403,1.115383,3.31,0.831,-100.2001,0.1001,sl_full,backtest_train,train,2016-01-04,2023-08-04,2886f4ec73486b28db23f14b1be5e8c9e51f8272018bea56d83ba240088dfbb0,bt_20260511_174955_000029
bt_20260511_174955,2016-05-23T06:00:00+00:00,2016-05-24T03:30:00+00:00,ml_trader,GBPJPY,sell,229.66,158.433303,158.868733,156.735129,3.9,0.89,-100.2008,0.1001,sl_full,backtest_train,train,2016-01-04,2023-08-04,2886f4ec73486b28db23f14b1be5e8c9e51f8272018bea56d83ba240088dfbb0,bt_20260511_174955_000030
bt_20260511_174955,2016-05-23T06:00:00+00:00,2016-05-24T03:30:00+00:00,ml_trader,GBPUSD,sell,33474.48,1.44772,1.450708,1.435771,4.0,0.912,-100.2001,0.1001,sl_full,backtest_train,train,2016-01-04,2023-08-04,2886f4ec73486b28db23f14b1be5e8c9e51f8272018bea56d83ba240088dfbb0,bt_20260511_174955_000031
bt_20260511_174955,2016-05-23T16:00:00+00:00,2016-05-23T16:45:00+00:00,ml_trader,GBPUSD,sell,76255.23,1.447241,1.448552,1.444016,2.46,0.709,-100.2001,0.1001,sl_full,backtest_train,train,2016-01-04,2023-08-04,2886f4ec73486b28db23f14b1be5e8c9e51f8272018bea56d83ba240088dfbb0,bt_20260511_174955_000032
bt_20260511_174955,2016-06-01T09:00:00+00:00,2016-06-02T00:45:00+00:00,ml_trader,GBPUSD,sell,37486.06,1.441362,1.444029,1.430931,3.91,0.891,-100.2001,0.1001,sl_full,backtest_train,train,2016-01-04,2023-08-04,2886f4ec73486b28db23f14b1be5e8c9e51f8272018bea56d83ba240088dfbb0,bt_20260511_174955_000033
bt_20260511_174955,2016-06-03T05:00:00+00:00,2016-06-03T08:00:00+00:00,ml_trader,EURUSD,sell,89235.6,1.114327,1.115448,1.109845,4.0,0.912,-100.2001,0.1001,sl_full,backtest_train,train,2016-01-04,2023-08-04,2886f4ec73486b28db23f14b1be5e8c9e51f8272018bea56d83ba240088dfbb0,bt_20260511_174955_000034
bt_20260511_174955,2016-06-21T19:30:00+00:00,2016-06-21T22:45:00+00:00,ml_trader,EURUSD,sell,86092.96,1.124845,1.126006,1.121012,3.3,0.83,-100.2001,0.1001,sl_full,backtest_train,train,2016-01-04,2023-08-04,2886f4ec73486b28db23f14b1be5e8c9e51f8272018bea56d83ba240088dfbb0,bt_20260511_174955_000035
bt_20260511_174955,2016-07-05T08:00:00+00:00,2016-07-05T21:15:00+00:00,ml_trader,GBPUSD,sell,27973.7,1.311038,1.314613,1.299813,3.14,0.814,413.177,0.4136,tp2,backtest_train,train,2016-01-04,2023-08-04,2886f4ec73486b28db23f14b1be5e8c9e51f8272018bea56d83ba240088dfbb0,bt_20260511_174955_000036
bt_20260511_174955,2016-07-05T19:00:00+00:00,2016-07-05T21:15:00+00:00,ml_trader,EURJPY,sell,516.2,112.32553,112.519255,111.695923,3.25,0.825,364.9669,0.3653,be_or_trail,backtest_train,train,2016-01-04,2023-08-04,2886f4ec73486b28db23f14b1be5e8c9e51f8272018bea56d83ba240088dfbb0,bt_20260511_174955_000037
bt_20260511_174955,2016-07-06T10:00:00+00:00,2016-07-06T10:45:00+00:00,ml_trader,EURUSD,sell,42598.75,1.104009,1.106357,1.095464,3.64,0.864,-100.2001,0.1001,sl_full,backtest_train,train,2016-01-04,2023-08-04,2886f4ec73486b28db23f14b1be5e8c9e51f8272018bea56d83ba240088dfbb0,bt_20260511_174955_000038
bt_20260511_174955,2016-07-15T05:15:00+00:00,2016-07-15T05:30:00+00:00,ml_trader,GBPJPY,buy,175.86,142.437478,141.868833,144.072335,2.88,0.78,-100.2021,0.1001,sl_full,backtest_train,train,2016-01-04,2023-08-04,2886f4ec73486b28db23f14b1be5e8c9e51f8272018bea56d83ba240088dfbb0,bt_20260511_174955_000039
bt_20260511_174955,2016-07-21T03:15:00+00:00,2016-07-21T04:45:00+00:00,ml_trader,GBPJPY,sell,226.6,141.794633,142.235938,140.733738,2.4,0.693,309.9279,0.3102,tp2,backtest_train,train,2016-01-04,2023-08-04,2886f4ec73486b28db23f14b1be5e8c9e51f8272018bea56d83ba240088dfbb0,bt_20260511_174955_000040
bt_20260511_174955,2016-08-03T13:30:00+00:00,2016-08-05T07:30:00+00:00,ml_trader,EURUSD,sell,73773.63,1.115987,1.117342,1.112319,2.71,0.753,138.7022,0.1388,be_or_trail,backtest_train,train,2016-01-04,2023-08-04,2886f4ec73486b28db23f14b1be5e8c9e51f8272018bea56d83ba240088dfbb0,bt_20260511_174955_000041
bt_20260511_174955,2016-08-09T09:15:00+00:00,2016-08-09T10:00:00+00:00,ml_trader,GBPUSD,sell,49529.26,1.295841,1.29786,1.289097,3.34,0.834,-100.2001,0.1001,sl_full,backtest_train,train,2016-01-04,2023-08-04,2886f4ec73486b28db23f14b1be5e8c9e51f8272018bea56d83ba240088dfbb0,bt_20260511_174955_000042
bt_20260511_174955,2016-08-11T07:00:00+00:00,2016-08-11T07:45:00+00:00,ml_trader,EURUSD,buy,91206.79,1.115383,1.114287,1.118924,3.23,0.823,-100.2001,0.1001,sl_full,backtest_train,train,2016-01-04,2023-08-04,2886f4ec73486b28db23f14b1be5e8c9e51f8272018bea56d83ba240088dfbb0,bt_20260511_174955_000043
bt_20260511_174955,2016-08-12T02:00:00+00:00,2016-08-12T02:15:00+00:00,ml_trader,EURJPY,buy,697.48,113.834759,113.691385,114.302158,3.26,0.826,-100.2006,0.1001,sl_full,backtest_train,train,2016-01-04,2023-08-04,2886f4ec73486b28db23f14b1be5e8c9e51f8272018bea56d83ba240088dfbb0,bt_20260511_174955_000044
bt_20260511_174955,2016-08-16T11:30:00+00:00,2016-08-16T20:15:00+00:00,ml_trader,USDJPY,sell,380.05,100.296938,100.560064,99.249697,3.98,0.898,-100.2011,0.1001,sl_full,backtest_train,train,2016-01-04,2023-08-04,2886f4ec73486b28db23f14b1be5e8c9e51f8272018bea56d83ba240088dfbb0,bt_20260511_174955_000045
bt_20260511_174955,2016-08-31T10:15:00+00:00,2016-09-01T08:00:00+00:00,ml_trader,GBPJPY,buy,331.03,135.681138,135.379048,136.889497,4.0,0.916,499.0074,0.4995,tp2,backtest_train,train,2016-01-04,2023-08-04,2886f4ec73486b28db23f14b1be5e8c9e51f8272018bea56d83ba240088dfbb0,bt_20260511_174955_000046
bt_20260511_174955,2016-09-02T02:00:00+00:00,2016-09-02T05:45:00+00:00,ml_trader,EURJPY,buy,939.09,115.864172,115.757685,116.149662,2.68,0.749,-100.2005,0.1001,sl_full,backtest_train,train,2016-01-04,2023-08-04,2886f4ec73486b28db23f14b1be5e8c9e51f8272018bea56d83ba240088dfbb0,bt_20260511_174955_000047
bt_20260511_174955,2016-09-07T08:30:00+00:00,2016-09-07T10:15:00+00:00,ml_trader,USDJPY,sell,700.46,101.470699,101.613463,100.959604,3.58,0.858,-100.2005,0.1001,sl_full,backtest_train,train,2016-01-04,2023-08-04,2886f4ec73486b28db23f14b1be5e8c9e51f8272018bea56d83ba240088dfbb0,bt_20260511_174955_000048
bt_20260511_174955,2016-09-07T08:45:00+00:00,2016-09-07T09:30:00+00:00,ml_trader,EURJPY,sell,722.05,114.038185,114.17668,113.708705,2.38,0.686,-100.2004,0.1001,sl_full,backtest_train,train,2016-01-04,2023-08-04,2886f4ec73486b28db23f14b1be5e8c9e51f8272018bea56d83ba240088dfbb0,bt_20260511_174955_000049
bt_20260511_174955,2016-09-07T08:45:00+00:00,2016-09-07T09:30:00+00:00,ml_trader,GBPJPY,sell,385.99,135.552886,135.811957,134.591731,3.71,0.871,-100.1991,0.1001,sl_full,backtest_train,train,2016-01-04,2023-08-04,2886f4ec73486b28db23f14b1be5e8c9e51f8272018bea56d83ba240088dfbb0,bt_20260511_174955_000050
bt_20260511_174955,2016-09-14T02:15:00+00:00,2016-09-14T03:30:00+00:00,ml_trader,EURJPY,buy,444.66,115.954186,115.729294,116.739058,3.49,0.849,-100.2004,0.1001,sl_full,backtest_train,train,2016-01-04,2023-08-04,2886f4ec73486b28db23f14b1be5e8c9e51f8272018bea56d83ba240088dfbb0,bt_20260511_174955_000051
bt_20260511_174955,2016-09-14T02:15:00+00:00,2016-09-14T03:30:00+00:00,ml_trader,USDJPY,buy,483.76,103.297656,103.090941,103.99015,3.35,0.835,-100.2003,0.1001,sl_full,backtest_train,train,2016-01-04,2023-08-04,2886f4ec73486b28db23f14b1be5e8c9e51f8272018bea56d83ba240088dfbb0,bt_20260511_174955_000052
bt_20260511_174955,2016-09-16T06:00:00+00:00,2016-09-19T04:00:00+00:00,ml_trader,EURJPY,sell,630.0,114.485102,114.643831,113.950183,3.37,0.837,436.1247,0.4366,tp2,backtest_train,train,2016-01-04,2023-08-04,2886f4ec73486b28db23f14b1be5e8c9e51f8272018bea56d83ba240088dfbb0,bt_20260511_174955_000053
bt_20260511_174955,2016-09-26T09:45:00+00:00,2016-09-26T10:00:00+00:00,ml_trader,GBPJPY,sell,425.25,129.957997,130.193155,129.229007,3.1,0.81,-100.201,0.1001,sl_full,backtest_train,train,2016-01-04,2023-08-04,2886f4ec73486b28db23f14b1be5e8c9e51f8272018bea56d83ba240088dfbb0,bt_20260511_174955_000054
bt_20260511_174955,2016-09-28T02:15:00+00:00,2016-09-28T04:45:00+00:00,ml_trader,EURUSD,sell,116377.0,1.120446,1.121305,1.117901,2.96,0.794,-100.2001,0.1001,sl_full,backtest_train,train,2016-01-04,2023-08-04,2886f4ec73486b28db23f14b1be5e8c9e51f8272018bea56d83ba240088dfbb0,bt_20260511_174955_000055
bt_20260511_174955,2016-10-04T05:15:00+00:00,2016-10-04T09:00:00+00:00,ml_trader,GBPUSD,sell,37735.85,1.274465,1.277115,1.263865,4.0,0.92,-100.2001,0.1001,sl_full,backtest_train,train,2016-01-04,2023-08-04,2886f4ec73486b28db23f14b1be5e8c9e51f8272018bea56d83ba240088dfbb0,bt_20260511_174955_000056
bt_20260511_174955,2016-10-12T04:15:00+00:00,2016-10-12T14:15:00+00:00,ml_trader,EURUSD,sell,52094.41,1.102739,1.104659,1.097821,2.56,0.73,-100.2001,0.1001,sl_full,backtest_train,train,2016-01-04,2023-08-04,2886f4ec73486b28db23f14b1be5e8c9e51f8272018bea56d83ba240088dfbb0,bt_20260511_174955_000057
bt_20260511_174955,2016-10-18T10:30:00+00:00,2016-10-19T09:00:00+00:00,ml_trader,XAUUSD,buy,29.64,1260.341984,1256.96788,1269.937935,2.84,0.775,273.9531,0.2742,be_or_trail,backtest_train,train,2016-01-04,2023-08-04,2886f4ec73486b28db23f14b1be5e8c9e51f8272018bea56d83ba240088dfbb0,bt_20260511_174955_000058
bt_20260511_174955,2016-10-21T03:15:00+00:00,2016-10-24T03:45:00+00:00,ml_trader,EURUSD,sell,83122.45,1.089252,1.090455,1.086485,2.3,0.664,118.9235,0.119,be_or_trail,backtest_train,train,2016-01-04,2023-08-04,2886f4ec73486b28db23f14b1be5e8c9e51f8272018bea56d83ba240088dfbb0,bt_20260511_174955_000059
bt_20260511_174955,2016-10-25T09:00:00+00:00,2016-10-25T10:30:00+00:00,ml_trader,EURJPY,buy,617.65,113.841764,113.67986,114.476428,3.92,0.892,-100.2002,0.1001,sl_full,backtest_train,train,2016-01-04,2023-08-04,2886f4ec73486b28db23f14b1be5e8c9e51f8272018bea56d83ba240088dfbb0,bt_20260511_174955_000060
bt_20260511_174955,2016-11-02T04:00:00+00:00,2016-11-02T04:45:00+00:00,ml_trader,USDJPY,sell,556.55,103.4893,103.66898,102.795737,3.86,0.886,-100.2008,0.1001,sl_full,backtest_train,train,2016-01-04,2023-08-04,2886f4ec73486b28db23f14b1be5e8c9e51f8272018bea56d83ba240088dfbb0,bt_20260511_174955_000061
bt_20260511_174955,2016-11-07T11:15:00+00:00,2016-11-07T12:30:00+00:00,ml_trader,EURJPY,buy,610.94,115.444082,115.280398,115.848544,2.47,0.712,-100.2009,0.1001,sl_full,backtest_train,train,2016-01-04,2023-08-04,2886f4ec73486b28db23f14b1be5e8c9e51f8272018bea56d83ba240088dfbb0,bt_20260511_174955_000062
bt_20260511_174955,2016-11-07T18:00:00+00:00,2016-11-08T07:00:00+00:00,ml_trader,XAUUSD,buy,43.05,1282.7565,1280.433745,1288.00825,2.26,0.653,-100.1947,0.1001,sl_full,backtest_train,train,2016-01-04,2023-08-04,2886f4ec73486b28db23f14b1be5e8c9e51f8272018bea56d83ba240088dfbb0,bt_20260511_174955_000063
bt_20260511_174955,2016-11-10T02:30:00+00:00,2016-11-10T08:00:00+00:00,ml_trader,GBPJPY,buy,304.82,131.293252,130.965193,132.595644,3.97,0.897,370.8842,0.3713,be_or_trail,backtest_train,train,2016-01-04,2023-08-04,2886f4ec73486b28db23f14b1be5e8c9e51f8272018bea56d83ba240088dfbb0,bt_20260511_174955_000064
bt_20260511_174955,2016-11-24T05:15:00+00:00,2016-11-24T06:00:00+00:00,ml_trader,EURUSD,sell,42073.73,1.055089,1.057466,1.047531,3.18,0.818,-100.2001,0.1001,sl_full,backtest_train,train,2016-01-04,2023-08-04,2886f4ec73486b28db23f14b1be5e8c9e51f8272018bea56d83ba240088dfbb0,bt_20260511_174955_000065
bt_20260511_174955,2016-11-24T06:00:00+00:00,2016-11-24T07:00:00+00:00,ml_trader,GBPJPY,buy,300.43,141.0492,140.71634,142.354012,3.92,0.892,-100.2013,0.1001,sl_full,backtest_train,train,2016-01-04,2023-08-04,2886f4ec73486b28db23f14b1be5e8c9e51f8272018bea56d83ba240088dfbb0,bt_20260511_174955_000066
bt_20260511_174955,2016-11-24T08:30:00+00:00,2016-11-25T02:15:00+00:00,ml_trader,GBPJPY,buy,328.49,140.940185,140.635765,141.858925,3.02,0.802,-100.1991,0.1001,sl_full,backtest_train,train,2016-01-04,2023-08-04,2886f4ec73486b28db23f14b1be5e8c9e51f8272018bea56d83ba240088dfbb0,bt_20260511_174955_000067
bt_20260511_174955,2016-12-12T17:00:00+00:00,2016-12-12T19:45:00+00:00,ml_trader,USDJPY,sell,606.22,114.893017,115.057974,114.272778,3.76,0.876,-100.2005,0.1001,sl_full,backtest_train,train,2016-01-04,2023-08-04,2886f4ec73486b28db23f14b1be5e8c9e51f8272018bea56d83ba240088dfbb0,bt_20260511_174955_000068
bt_20260511_174955,2016-12-30T04:15:00+00:00,2016-12-30T09:30:00+00:00,ml_trader,EURUSD,buy,46639.72,1.055161,1.053017,1.060453,2.47,0.711,-100.2001,0.1001,sl_full,backtest_train,train,2016-01-04,2023-08-04,2886f4ec73486b28db23f14b1be5e8c9e51f8272018bea56d83ba240088dfbb0,bt_20260511_174955_000069
bt_20260511_174955,2017-01-03T11:15:00+00:00,2017-01-04T19:00:00+00:00,ml_trader,EURUSD,buy,34299.03,1.041798,1.038883,1.049233,2.55,0.728,331.8372,0.3322,tp2,backtest_train,train,2016-01-04,2023-08-04,2886f4ec73486b28db23f14b1be5e8c9e51f8272018bea56d83ba240088dfbb0,bt_20260511_174955_000070
bt_20260511_174955,2017-01-09T04:00:00+00:00,2017-01-09T08:30:00+00:00,ml_trader,EURJPY,sell,537.0,123.416314,123.602535,122.671428,4.0,0.904,380.6857,0.3811,be_or_trail,backtest_train,train,2016-01-04,2023-08-04,2886f4ec73486b28db23f14b1be5e8c9e51f8272018bea56d83ba240088dfbb0,bt_20260511_174955_000071
bt_20260511_174955,2017-01-11T11:30:00+00:00,2017-01-11T12:00:00+00:00,ml_trader,EURUSD,buy,32467.01,1.05293,1.04985,1.060301,2.39,0.69,-100.2001,0.1001,sl_full,backtest_train,train,2016-01-04,2023-08-04,2886f4ec73486b28db23f14b1be5e8c9e51f8272018bea56d83ba240088dfbb0,bt_20260511_174955_000072
bt_20260511_174955,2017-01-12T06:00:00+00:00,2017-01-12T14:30:00+00:00,ml_trader,EURUSD,buy,48478.34,1.064773,1.06271,1.070413,2.73,0.757,-100.2001,0.1001,sl_full,backtest_train,train,2016-01-04,2023-08-04,2886f4ec73486b28db23f14b1be5e8c9e51f8272018bea56d83ba240088dfbb0,bt_20260511_174955_000073
bt_20260511_174955,2017-01-12T07:15:00+00:00,2017-01-12T08:30:00+00:00,ml_trader,EURUSD,buy,49385.19,1.067373,1.065349,1.071865,2.22,0.631,-100.2001,0.1001,sl_full,backtest_train,train,2016-01-04,2023-08-04,2886f4ec73486b28db23f14b1be5e8c9e51f8272018bea56d83ba240088dfbb0,bt_20260511_174955_000074
bt_20260511_174955,2017-01-12T18:00:00+00:00,2017-01-13T02:30:00+00:00,ml_trader,XAUUSD,sell,31.91,1193.531266,1196.665411,1184.931171,2.74,0.759,-100.2107,0.1001,sl_full,backtest_train,train,2016-01-04,2023-08-04,2886f4ec73486b28db23f14b1be5e8c9e51f8272018bea56d83ba240088dfbb0,bt_20260511_174955_000075
bt_20260511_174955,2017-01-17T18:00:00+00:00,2017-01-17T20:15:00+00:00,ml_trader,XAUUSD,buy,46.41,1216.283247,1214.128655,1222.1265,2.71,0.754,-100.1947,0.1001,sl_full,backtest_train,train,2016-01-04,2023-08-04,2886f4ec73486b28db23f14b1be5e8c9e51f8272018bea56d83ba240088dfbb0,bt_20260511_174955_000076
bt_20260511_174955,2017-01-17T18:30:00+00:00,2017-01-17T19:15:00+00:00,ml_trader,EURUSD,sell,106687.24,1.069716,1.070653,1.067126,2.76,0.762,-100.2001,0.1001,sl_full,backtest_train,train,2016-01-04,2023-08-04,2886f4ec73486b28db23f14b1be5e8c9e51f8272018bea56d83ba240088dfbb0,bt_20260511_174955_000077
bt_20260511_174955,2017-01-17T19:45:00+00:00,2017-01-18T00:30:00+00:00,ml_trader,GBPJPY,sell,366.19,139.531094,139.804175,138.778484,2.76,0.761,-100.1995,0.1001,sl_full,backtest_train,train,2016-01-04,2023-08-04,2886f4ec73486b28db23f14b1be5e8c9e51f8272018bea56d83ba240088dfbb0,bt_20260511_174955_000078
bt_20260511_174955,2017-01-30T18:15:00+00:00,2017-01-30T18:45:00+00:00,ml_trader,GBPJPY,buy,466.8,142.268453,142.054229,143.056799,3.68,0.868,-100.2,0.1001,sl_full,backtest_train,train,2016-01-04,2023-08-04,2886f4ec73486b28db23f14b1be5e8c9e51f8272018bea56d83ba240088dfbb0,bt_20260511_174955_000079
bt_20260511_174955,2017-01-31T02:45:00+00:00,2017-01-31T03:00:00+00:00,ml_trader,GBPJPY,sell,363.08,141.704655,141.980078,141.085229,2.25,0.649,-100.2006,0.1001,sl_full,backtest_train,train,2016-01-04,2023-08-04,2886f4ec73486b28db23f14b1be5e8c9e51f8272018bea56d83ba240088dfbb0,bt_20260511_174955_000080
bt_20260511_174955,2017-02-09T14:45:00+00:00,2017-02-10T11:30:00+00:00,ml_trader,USDJPY,buy,468.89,113.328661,113.115389,113.919211,2.77,0.763,-100.2011,0.1001,sl_full,backtest_train,train,2016-01-04,2023-08-04,2886f4ec73486b28db23f14b1be5e8c9e51f8272018bea56d83ba240088dfbb0,bt_20260511_174955_000081
bt_20260511_174955,2017-03-01T14:30:00+00:00,2017-03-02T09:15:00+00:00,ml_trader,USDJPY,buy,580.64,113.730742,113.558518,114.187135,2.65,0.744,346.8054,0.3472,tp2,backtest_train,train,2016-01-04,2023-08-04,2886f4ec73486b28db23f14b1be5e8c9e51f8272018bea56d83ba240088dfbb0,bt_20260511_174955_000082
bt_20260511_174955,2017-03-06T03:15:00+00:00,2017-03-06T04:30:00+00:00,ml_trader,EURUSD,buy,53441.98,1.063503,1.061631,1.070501,3.74,0.874,-100.2001,0.1001,sl_full,backtest_train,train,2016-01-04,2023-08-04,2886f4ec73486b28db23f14b1be5e8c9e51f8272018bea56d83ba240088dfbb0,bt_20260511_174955_000083
bt_20260511_174955,2017-03-09T19:00:00+00:00,2017-03-10T08:30:00+00:00,ml_trader,XAUUSD,sell,38.53,1198.880171,1201.475558,1191.35355,2.9,0.784,-100.2003,0.1001,sl_full,backtest_train,train,2016-01-04,2023-08-04,2886f4ec73486b28db23f14b1be5e8c9e51f8272018bea56d83ba240088dfbb0,bt_20260511_174955_000084
bt_20260511_174955,2017-03-13T03:45:00+00:00,2017-03-13T21:45:00+00:00,ml_trader,EURUSD,sell,74275.32,1.069346,1.070692,1.065199,3.08,0.808,283.5659,0.2838,be_or_trail,backtest_train,train,2016-01-04,2023-08-04,2886f4ec73486b28db23f14b1be5e8c9e51f8272018bea56d83ba240088dfbb0,bt_20260511_174955_000085
bt_20260511_174955,2017-03-13T11:30:00+00:00,2017-03-13T11:45:00+00:00,ml_trader,GBPUSD,buy,56124.23,1.224965,1.223183,1.230613,3.17,0.817,-100.2001,0.1001,sl_full,backtest_train,train,2016-01-04,2023-08-04,2886f4ec73486b28db23f14b1be5e8c9e51f8272018bea56d83ba240088dfbb0,bt_20260511_174955_000086
bt_20260511_174955,2017-03-16T06:30:00+00:00,2017-03-16T07:00:00+00:00,ml_trader,GBPUSD,buy,46897.34,1.226935,1.224803,1.233132,2.91,0.785,-100.2001,0.1001,sl_full,backtest_train,train,2016-01-04,2023-08-04,2886f4ec73486b28db23f14b1be5e8c9e51f8272018bea56d83ba240088dfbb0,bt_20260511_174955_000087
bt_20260511_174955,2017-03-16T07:30:00+00:00,2017-03-16T15:00:00+00:00,ml_trader,USDJPY,sell,723.68,113.417314,113.555497,113.019211,2.88,0.781,147.373,0.1475,be_or_trail,backtest_train,train,2016-01-04,2023-08-04,2886f4ec73486b28db23f14b1be5e8c9e51f8272018bea56d83ba240088dfbb0,bt_20260511_174955_000088
bt_20260511_174955,2017-03-17T04:45:00+00:00,2017-03-17T07:00:00+00:00,ml_trader,GBPUSD,buy,42985.57,1.238928,1.236601,1.244295,2.31,0.666,-100.2001,0.1001,sl_full,backtest_train,train,2016-01-04,2023-08-04,2886f4ec73486b28db23f14b1be5e8c9e51f8272018bea56d83ba240088dfbb0,bt_20260511_174955_000089
bt_20260511_174955,2017-04-04T05:30:00+00:00,2017-04-04T09:15:00+00:00,ml_trader,EURJPY,sell,489.98,117.688456,117.892545,116.910874,3.81,0.881,-100.2,0.1001,sl_full,backtest_train,train,2016-01-04,2023-08-04,2886f4ec73486b28db23f14b1be5e8c9e51f8272018bea56d83ba240088dfbb0,bt_20260511_174955_000090
bt_20260511_174955,2017-04-04T07:30:00+00:00,2017-04-04T08:15:00+00:00,ml_trader,USDJPY,sell,710.65,110.29194,110.432657,109.859939,3.07,0.807,-100.2006,0.1001,sl_full,backtest_train,train,2016-01-04,2023-08-04,2886f4ec73486b28db23f14b1be5e8c9e51f8272018bea56d83ba240088dfbb0,bt_20260511_174955_000091
bt_20260511_174955,2017-04-10T06:30:00+00:00,2017-04-10T11:30:00+00:00,ml_trader,XAUUSD,sell,55.82,1252.179568,1253.97113,1245.01332,4.0,0.908,-100.2051,0.1001,sl_full,backtest_train,train,2016-01-04,2023-08-04,2886f4ec73486b28db23f14b1be5e8c9e51f8272018bea56d83ba240088dfbb0,bt_20260511_174955_000092
bt_20260511_174955,2017-04-11T17:00:00+00:00,2017-04-11T19:15:00+00:00,ml_trader,GBPJPY,sell,714.81,136.86462,137.004517,136.450245,2.96,0.794,-100.1999,0.1001,sl_full,backtest_train,train,2016-01-04,2023-08-04,2886f4ec73486b28db23f14b1be5e8c9e51f8272018bea56d83ba240088dfbb0,bt_20260511_174955_000093
bt_20260511_174955,2017-04-12T19:45:00+00:00,2017-04-13T01:30:00+00:00,ml_trader,USDJPY,sell,668.91,108.866223,109.015719,108.438364,2.86,0.778,-100.1997,0.1001,sl_full,backtest_train,train,2016-01-04,2023-08-04,2886f4ec73486b28db23f14b1be5e8c9e51f8272018bea56d83ba240088dfbb0,bt_20260511_174955_000094
bt_20260511_174955,2017-04-18T03:30:00+00:00,2017-04-18T07:00:00+00:00,ml_trader,EURJPY,sell,671.04,115.919812,116.068835,115.497928,2.83,0.773,-100.2005,0.1001,sl_full,backtest_train,train,2016-01-04,2023-08-04,2886f4ec73486b28db23f14b1be5e8c9e51f8272018bea56d83ba240088dfbb0,bt_20260511_174955_000095
bt_20260511_174955,2017-05-09T12:00:00+00:00,2017-05-09T15:30:00+00:00,ml_trader,USDJPY,buy,636.14,114.260847,114.103649,114.778027,3.29,0.829,-100.1998,0.1001,sl_full,backtest_train,train,2016-01-04,2023-08-04,2886f4ec73486b28db23f14b1be5e8c9e51f8272018bea56d83ba240088dfbb0,bt_20260511_174955_000096
bt_20260511_174955,2017-05-09T19:45:00+00:00,2017-05-11T10:30:00+00:00,ml_trader,XAUUSD,sell,36.0,1223.115313,1225.893112,1214.448581,3.12,0.812,-100.2009,0.1001,sl_full,backtest_train,train,2016-01-04,2023-08-04,2886f4ec73486b28db23f14b1be5e8c9e51f8272018bea56d83ba240088dfbb0,bt_20260511_174955_000097
bt_20260511_174955,2017-05-17T08:15:00+00:00,2017-05-17T09:45:00+00:00,ml_trader,USDJPY,sell,626.62,112.166565,112.326151,111.73265,2.72,0.755,357.1346,0.3575,tp2,backtest_train,train,2016-01-04,2023-08-04,2886f4ec73486b28db23f14b1be5e8c9e51f8272018bea56d83ba240088dfbb0,bt_20260511_174955_000098
bt_20260511_174955,2017-05-17T10:15:00+00:00,2017-05-17T11:00:00+00:00,ml_trader,GBPUSD,buy,47296.9,1.297619,1.295505,1.303527,2.79,0.767,-100.2001,0.1001,sl_full,backtest_train,train,2016-01-04,2023-08-04,2886f4ec73486b28db23f14b1be5e8c9e51f8272018bea56d83ba240088dfbb0,bt_20260511_174955_000099
bt_20260511_174955,2017-05-18T03:45:00+00:00,2017-05-18T04:15:00+00:00,ml_trader,GBPJPY,sell,374.77,143.656261,143.923089,142.588945,4.0,0.911,-100.1995,0.1001,sl_full,backtest_train,train,2016-01-04,2023-08-04,2886f4ec73486b28db23f14b1be5e8c9e51f8272018bea56d83ba240088dfbb0,bt_20260511_174955_000100
bt_20260511_174955,2017-06-06T03:30:00+00:00,2017-06-06T05:00:00+00:00,ml_trader,GBPUSD,buy,49910.07,1.293419,1.291415,1.298852,2.71,0.754,-100.2001,0.1001,sl_full,backtest_train,train,2016-01-04,2023-08-04,2886f4ec73486b28db23f14b1be5e8c9e51f8272018bea56d83ba240088dfbb0,bt_20260511_174955_000101
bt_20260511_174955,2017-06-06T03:45:00+00:00,2017-06-06T06:15:00+00:00,ml_trader,GBPUSD,buy,48150.52,1.292818,1.290742,1.297986,2.49,0.717,-100.2001,0.1001,sl_full,backtest_train,train,2016-01-04,2023-08-04,2886f4ec73486b28db23f14b1be5e8c9e51f8272018bea56d83ba240088dfbb0,bt_20260511_174955_000102
bt_20260511_174955,2017-06-16T07:15:00+00:00,2017-06-16T08:30:00+00:00,ml_trader,USDJPY,buy,790.77,111.39027,111.26381,111.882198,3.89,0.889,-100.2007,0.1001,sl_full,backtest_train,train,2016-01-04,2023-08-04,2886f4ec73486b28db23f14b1be5e8c9e51f8272018bea56d83ba240088dfbb0,bt_20260511_174955_000103
bt_20260511_174955,2017-06-19T02:30:00+00:00,2017-06-19T03:00:00+00:00,ml_trader,EURUSD,buy,107157.86,1.120774,1.119841,1.123077,2.47,0.711,-100.2001,0.1001,sl_full,backtest_train,train,2016-01-04,2023-08-04,2886f4ec73486b28db23f14b1be5e8c9e51f8272018bea56d83ba240088dfbb0,bt_20260511_174955_000104
bt_20260511_174955,2017-06-19T19:30:00+00:00,2017-06-19T20:15:00+00:00,ml_trader,EURUSD,sell,110037.17,1.113937,1.114846,1.111814,2.34,0.674,-100.2001,0.1001,sl_full,backtest_train,train,2016-01-04,2023-08-04,2886f4ec73486b28db23f14b1be5e8c9e51f8272018bea56d83ba240088dfbb0,bt_20260511_174955_000105
bt_20260511_174955,2017-06-28T08:00:00+00:00,2017-06-28T08:15:00+00:00,ml_trader,GBPJPY,buy,395.05,144.073807,143.820674,144.962305,3.51,0.851,-100.2004,0.1001,sl_full,backtest_train,train,2016-01-04,2023-08-04,2886f4ec73486b28db23f14b1be5e8c9e51f8272018bea56d83ba240088dfbb0,bt_20260511_174955_000106
bt_20260511_174955,2017-06-28T08:00:00+00:00,2017-06-28T08:15:00+00:00,ml_trader,GBPUSD,buy,51301.33,1.285237,1.283288,1.29165,3.29,0.829,-100.2001,0.1001,sl_full,backtest_train,train,2016-01-04,2023-08-04,2886f4ec73486b28db23f14b1be5e8c9e51f8272018bea56d83ba240088dfbb0,bt_20260511_174955_000107
bt_20260511_174955,2017-07-14T16:15:00+00:00,2017-07-17T00:00:00+00:00,ml_trader,USDJPY,sell,1071.15,112.462504,112.555861,112.227896,2.51,0.722,-100.2002,0.1001,sl_full,backtest_train,train,2016-01-04,2023-08-04,2886f4ec73486b28db23f14b1be5e8c9e51f8272018bea56d83ba240088dfbb0,bt_20260511_174955_000108
bt_20260511_174955,2017-07-19T18:15:00+00:00,2017-07-19T21:45:00+00:00,ml_trader,EURUSD,buy,124830.18,1.15258,1.151779,1.15552,3.67,0.867,-100.2001,0.1001,sl_full,backtest_train,train,2016-01-04,2023-08-04,2886f4ec73486b28db23f14b1be5e8c9e51f8272018bea56d83ba240088dfbb0,bt_20260511_174955_000109
bt_20260511_174955,2017-07-26T18:30:00+00:00,2017-07-27T10:15:00+00:00,ml_trader,XAUUSD,buy,35.83,1261.562321,1258.7716,1270.325183,3.14,0.814,-100.1916,0.1001,sl_full,backtest_train,train,2016-01-04,2023-08-04,2886f4ec73486b28db23f14b1be5e8c9e51f8272018bea56d83ba240088dfbb0,bt_20260511_174955_000110
bt_20260511_174955,2017-08-02T04:15:00+00:00,2017-08-02T05:15:00+00:00,ml_trader,EURJPY,buy,485.41,131.369271,131.16326,131.947339,2.81,0.769,-100.2001,0.1001,sl_full,backtest_train,train,2016-01-04,2023-08-04,2886f4ec73486b28db23f14b1be5e8c9e51f8272018bea56d83ba240088dfbb0,bt_20260511_174955_000111
bt_20260511_174955,2017-08-04T15:15:00+00:00,2017-08-04T16:45:00+00:00,ml_trader,GBPUSD,buy,66828.85,1.304891,1.303395,1.309949,3.38,0.838,-100.2001,0.1001,sl_full,backtest_train,train,2016-01-04,2023-08-04,2886f4ec73486b28db23f14b1be5e8c9e51f8272018bea56d83ba240088dfbb0,bt_20260511_174955_000112
bt_20260511_174955,2017-08-07T11:00:00+00:00,2017-08-07T13:00:00+00:00,ml_trader,USDJPY,buy,762.78,110.847162,110.716063,111.22735,2.9,0.784,-100.2001,0.1001,sl_full,backtest_train,train,2016-01-04,2023-08-04,2886f4ec73486b28db23f14b1be5e8c9e51f8272018bea56d83ba240088dfbb0,bt_20260511_174955_000113
bt_20260511_174955,2017-08-11T04:15:00+00:00,2017-08-11T07:00:00+00:00,ml_trader,GBPJPY,sell,529.81,141.36372,141.552467,140.85769,2.68,0.749,-100.2,0.1001,sl_full,backtest_train,train,2016-01-04,2023-08-04,2886f4ec73486b28db23f14b1be5e8c9e51f8272018bea56d83ba240088dfbb0,bt_20260511_174955_000114
bt_20260511_174955,2017-08-28T07:15:00+00:00,2017-08-29T03:45:00+00:00,ml_trader,GBPUSD,buy,84981.51,1.291568,1.290391,1.295593,3.42,0.842,342.9843,0.3433,be_or_trail,backtest_train,train,2016-01-04,2023-08-04,2886f4ec73486b28db23f14b1be5e8c9e51f8272018bea56d83ba240088dfbb0,bt_20260511_174955_000115
bt_20260511_174955,2017-08-28T16:00:00+00:00,2017-08-28T17:00:00+00:00,ml_trader,EURJPY,buy,733.15,130.944183,130.807785,131.437941,3.62,0.862,-100.1999,0.1001,sl_full,backtest_train,train,2016-01-04,2023-08-04,2886f4ec73486b28db23f14b1be5e8c9e51f8272018bea56d83ba240088dfbb0,bt_20260511_174955_000116
bt_20260511_174955,2017-08-30T05:45:00+00:00,2017-08-31T09:45:00+00:00,ml_trader,GBPJPY,buy,455.79,142.041403,141.822005,142.848788,3.68,0.868,185.9095,0.1861,be_or_trail,backtest_train,train,2016-01-04,2023-08-04,2886f4ec73486b28db23f14b1be5e8c9e51f8272018bea56d83ba240088dfbb0,bt_20260511_174955_000117
bt_20260511_174955,2017-08-30T08:00:00+00:00,2017-08-30T09:30:00+00:00,ml_trader,USDJPY,buy,687.74,110.218038,110.072634,110.777845,3.85,0.885,-100.2004,0.1001,sl_full,backtest_train,train,2016-01-04,2023-08-04,2886f4ec73486b28db23f14b1be5e8c9e51f8272018bea56d83ba240088dfbb0,bt_20260511_174955_000118
bt_20260511_174955,2017-09-06T04:00:00+00:00,2017-09-06T05:45:00+00:00,ml_trader,GBPUSD,buy,66548.74,1.304371,1.302868,1.308607,2.82,0.771,-100.2001,0.1001,sl_full,backtest_train,train,2016-01-04,2023-08-04,2886f4ec73486b28db23f14b1be5e8c9e51f8272018bea56d83ba240088dfbb0,bt_20260511_174955_000119
bt_20260511_174955,2017-09-14T07:15:00+00:00,2017-09-14T07:45:00+00:00,ml_trader,EURUSD,sell,68487.8,1.187912,1.189373,1.184288,2.48,0.715,-100.2001,0.1001,sl_full,backtest_train,train,2016-01-04,2023-08-04,2886f4ec73486b28db23f14b1be5e8c9e51f8272018bea56d83ba240088dfbb0,bt_20260511_174955_000120
bt_20260511_174955,2017-09-15T04:30:00+00:00,2017-09-15T05:15:00+00:00,ml_trader,GBPUSD,buy,49777.1,1.345609,1.3436,1.352018,3.19,0.819,418.182,0.4186,tp2,backtest_train,train,2016-01-04,2023-08-04,2886f4ec73486b28db23f14b1be5e8c9e51f8272018bea56d83ba240088dfbb0,bt_20260511_174955_000121
bt_20260511_174955,2017-09-21T19:30:00+00:00,2017-09-21T20:30:00+00:00,ml_trader,GBPJPY,buy,699.15,152.761549,152.618519,153.316506,3.88,0.888,-100.1996,0.1001,sl_full,backtest_train,train,2016-01-04,2023-08-04,2886f4ec73486b28db23f14b1be5e8c9e51f8272018bea56d83ba240088dfbb0,bt_20260511_174955_000122
bt_20260511_174955,2017-09-25T18:30:00+00:00,2017-09-26T01:00:00+00:00,ml_trader,EURUSD,buy,110561.02,1.185877,1.184973,1.188762,3.19,0.819,-100.2001,0.1001,sl_full,backtest_train,train,2016-01-04,2023-08-04,2886f4ec73486b28db23f14b1be5e8c9e51f8272018bea56d83ba240088dfbb0,bt_20260511_174955_000123
bt_20260511_174955,2017-09-26T06:00:00+00:00,2017-09-26T08:30:00+00:00,ml_trader,EURJPY,sell,477.64,131.854621,132.063981,131.159543,3.32,0.832,-100.1991,0.1001,sl_full,backtest_train,train,2016-01-04,2023-08-04,2886f4ec73486b28db23f14b1be5e8c9e51f8272018bea56d83ba240088dfbb0,bt_20260511_174955_000124
bt_20260511_174955,2017-09-27T08:30:00+00:00,2017-09-27T10:45:00+00:00,ml_trader,XAUUSD,sell,27.51,1284.393094,1288.027887,1271.962103,3.42,0.842,-100.1932,0.1001,sl_full,backtest_train,train,2016-01-04,2023-08-04,2886f4ec73486b28db23f14b1be5e8c9e51f8272018bea56d83ba240088dfbb0,bt_20260511_174955_000125
bt_20260511_174955,2017-10-02T11:00:00+00:00,2017-10-04T02:00:00+00:00,ml_trader,XAUUSD,sell,25.79,1273.285331,1277.163074,1262.741747,2.72,0.755,-100.2071,0.1001,sl_full,backtest_train,train,2016-01-04,2023-08-04,2886f4ec73486b28db23f14b1be5e8c9e51f8272018bea56d83ba240088dfbb0,bt_20260511_174955_000126
bt_20260511_174955,2017-10-04T06:00:00+00:00,2017-10-04T09:00:00+00:00,ml_trader,XAUUSD,buy,50.12,1278.065621,1276.070373,1284.989129,3.47,0.847,-100.2019,0.1001,sl_full,backtest_train,train,2016-01-04,2023-08-04,2886f4ec73486b28db23f14b1be5e8c9e51f8272018bea56d83ba240088dfbb0,bt_20260511_174955_000127
bt_20260511_174955,2017-10-09T09:45:00+00:00,2017-10-10T07:30:00+00:00,ml_trader,XAUUSD,buy,39.59,1281.466203,1278.940547,1288.03291,2.6,0.736,339.2688,0.3396,tp2,backtest_train,train,2016-01-04,2023-08-04,2886f4ec73486b28db23f14b1be5e8c9e51f8272018bea56d83ba240088dfbb0,bt_20260511_174955_000128
bt_20260511_174955,2017-10-13T06:45:00+00:00,2017-10-13T08:15:00+00:00,ml_trader,GBPUSD,buy,37124.45,1.329256,1.326562,1.337202,2.95,0.792,-100.2001,0.1001,sl_full,backtest_train,train,2016-01-04,2023-08-04,2886f4ec73486b28db23f14b1be5e8c9e51f8272018bea56d83ba240088dfbb0,bt_20260511_174955_000129
bt_20260511_174955,2017-10-18T14:00:00+00:00,2017-10-18T15:00:00+00:00,ml_trader,GBPJPY,buy,511.68,149.137823,148.942389,149.767121,3.22,0.822,-100.1998,0.1001,sl_full,backtest_train,train,2016-01-04,2023-08-04,2886f4ec73486b28db23f14b1be5e8c9e51f8272018bea56d83ba240088dfbb0,bt_20260511_174955_000130
bt_20260511_174955,2017-10-18T18:15:00+00:00,2017-10-19T03:30:00+00:00,ml_trader,EURJPY,buy,838.41,133.312653,133.193379,133.638388,2.73,0.757,-100.2,0.1001,sl_full,backtest_train,train,2016-01-04,2023-08-04,2886f4ec73486b28db23f14b1be5e8c9e51f8272018bea56d83ba240088dfbb0,bt_20260511_174955_000131
bt_20260511_174955,2017-10-19T09:30:00+00:00,2017-10-19T13:00:00+00:00,ml_trader,EURUSD,buy,57652.18,1.184697,1.182962,1.189002,2.48,0.715,-100.2001,0.1001,sl_full,backtest_train,train,2016-01-04,2023-08-04,2886f4ec73486b28db23f14b1be5e8c9e51f8272018bea56d83ba240088dfbb0,bt_20260511_174955_000132
bt_20260511_174955,2017-10-20T14:15:00+00:00,2017-10-20T15:45:00+00:00,ml_trader,GBPJPY,buy,578.27,149.780957,149.608028,150.290061,2.94,0.791,-100.1999,0.1001,sl_full,backtest_train,train,2016-01-04,2023-08-04,2886f4ec73486b28db23f14b1be5e8c9e51f8272018bea56d83ba240088dfbb0,bt_20260511_174955_000133
bt_20260511_174955,2017-10-22T18:00:00+00:00,2017-10-23T11:45:00+00:00,ml_trader,XAUUSD,sell,33.81,1277.374479,1280.331797,1266.107098,3.81,0.881,-100.187,0.1001,sl_full,backtest_train,train,2016-01-04,2023-08-04,2886f4ec73486b28db23f14b1be5e8c9e51f8272018bea56d83ba240088dfbb0,bt_20260511_174955_000134
bt_20260511_174955,2017-10-23T10:00:00+00:00,2017-10-23T10:45:00+00:00,ml_trader,EURUSD,buy,78648.04,1.175625,1.174354,1.180571,3.89,0.889,-100.2001,0.1001,sl_full,backtest_train,train,2016-01-04,2023-08-04,2886f4ec73486b28db23f14b1be5e8c9e51f8272018bea56d83ba240088dfbb0,bt_20260511_174955_000135
bt_20260511_174955,2017-10-26T19:00:00+00:00,2017-10-27T02:00:00+00:00,ml_trader,GBPJPY,sell,527.76,149.789036,149.978517,149.272703,2.73,0.756,-100.2002,0.1001,sl_full,backtest_train,train,2016-01-04,2023-08-04,2886f4ec73486b28db23f14b1be5e8c9e51f8272018bea56d83ba240088dfbb0,bt_20260511_174955_000136
bt_20260511_174955,2017-10-27T02:30:00+00:00,2017-10-27T02:45:00+00:00,ml_trader,EURUSD,sell,87988.1,1.161988,1.163124,1.158593,2.99,0.798,-100.2001,0.1001,sl_full,backtest_train,train,2016-01-04,2023-08-04,2886f4ec73486b28db23f14b1be5e8c9e51f8272018bea56d83ba240088dfbb0,bt_20260511_174955_000137
bt_20260511_174955,2017-10-27T02:30:00+00:00,2017-10-27T10:00:00+00:00,ml_trader,GBPUSD,sell,66146.56,1.310468,1.31198,1.305952,2.99,0.798,-100.2001,0.1001,sl_full,backtest_train,train,2016-01-04,2023-08-04,2886f4ec73486b28db23f14b1be5e8c9e51f8272018bea56d83ba240088dfbb0,bt_20260511_174955_000138
bt_20260511_174955,2017-10-27T04:00:00+00:00,2017-10-27T10:45:00+00:00,ml_trader,EURJPY,sell,566.85,132.681451,132.857864,131.975797,4.0,0.92,395.2203,0.3956,be_or_trail,backtest_train,train,2016-01-04,2023-08-04,2886f4ec73486b28db23f14b1be5e8c9e51f8272018bea56d83ba240088dfbb0,bt_20260511_174955_000139
bt_20260511_174955,2017-10-27T06:30:00+00:00,2017-10-27T09:45:00+00:00,ml_trader,EURUSD,sell,71875.2,1.161888,1.163279,1.158725,2.27,0.656,211.2943,0.2115,be_or_trail,backtest_train,train,2016-01-04,2023-08-04,2886f4ec73486b28db23f14b1be5e8c9e51f8272018bea56d83ba240088dfbb0,bt_20260511_174955_000140
bt_20260511_174955,2017-11-15T17:15:00+00:00,2017-11-15T19:15:00+00:00,ml_trader,EURJPY,sell,693.29,132.91941,133.063649,132.560831,2.49,0.716,-100.1998,0.1001,sl_full,backtest_train,train,2016-01-04,2023-08-04,2886f4ec73486b28db23f14b1be5e8c9e51f8272018bea56d83ba240088dfbb0,bt_20260511_174955_000141
bt_20260511_174955,2017-11-17T15:30:00+00:00,2017-11-17T16:00:00+00:00,ml_trader,USDJPY,sell,838.9,111.986601,112.105804,111.675241,2.61,0.738,-100.1999,0.1001,sl_full,backtest_train,train,2016-01-04,2023-08-04,2886f4ec73486b28db23f14b1be5e8c9e51f8272018bea56d83ba240088dfbb0,bt_20260511_174955_000142
bt_20260511_174955,2017-11-23T08:45:00+00:00,2017-11-23T19:45:00+00:00,ml_trader,EURUSD,buy,83062.53,1.185167,1.183963,1.189742,3.8,0.88,-100.2001,0.1001,sl_full,backtest_train,train,2016-01-04,2023-08-04,2886f4ec73486b28db23f14b1be5e8c9e51f8272018bea56d83ba240088dfbb0,bt_20260511_174955_000143
bt_20260511_174955,2017-11-24T04:00:00+00:00,2017-11-24T10:45:00+00:00,ml_trader,EURJPY,buy,598.56,132.25545,132.088383,132.773356,3.1,0.81,355.6811,0.356,be_or_trail,backtest_train,train,2016-01-04,2023-08-04,2886f4ec73486b28db23f14b1be5e8c9e51f8272018bea56d83ba240088dfbb0,bt_20260511_174955_000144
bt_20260511_174955,2017-11-30T05:45:00+00:00,2017-11-30T13:00:00+00:00,ml_trader,EURJPY,buy,483.33,132.983592,132.776695,133.568076,2.83,0.772,373.0029,0.3734,tp2,backtest_train,train,2016-01-04,2023-08-04,2886f4ec73486b28db23f14b1be5e8c9e51f8272018bea56d83ba240088dfbb0,bt_20260511_174955_000145
bt_20260511_174955,2017-11-30T11:15:00+00:00,2017-12-01T11:00:00+00:00,ml_trader,USDJPY,buy,441.81,112.218438,111.992097,112.994791,3.43,0.843,-100.2002,0.1001,sl_full,backtest_train,train,2016-01-04,2023-08-04,2886f4ec73486b28db23f14b1be5e8c9e51f8272018bea56d83ba240088dfbb0,bt_20260511_174955_000146
bt_20260511_174955,2017-11-30T11:30:00+00:00,2017-12-01T11:00:00+00:00,ml_trader,USDJPY,buy,460.06,112.259447,112.042084,112.856108,2.75,0.759,139.2713,0.1394,be_or_trail,backtest_train,train,2016-01-04,2023-08-04,2886f4ec73486b28db23f14b1be5e8c9e51f8272018bea56d83ba240088dfbb0,bt_20260511_174955_000147
bt_20260511_174955,2017-11-30T11:45:00+00:00,2017-12-01T11:00:00+00:00,ml_trader,USDJPY,buy,477.13,112.315458,112.105872,112.808612,2.35,0.679,119.7926,0.1199,be_or_trail,backtest_train,train,2016-01-04,2023-08-04,2886f4ec73486b28db23f14b1be5e8c9e51f8272018bea56d83ba240088dfbb0,bt_20260511_174955_000148
bt_20260511_174955,2017-12-07T18:15:00+00:00,2017-12-07T19:00:00+00:00,ml_trader,USDJPY,buy,1045.89,113.206635,113.111023,113.531717,3.4,0.84,-100.2,0.1001,sl_full,backtest_train,train,2016-01-04,2023-08-04,2886f4ec73486b28db23f14b1be5e8c9e51f8272018bea56d83ba240088dfbb0,bt_20260511_174955_000149
bt_20260511_174955,2017-12-20T07:30:00+00:00,2017-12-21T19:00:00+00:00,ml_trader,EURUSD,buy,74572.15,1.184677,1.183336,1.189142,3.33,0.833,169.8742,0.17,be_or_trail,backtest_train,train,2016-01-04,2023-08-04,2886f4ec73486b28db23f14b1be5e8c9e51f8272018bea56d83ba240088dfbb0,bt_20260511_174955_000150
bt_20260511_174955,2018-01-02T07:15:00+00:00,2018-01-02T18:30:00+00:00,ml_trader,XAUUSD,buy,42.05,1311.792335,1309.414353,1317.235536,2.29,0.661,292.8117,0.2931,tp2,backtest_train,train,2016-01-04,2023-08-04,2886f4ec73486b28db23f14b1be5e8c9e51f8272018bea56d83ba240088dfbb0,bt_20260511_174955_000151
bt_20260511_174955,2018-01-02T13:15:00+00:00,2018-01-02T21:30:00+00:00,ml_trader,XAUUSD,buy,41.7,1314.772912,1312.374676,1321.288917,2.72,0.755,137.668,0.1378,be_or_trail,backtest_train,train,2016-01-04,2023-08-04,2886f4ec73486b28db23f14b1be5e8c9e51f8272018bea56d83ba240088dfbb0,bt_20260511_174955_000152
bt_20260511_174955,2018-01-05T06:00:00+00:00,2018-01-05T08:30:00+00:00,ml_trader,USDJPY,buy,1226.02,113.268651,113.187087,113.529658,3.2,0.82,-100.2,0.1001,sl_full,backtest_train,train,2016-01-04,2023-08-04,2886f4ec73486b28db23f14b1be5e8c9e51f8272018bea56d83ba240088dfbb0,bt_20260511_174955_000153
bt_20260511_174955,2018-01-05T08:15:00+00:00,2018-01-05T08:30:00+00:00,ml_trader,USDJPY,buy,1185.02,113.312659,113.228272,113.512741,2.37,0.684,-100.2005,0.1001,sl_full,backtest_train,train,2016-01-04,2023-08-04,2886f4ec73486b28db23f14b1be5e8c9e51f8272018bea56d83ba240088dfbb0,bt_20260511_174955_000154
bt_20260511_174955,2018-01-09T08:45:00+00:00,2018-01-09T10:30:00+00:00,ml_trader,USDJPY,buy,861.13,112.65453,112.538403,112.963777,2.66,0.746,-100.2007,0.1001,sl_full,backtest_train,train,2016-01-04,2023-08-04,2886f4ec73486b28db23f14b1be5e8c9e51f8272018bea56d83ba240088dfbb0,bt_20260511_174955_000155
bt_20260511_174955,2018-01-11T06:45:00+00:00,2018-01-11T07:30:00+00:00,ml_trader,GBPUSD,sell,58511.96,1.346001,1.34771,1.339165,4.0,0.939,-100.2001,0.1001,sl_full,backtest_train,train,2016-01-04,2023-08-04,2886f4ec73486b28db23f14b1be5e8c9e51f8272018bea56d83ba240088dfbb0,bt_20260511_174955_000156
bt_20260511_174955,2018-01-15T10:45:00+00:00,2018-01-15T18:45:00+00:00,ml_trader,USDJPY,sell,850.33,110.483896,110.601497,110.157551,2.77,0.764,-100.2004,0.1001,sl_full,backtest_train,train,2016-01-04,2023-08-04,2886f4ec73486b28db23f14b1be5e8c9e51f8272018bea56d83ba240088dfbb0,bt_20260511_174955_000157
bt_20260511_174955,2018-01-29T13:00:00+00:00,2018-01-30T01:00:00+00:00,ml_trader,EURUSD,buy,51555.16,1.237777,1.235838,1.242495,2.43,0.701,-100.2001,0.1001,sl_full,backtest_train,train,2016-01-04,2023-08-04,2886f4ec73486b28db23f14b1be5e8c9e51f8272018bea56d83ba240088dfbb0,bt_20260511_174955_000158
bt_20260511_174955,2018-02-01T08:45:00+00:00,2018-02-01T12:45:00+00:00,ml_trader,USDJPY,sell,620.02,109.409114,109.570399,108.76397,4.0,0.916,-100.2005,0.1001,sl_full,backtest_train,train,2016-01-04,2023-08-04,2886f4ec73486b28db23f14b1be5e8c9e51f8272018bea56d83ba240088dfbb0,bt_20260511_174955_000159
bt_20260511_174955,2018-02-02T04:00:00+00:00,2018-02-02T13:15:00+00:00,ml_trader,EURUSD,sell,52865.56,1.24868,1.250572,1.241454,3.82,0.882,193.2645,0.1935,be_or_trail,backtest_train,train,2016-01-04,2023-08-04,2886f4ec73486b28db23f14b1be5e8c9e51f8272018bea56d83ba240088dfbb0,bt_20260511_174955_000160
bt_20260511_174955,2018-02-08T03:15:00+00:00,2018-02-08T08:15:00+00:00,ml_trader,EURUSD,sell,41898.16,1.223375,1.225762,1.217334,2.53,0.725,-100.2001,0.1001,sl_full,backtest_train,train,2016-01-04,2023-08-04,2886f4ec73486b28db23f14b1be5e8c9e51f8272018bea56d83ba240088dfbb0,bt_20260511_174955_000161
bt_20260511_174955,2018-02-08T07:30:00+00:00,2018-02-08T07:45:00+00:00,ml_trader,EURUSD,sell,45308.24,1.221386,1.223593,1.216153,2.37,0.684,-100.2001,0.1001,sl_full,backtest_train,train,2016-01-04,2023-08-04,2886f4ec73486b28db23f14b1be5e8c9e51f8272018bea56d83ba240088dfbb0,bt_20260511_174955_000162
bt_20260511_174955,2018-02-12T12:00:00+00:00,2018-02-12T13:00:00+00:00,ml_trader,USDJPY,buy,634.68,108.776748,108.619189,109.161665,2.44,0.704,-100.1996,0.1001,sl_full,backtest_train,train,2016-01-04,2023-08-04,2886f4ec73486b28db23f14b1be5e8c9e51f8272018bea56d83ba240088dfbb0,bt_20260511_174955_000163
bt_20260511_174955,2018-02-13T05:30:00+00:00,2018-02-14T08:30:00+00:00,ml_trader,EURUSD,buy,48333.15,1.234507,1.232438,1.240105,2.71,0.753,-100.2001,0.1001,sl_full,backtest_train,train,2016-01-04,2023-08-04,2886f4ec73486b28db23f14b1be5e8c9e51f8272018bea56d83ba240088dfbb0,bt_20260511_174955_000164
bt_20260511_174955,2018-02-14T18:45:00+00:00,2018-02-14T19:00:00+00:00,ml_trader,EURUSD,buy,68328.83,1.247079,1.245616,1.251631,3.11,0.811,-100.2001,0.1001,sl_full,backtest_train,train,2016-01-04,2023-08-04,2886f4ec73486b28db23f14b1be5e8c9e51f8272018bea56d83ba240088dfbb0,bt_20260511_174955_000165
bt_20260511_174955,2018-03-01T09:45:00+00:00,2018-03-01T10:15:00+00:00,ml_trader,EURJPY,sell,418.53,130.02799,130.266919,129.40534,2.61,0.737,-100.1992,0.1001,sl_full,backtest_train,train,2016-01-04,2023-08-04,2886f4ec73486b28db23f14b1be5e8c9e51f8272018bea56d83ba240088dfbb0,bt_20260511_174955_000166
bt_20260511_174955,2018-03-26T19:30:00+00:00,2018-03-26T20:15:00+00:00,ml_trader,EURJPY,buy,656.51,131.471296,131.318975,131.999851,3.47,0.847,-100.2006,0.1001,sl_full,backtest_train,train,2016-01-04,2023-08-04,2886f4ec73486b28db23f14b1be5e8c9e51f8272018bea56d83ba240088dfbb0,bt_20260511_174955_000167
bt_20260511_174955,2018-03-26T19:30:00+00:00,2018-03-26T20:15:00+00:00,ml_trader,GBPJPY,buy,627.69,150.272053,150.11274,150.909306,4.0,0.917,-100.1994,0.1001,sl_full,backtest_train,train,2016-01-04,2023-08-04,2886f4ec73486b28db23f14b1be5e8c9e51f8272018bea56d83ba240088dfbb0,bt_20260511_174955_000168
bt_20260511_174955,2018-03-29T03:15:00+00:00,2018-03-29T05:00:00+00:00,ml_trader,USDJPY,sell,687.89,106.51269,106.658062,105.9501,3.87,0.887,-100.2002,0.1001,sl_full,backtest_train,train,2016-01-04,2023-08-04,2886f4ec73486b28db23f14b1be5e8c9e51f8272018bea56d83ba240088dfbb0,bt_20260511_174955_000169
bt_20260511_174955,2018-03-29T08:30:00+00:00,2018-03-29T15:45:00+00:00,ml_trader,XAUUSD,sell,35.14,1322.445419,1325.291413,1315.412967,2.47,0.712,-100.2084,0.1001,sl_full,backtest_train,train,2016-01-04,2023-08-04,2886f4ec73486b28db23f14b1be5e8c9e51f8272018bea56d83ba240088dfbb0,bt_20260511_174955_000170
bt_20260511_174955,2018-04-02T19:15:00+00:00,2018-04-02T21:15:00+00:00,ml_trader,XAUUSD,buy,49.62,1341.44829,1339.432978,1346.176211,2.35,0.677,-100.1999,0.1001,sl_full,backtest_train,train,2016-01-04,2023-08-04,2886f4ec73486b28db23f14b1be5e8c9e51f8272018bea56d83ba240088dfbb0,bt_20260511_174955_000171
bt_20260511_174955,2018-04-09T07:45:00+00:00,2018-04-11T02:30:00+00:00,ml_trader,GBPUSD,buy,58218.9,1.412092,1.410375,1.418619,3.8,0.88,413.0754,0.4135,be_or_trail,backtest_train,train,2016-01-04,2023-08-04,2886f4ec73486b28db23f14b1be5e8c9e51f8272018bea56d83ba240088dfbb0,bt_20260511_174955_000172
bt_20260511_174955,2018-04-10T19:30:00+00:00,2018-04-10T21:45:00+00:00,ml_trader,EURUSD,buy,130708.41,1.236427,1.235662,1.239189,3.61,0.861,-100.2001,0.1001,sl_full,backtest_train,train,2016-01-04,2023-08-04,2886f4ec73486b28db23f14b1be5e8c9e51f8272018bea56d83ba240088dfbb0,bt_20260511_174955_000173
bt_20260511_174955,2018-04-16T16:30:00+00:00,2018-04-16T22:00:00+00:00,ml_trader,EURUSD,buy,122645.27,1.238538,1.237722,1.240887,2.88,0.781,-100.2001,0.1001,sl_full,backtest_train,train,2016-01-04,2023-08-04,2886f4ec73486b28db23f14b1be5e8c9e51f8272018bea56d83ba240088dfbb0,bt_20260511_174955_000174
bt_20260511_174955,2018-04-20T08:45:00+00:00,2018-04-23T08:15:00+00:00,ml_trader,EURUSD,sell,64575.15,1.228784,1.230333,1.223426,3.46,0.846,325.4391,0.3258,be_or_trail,backtest_train,train,2016-01-04,2023-08-04,2886f4ec73486b28db23f14b1be5e8c9e51f8272018bea56d83ba240088dfbb0,bt_20260511_174955_000175
bt_20260511_174955,2018-04-22T18:00:00+00:00,2018-04-23T08:00:00+00:00,ml_trader,XAUUSD,sell,48.54,1334.353071,1336.413389,1327.100752,3.52,0.852,329.6622,0.33,be_or_trail,backtest_train,train,2016-01-04,2023-08-04,2886f4ec73486b28db23f14b1be5e8c9e51f8272018bea56d83ba240088dfbb0,bt_20260511_174955_000176
bt_20260511_174955,2018-04-23T04:15:00+00:00,2018-04-23T05:45:00+00:00,ml_trader,EURJPY,sell,480.03,132.152565,132.360887,131.477602,3.24,0.824,-100.2009,0.1001,sl_full,backtest_train,train,2016-01-04,2023-08-04,2886f4ec73486b28db23f14b1be5e8c9e51f8272018bea56d83ba240088dfbb0,bt_20260511_174955_000177
bt_20260511_174955,2018-04-23T19:30:00+00:00,2018-04-23T21:00:00+00:00,ml_trader,USDJPY,buy,1266.92,108.788752,108.70982,108.974241,2.35,0.678,-100.2002,0.1001,sl_full,backtest_train,train,2016-01-04,2023-08-04,2886f4ec73486b28db23f14b1be5e8c9e51f8272018bea56d83ba240088dfbb0,bt_20260511_174955_000178
bt_20260511_174955,2018-04-24T05:00:00+00:00,2018-04-24T10:15:00+00:00,ml_trader,EURJPY,buy,624.76,132.847563,132.687503,133.394971,3.42,0.842,324.3339,0.3247,be_or_trail,backtest_train,train,2016-01-04,2023-08-04,2886f4ec73486b28db23f14b1be5e8c9e51f8272018bea56d83ba240088dfbb0,bt_20260511_174955_000179
bt_20260511_174955,2018-04-27T02:30:00+00:00,2018-04-27T15:30:00+00:00,ml_trader,EURJPY,sell,792.49,132.15557,132.281755,131.65083,4.0,0.944,-100.2005,0.1001,sl_full,backtest_train,train,2016-01-04,2023-08-04,2886f4ec73486b28db23f14b1be5e8c9e51f8272018bea56d83ba240088dfbb0,bt_20260511_174955_000180
bt_20260511_174955,2018-04-30T02:30:00+00:00,2018-04-30T10:45:00+00:00,ml_trader,GBPUSD,sell,72408.42,1.376505,1.377886,1.371132,3.89,0.889,-100.2001,0.1001,sl_full,backtest_train,train,2016-01-04,2023-08-04,2886f4ec73486b28db23f14b1be5e8c9e51f8272018bea56d83ba240088dfbb0,bt_20260511_174955_000181
bt_20260511_174955,2018-05-01T19:00:00+00:00,2018-05-01T21:15:00+00:00,ml_trader,GBPUSD,sell,108836.5,1.360488,1.361407,1.358194,2.5,0.719,-100.2001,0.1001,sl_full,backtest_train,train,2016-01-04,2023-08-04,2886f4ec73486b28db23f14b1be5e8c9e51f8272018bea56d83ba240088dfbb0,bt_20260511_174955_000182
bt_20260511_174955,2018-05-02T09:30:00+00:00,2018-05-02T14:00:00+00:00,ml_trader,GBPUSD,sell,43291.93,1.362157,1.364467,1.356468,2.46,0.71,-100.2001,0.1001,sl_full,backtest_train,train,2016-01-04,2023-08-04,2886f4ec73486b28db23f14b1be5e8c9e51f8272018bea56d83ba240088dfbb0,bt_20260511_174955_000183
bt_20260511_174955,2018-05-04T06:45:00+00:00,2018-05-04T09:15:00+00:00,ml_trader,USDJPY,sell,1012.26,108.93421,109.032999,108.601292,3.37,0.837,-100.1999,0.1001,sl_full,backtest_train,train,2016-01-04,2023-08-04,2886f4ec73486b28db23f14b1be5e8c9e51f8272018bea56d83ba240088dfbb0,bt_20260511_174955_000184
bt_20260511_174955,2018-05-08T09:00:00+00:00,2018-05-08T12:00:00+00:00,ml_trader,EURUSD,sell,61890.15,1.185383,1.186999,1.179372,3.72,0.872,-100.2001,0.1001,sl_full,backtest_train,train,2016-01-04,2023-08-04,2886f4ec73486b28db23f14b1be5e8c9e51f8272018bea56d83ba240088dfbb0,bt_20260511_174955_000185
bt_20260511_174955,2018-05-11T04:15:00+00:00,2018-05-14T10:00:00+00:00,ml_trader,EURUSD,buy,61011.29,1.192238,1.190599,1.198795,4.0,0.902,376.5248,0.3769,be_or_trail,backtest_train,train,2016-01-04,2023-08-04,2886f4ec73486b28db23f14b1be5e8c9e51f8272018bea56d83ba240088dfbb0,bt_20260511_174955_000186
bt_20260511_174955,2018-05-14T10:15:00+00:00,2018-05-15T02:15:00+00:00,ml_trader,EURJPY,sell,653.25,131.133772,131.286853,130.766377,2.4,0.692,123.0184,0.1231,be_or_trail,backtest_train,train,2016-01-04,2023-08-04,2886f4ec73486b28db23f14b1be5e8c9e51f8272018bea56d83ba240088dfbb0,bt_20260511_174955_000187
bt_20260511_174955,2018-05-17T03:45:00+00:00,2018-05-17T06:00:00+00:00,ml_trader,GBPJPY,buy,335.84,149.593908,149.296151,150.340088,2.51,0.721,-100.1989,0.1001,sl_full,backtest_train,train,2016-01-04,2023-08-04,2886f4ec73486b28db23f14b1be5e8c9e51f8272018bea56d83ba240088dfbb0,bt_20260511_174955_000188
bt_20260511_174955,2018-05-21T06:15:00+00:00,2018-05-21T08:00:00+00:00,ml_trader,USDJPY,buy,1093.95,111.333259,111.241847,111.602375,2.94,0.791,-100.2,0.1001,sl_full,backtest_train,train,2016-01-04,2023-08-04,2886f4ec73486b28db23f14b1be5e8c9e51f8272018bea56d83ba240088dfbb0,bt_20260511_174955_000189
bt_20260511_174955,2018-06-06T11:00:00+00:00,2018-06-06T22:00:00+00:00,ml_trader,USDJPY,buy,742.33,110.061009,109.926298,110.563482,3.73,0.873,-100.2002,0.1001,sl_full,backtest_train,train,2016-01-04,2023-08-04,2886f4ec73486b28db23f14b1be5e8c9e51f8272018bea56d83ba240088dfbb0,bt_20260511_174955_000190
bt_20260511_174955,2018-06-06T14:00:00+00:00,2018-06-06T15:15:00+00:00,ml_trader,EURJPY,sell,622.41,129.58208,129.742746,129.190698,2.44,0.702,-100.2002,0.1001,sl_full,backtest_train,train,2016-01-04,2023-08-04,2886f4ec73486b28db23f14b1be5e8c9e51f8272018bea56d83ba240088dfbb0,bt_20260511_174955_000191
bt_20260511_174955,2018-06-29T16:15:00+00:00,2018-07-02T00:00:00+00:00,ml_trader,GBPUSD,buy,73414.8,1.321344,1.319982,1.326793,4.0,0.933,-100.2001,0.1001,sl_full,backtest_train,train,2016-01-04,2023-08-04,2886f4ec73486b28db23f14b1be5e8c9e51f8272018bea56d83ba240088dfbb0,bt_20260511_174955_000192
bt_20260511_174955,2018-07-23T03:30:00+00:00,2018-07-23T04:30:00+00:00,ml_trader,GBPUSD,buy,65943.3,1.315843,1.314327,1.321469,3.71,0.871,-100.2001,0.1001,sl_full,backtest_train,train,2016-01-04,2023-08-04,2886f4ec73486b28db23f14b1be5e8c9e51f8272018bea56d83ba240088dfbb0,bt_20260511_174955_000193
bt_20260511_174955,2018-07-23T06:15:00+00:00,2018-07-23T09:30:00+00:00,ml_trader,GBPUSD,buy,64983.21,1.313273,1.311734,1.317063,2.46,0.71,-100.2001,0.1001,sl_full,backtest_train,train,2016-01-04,2023-08-04,2886f4ec73486b28db23f14b1be5e8c9e51f8272018bea56d83ba240088dfbb0,bt_20260511_174955_000194
bt_20260511_174955,2018-07-27T04:15:00+00:00,2018-07-27T08:45:00+00:00,ml_trader,EURUSD,sell,68100.35,1.162477,1.163946,1.158668,2.59,0.735,-100.2001,0.1001,sl_full,backtest_train,train,2016-01-04,2023-08-04,2886f4ec73486b28db23f14b1be5e8c9e51f8272018bea56d83ba240088dfbb0,bt_20260511_174955_000195
bt_20260511_174955,2018-08-13T19:45:00+00:00,2018-08-13T21:00:00+00:00,ml_trader,XAUUSD,sell,54.55,1192.491434,1194.324565,1186.497097,3.27,0.827,-100.1974,0.1001,sl_full,backtest_train,train,2016-01-04,2023-08-04,2886f4ec73486b28db23f14b1be5e8c9e51f8272018bea56d83ba240088dfbb0,bt_20260511_174955_000196
bt_20260511_174955,2018-08-15T06:30:00+00:00,2018-08-15T07:45:00+00:00,ml_trader,XAUUSD,sell,42.52,1184.43311,1186.784766,1176.343414,3.44,0.844,-100.1925,0.1001,sl_full,backtest_train,train,2016-01-04,2023-08-04,2886f4ec73486b28db23f14b1be5e8c9e51f8272018bea56d83ba240088dfbb0,bt_20260511_174955_000197
bt_20260511_174955,2018-08-20T13:15:00+00:00,2018-08-20T15:00:00+00:00,ml_trader,XAUUSD,sell,37.24,1187.532466,1190.218015,1179.945788,2.83,0.772,-100.21,0.1001,sl_full,backtest_train,train,2016-01-04,2023-08-04,2886f4ec73486b28db23f14b1be5e8c9e51f8272018bea56d83ba240088dfbb0,bt_20260511_174955_000198
bt_20260511_174955,2018-08-21T04:45:00+00:00,2018-08-21T08:15:00+00:00,ml_trader,EURJPY,buy,500.54,127.110416,126.910631,127.700981,2.96,0.793,-100.2006,0.1001,sl_full,backtest_train,train,2016-01-04,2023-08-04,2886f4ec73486b28db23f14b1be5e8c9e51f8272018bea56d83ba240088dfbb0,bt_20260511_174955_000199
bt_20260511_174955,2018-08-21T09:15:00+00:00,2018-08-22T10:15:00+00:00,ml_trader,GBPUSD,buy,54718.73,1.285227,1.2834,1.291696,3.54,0.854,350.3558,0.3507,be_or_trail,backtest_train,train,2016-01-04,2023-08-04,2886f4ec73486b28db23f14b1be5e8c9e51f8272018bea56d83ba240088dfbb0,bt_20260511_174955_000200
bt_20260511_174955,2018-08-22T07:00:00+00:00,2018-08-24T08:45:00+00:00,ml_trader,GBPJPY,buy,503.98,142.364466,142.166044,143.158152,4.0,0.92,381.8128,0.3822,time_exit,backtest_train,train,2016-01-04,2023-08-04,2886f4ec73486b28db23f14b1be5e8c9e51f8272018bea56d83ba240088dfbb0,bt_20260511_174955_000201
bt_20260511_174955,2018-08-23T09:00:00+00:00,2018-08-23T18:00:00+00:00,ml_trader,USDJPY,buy,938.47,110.960191,110.853634,111.312894,3.31,0.831,320.3818,0.3207,be_or_trail,backtest_train,train,2016-01-04,2023-08-04,2886f4ec73486b28db23f14b1be5e8c9e51f8272018bea56d83ba240088dfbb0,bt_20260511_174955_000202
bt_20260511_174955,2018-08-23T15:00:00+00:00,2018-08-24T10:00:00+00:00,ml_trader,USDJPY,buy,1007.96,111.294258,111.195047,111.513513,2.21,0.626,-100.2003,0.1001,sl_full,backtest_train,train,2016-01-04,2023-08-04,2886f4ec73486b28db23f14b1be5e8c9e51f8272018bea56d83ba240088dfbb0,bt_20260511_174955_000203
bt_20260511_174955,2018-08-27T13:45:00+00:00,2018-08-27T16:15:00+00:00,ml_trader,XAUUSD,sell,41.63,1208.268308,1210.670565,1200.701197,3.15,0.815,-100.2061,0.1001,sl_full,backtest_train,train,2016-01-04,2023-08-04,2886f4ec73486b28db23f14b1be5e8c9e51f8272018bea56d83ba240088dfbb0,bt_20260511_174955_000204
bt_20260511_174955,2018-08-28T10:15:00+00:00,2018-08-29T09:45:00+00:00,ml_trader,GBPUSD,sell,46744.04,1.288122,1.290262,1.279865,3.86,0.886,-100.2001,0.1001,sl_full,backtest_train,train,2016-01-04,2023-08-04,2886f4ec73486b28db23f14b1be5e8c9e51f8272018bea56d83ba240088dfbb0,bt_20260511_174955_000205
bt_20260511_174955,2018-09-03T19:15:00+00:00,2018-09-04T02:00:00+00:00,ml_trader,GBPJPY,sell,826.2,142.927402,143.048439,142.513457,3.42,0.842,-100.2006,0.1001,sl_full,backtest_train,train,2016-01-04,2023-08-04,2886f4ec73486b28db23f14b1be5e8c9e51f8272018bea56d83ba240088dfbb0,bt_20260511_174955_000206
bt_20260511_174955,2018-09-12T18:15:00+00:00,2018-09-12T22:00:00+00:00,ml_trader,XAUUSD,buy,54.65,1206.321172,1204.491301,1211.479577,2.82,0.771,-100.2025,0.1001,sl_full,backtest_train,train,2016-01-04,2023-08-04,2886f4ec73486b28db23f14b1be5e8c9e51f8272018bea56d83ba240088dfbb0,bt_20260511_174955_000207
bt_20260511_174955,2018-09-13T15:15:00+00:00,2018-09-13T22:15:00+00:00,ml_trader,USDJPY,buy,969.73,111.978392,111.875271,112.354785,3.65,0.865,-100.1998,0.1001,sl_full,backtest_train,train,2016-01-04,2023-08-04,2886f4ec73486b28db23f14b1be5e8c9e51f8272018bea56d83ba240088dfbb0,bt_20260511_174955_000208
bt_20260511_174955,2018-09-13T18:30:00+00:00,2018-09-13T22:15:00+00:00,ml_trader,EURJPY,buy,793.09,130.990197,130.864109,131.297727,2.44,0.703,-100.1995,0.1001,sl_full,backtest_train,train,2016-01-04,2023-08-04,2886f4ec73486b28db23f14b1be5e8c9e51f8272018bea56d83ba240088dfbb0,bt_20260511_174955_000209
bt_20260511_174955,2018-09-24T02:30:00+00:00,2018-09-24T02:45:00+00:00,ml_trader,GBPJPY,sell,575.23,146.981599,147.155441,146.286231,4.0,0.913,-100.1992,0.1001,sl_full,backtest_train,train,2016-01-04,2023-08-04,2886f4ec73486b28db23f14b1be5e8c9e51f8272018bea56d83ba240088dfbb0,bt_20260511_174955_000210
bt_20260511_174955,2018-09-28T02:15:00+00:00,2018-09-28T06:45:00+00:00,ml_trader,EURUSD,sell,81361.16,1.162827,1.164056,1.158796,3.28,0.828,317.9802,0.3183,be_or_trail,backtest_train,train,2016-01-04,2023-08-04,2886f4ec73486b28db23f14b1be5e8c9e51f8272018bea56d83ba240088dfbb0,bt_20260511_174955_000211
bt_20260511_174955,2018-09-28T02:15:00+00:00,2018-09-28T09:15:00+00:00,ml_trader,GBPUSD,sell,89846.51,1.307179,1.308292,1.302727,4.0,0.928,377.4318,0.3778,be_or_trail,backtest_train,train,2016-01-04,2023-08-04,2886f4ec73486b28db23f14b1be5e8c9e51f8272018bea56d83ba240088dfbb0,bt_20260511_174955_000212
bt_20260511_174955,2018-10-08T19:30:00+00:00,2018-10-09T03:15:00+00:00,ml_trader,XAUUSD,buy,65.28,1190.138004,1188.606055,1194.513251,2.86,0.777,-100.2057,0.1001,sl_full,backtest_train,train,2016-01-04,2023-08-04,2886f4ec73486b28db23f14b1be5e8c9e51f8272018bea56d83ba240088dfbb0,bt_20260511_174955_000213
bt_20260511_174955,2018-10-16T14:00:00+00:00,2018-10-17T00:30:00+00:00,ml_trader,GBPJPY,buy,456.45,148.083612,147.864529,148.721798,2.91,0.786,-100.2002,0.1001,sl_full,backtest_train,train,2016-01-04,2023-08-04,2886f4ec73486b28db23f14b1be5e8c9e51f8272018bea56d83ba240088dfbb0,bt_20260511_174955_000214
bt_20260511_174955,2018-10-26T05:30:00+00:00,2018-10-26T10:30:00+00:00,ml_trader,GBPUSD,sell,58914.03,1.280154,1.281851,1.273857,3.71,0.871,-100.2001,0.1001,sl_full,backtest_train,train,2016-01-04,2023-08-04,2886f4ec73486b28db23f14b1be5e8c9e51f8272018bea56d83ba240088dfbb0,bt_20260511_174955_000215
bt_20260511_174955,2018-11-01T10:15:00+00:00,2018-11-01T12:15:00+00:00,ml_trader,EURUSD,buy,58079.92,1.140888,1.139166,1.145633,2.76,0.761,-100.2001,0.1001,sl_full,backtest_train,train,2016-01-04,2023-08-04,2886f4ec73486b28db23f14b1be5e8c9e51f8272018bea56d83ba240088dfbb0,bt_20260511_174955_000216
bt_20260511_174955,2018-11-02T10:00:00+00:00,2018-11-02T11:00:00+00:00,ml_trader,EURUSD,buy,53054.33,1.142688,1.140804,1.147348,2.47,0.712,-100.2001,0.1001,sl_full,backtest_train,train,2016-01-04,2023-08-04,2886f4ec73486b28db23f14b1be5e8c9e51f8272018bea56d83ba240088dfbb0,bt_20260511_174955_000217
bt_20260511_174955,2018-11-09T11:30:00+00:00,2018-11-12T05:45:00+00:00,ml_trader,EURUSD,sell,52670.47,1.132364,1.134262,1.127095,2.77,0.764,293.3145,0.2936,be_or_trail,backtest_train,train,2016-01-04,2023-08-04,2886f4ec73486b28db23f14b1be5e8c9e51f8272018bea56d83ba240088dfbb0,bt_20260511_174955_000218
bt_20260511_174955,2018-11-14T03:00:00+00:00,2018-11-14T07:30:00+00:00,ml_trader,GBPUSD,sell,41395.44,1.296141,1.298556,1.289227,2.86,0.778,144.8768,0.145,be_or_trail,backtest_train,train,2016-01-04,2023-08-04,2886f4ec73486b28db23f14b1be5e8c9e51f8272018bea56d83ba240088dfbb0,bt_20260511_174955_000219
bt_20260511_174955,2018-11-19T08:15:00+00:00,2018-11-19T09:00:00+00:00,ml_trader,EURUSD,buy,70041.57,1.143969,1.142541,1.148495,3.17,0.817,-100.2001,0.1001,sl_full,backtest_train,train,2016-01-04,2023-08-04,2886f4ec73486b28db23f14b1be5e8c9e51f8272018bea56d83ba240088dfbb0,bt_20260511_174955_000220
bt_20260511_174955,2018-11-22T17:30:00+00:00,2018-11-23T01:00:00+00:00,ml_trader,GBPUSD,buy,97369.07,1.287928,1.286901,1.291173,3.16,0.816,-100.2001,0.1001,sl_full,backtest_train,train,2016-01-04,2023-08-04,2886f4ec73486b28db23f14b1be5e8c9e51f8272018bea56d83ba240088dfbb0,bt_20260511_174955_000221
bt_20260511_174955,2018-11-29T07:00:00+00:00,2018-11-29T12:45:00+00:00,ml_trader,EURUSD,buy,61805.78,1.138008,1.13639,1.144285,3.88,0.888,-100.2001,0.1001,sl_full,backtest_train,train,2016-01-04,2023-08-04,2886f4ec73486b28db23f14b1be5e8c9e51f8272018bea56d83ba240088dfbb0,bt_20260511_174955_000222
bt_20260511_174955,2018-12-11T02:15:00+00:00,2018-12-11T07:45:00+00:00,ml_trader,EURUSD,buy,98212.09,1.137487,1.136469,1.139982,2.45,0.706,127.1552,0.1273,be_or_trail,backtest_train,train,2016-01-04,2023-08-04,2886f4ec73486b28db23f14b1be5e8c9e51f8272018bea56d83ba240088dfbb0,bt_20260511_174955_000223
bt_20260511_174955,2018-12-11T19:15:00+00:00,2018-12-11T22:45:00+00:00,ml_trader,EURUSD,buy,109643.58,1.133427,1.132515,1.135471,2.24,0.645,-100.2001,0.1001,sl_full,backtest_train,train,2016-01-04,2023-08-04,2886f4ec73486b28db23f14b1be5e8c9e51f8272018bea56d83ba240088dfbb0,bt_20260511_174955_000224
bt_20260511_174955,2018-12-18T04:15:00+00:00,2018-12-18T06:00:00+00:00,ml_trader,GBPJPY,sell,390.53,141.988595,142.244654,141.361249,2.45,0.706,-100.199,0.1001,sl_full,backtest_train,train,2016-01-04,2023-08-04,2886f4ec73486b28db23f14b1be5e8c9e51f8272018bea56d83ba240088dfbb0,bt_20260511_174955_000225
bt_20260511_174955,2018-12-19T05:00:00+00:00,2018-12-19T10:45:00+00:00,ml_trader,EURUSD,buy,74730.86,1.139328,1.13799,1.142673,2.5,0.72,233.7068,0.2339,be_or_trail,backtest_train,train,2016-01-04,2023-08-04,2886f4ec73486b28db23f14b1be5e8c9e51f8272018bea56d83ba240088dfbb0,bt_20260511_174955_000226
bt_20260511_174955,2019-01-02T03:15:00+00:00,2019-01-02T08:15:00+00:00,ml_trader,EURJPY,sell,440.41,124.972002,125.199062,124.300814,2.96,0.793,315.6111,0.3159,be_or_trail,backtest_train,train,2016-01-04,2023-08-04,2886f4ec73486b28db23f14b1be5e8c9e51f8272018bea56d83ba240088dfbb0,bt_20260511_174955_000227
bt_20260511_174955,2019-01-02T03:15:00+00:00,2019-01-02T07:15:00+00:00,ml_trader,USDJPY,sell,650.79,109.088179,109.241837,108.616447,3.07,0.807,-100.1994,0.1001,sl_full,backtest_train,train,2016-01-04,2023-08-04,2886f4ec73486b28db23f14b1be5e8c9e51f8272018bea56d83ba240088dfbb0,bt_20260511_174955_000228
bt_20260511_174955,2019-01-02T17:30:00+00:00,2019-01-02T17:45:00+00:00,ml_trader,EURUSD,sell,62887.43,1.132223,1.133814,1.127421,3.02,0.802,-100.2001,0.1001,sl_full,backtest_train,train,2016-01-04,2023-08-04,2886f4ec73486b28db23f14b1be5e8c9e51f8272018bea56d83ba240088dfbb0,bt_20260511_174955_000229
bt_20260511_174955,2019-01-21T03:30:00+00:00,2019-01-21T06:15:00+00:00,ml_trader,GBPUSD,sell,63272.5,1.285033,1.286613,1.280845,2.65,0.744,-100.2001,0.1001,sl_full,backtest_train,train,2016-01-04,2023-08-04,2886f4ec73486b28db23f14b1be5e8c9e51f8272018bea56d83ba240088dfbb0,bt_20260511_174955_000230
bt_20260511_174955,2019-01-22T08:00:00+00:00,2019-01-22T10:30:00+00:00,ml_trader,EURJPY,sell,849.02,124.217148,124.334932,123.746015,4.0,0.925,-100.2004,0.1001,sl_full,backtest_train,train,2016-01-04,2023-08-04,2886f4ec73486b28db23f14b1be5e8c9e51f8272018bea56d83ba240088dfbb0,bt_20260511_174955_000231
bt_20260511_174955,2019-01-25T16:00:00+00:00,2019-01-27T18:45:00+00:00,ml_trader,XAUUSD,buy,31.89,1303.16561,1300.030243,1315.707079,4.0,0.902,-100.1869,0.1001,sl_full,backtest_train,train,2016-01-04,2023-08-04,2886f4ec73486b28db23f14b1be5e8c9e51f8272018bea56d83ba240088dfbb0,bt_20260511_174955_000232
bt_20260511_174955,2019-01-30T03:30:00+00:00,2019-01-30T12:15:00+00:00,ml_trader,GBPJPY,buy,356.97,143.342658,143.062526,144.151679,2.89,0.782,-100.1988,0.1001,sl_full,backtest_train,train,2016-01-04,2023-08-04,2886f4ec73486b28db23f14b1be5e8c9e51f8272018bea56d83ba240088dfbb0,bt_20260511_174955_000233
bt_20260511_174955,2019-02-13T07:30:00+00:00,2019-02-14T09:15:00+00:00,ml_trader,GBPUSD,sell,29204.64,1.290632,1.294056,1.281452,2.68,0.749,259.1932,0.2595,be_or_trail,backtest_train,train,2016-01-04,2023-08-04,2886f4ec73486b28db23f14b1be5e8c9e51f8272018bea56d83ba240088dfbb0,bt_20260511_174955_000234
bt_20260511_174955,2019-02-15T02:45:00+00:00,2019-02-15T04:45:00+00:00,ml_trader,USDJPY,sell,921.67,110.293939,110.402438,109.927212,3.38,0.838,-100.2003,0.1001,sl_full,backtest_train,train,2016-01-04,2023-08-04,2886f4ec73486b28db23f14b1be5e8c9e51f8272018bea56d83ba240088dfbb0,bt_20260511_174955_000235
bt_20260511_174955,2019-02-18T04:00:00+00:00,2019-02-18T20:30:00+00:00,ml_trader,GBPUSD,buy,54398.99,1.292068,1.29023,1.297804,3.12,0.812,-100.2001,0.1001,sl_full,backtest_train,train,2016-01-04,2023-08-04,2886f4ec73486b28db23f14b1be5e8c9e51f8272018bea56d83ba240088dfbb0,bt_20260511_174955_000236
bt_20260511_174955,2019-02-20T11:00:00+00:00,2019-02-20T13:45:00+00:00,ml_trader,XAUUSD,buy,35.88,1345.597069,1342.81035,1355.155514,3.43,0.843,-100.1876,0.1001,sl_full,backtest_train,train,2016-01-04,2023-08-04,2886f4ec73486b28db23f14b1be5e8c9e51f8272018bea56d83ba240088dfbb0,bt_20260511_174955_000237
bt_20260511_174955,2019-03-08T07:45:00+00:00,2019-03-08T08:15:00+00:00,ml_trader,XAUUSD,buy,50.73,1293.453585,1291.482222,1299.761948,3.2,0.82,-100.2074,0.1001,sl_full,backtest_train,train,2016-01-04,2023-08-04,2886f4ec73486b28db23f14b1be5e8c9e51f8272018bea56d83ba240088dfbb0,bt_20260511_174955_000238
bt_20260511_174955,2019-03-13T14:30:00+00:00,2019-03-13T15:30:00+00:00,ml_trader,GBPJPY,buy,281.81,147.140415,146.785568,147.997014,2.41,0.696,311.5213,0.3118,tp2,backtest_train,train,2016-01-04,2023-08-04,2886f4ec73486b28db23f14b1be5e8c9e51f8272018bea56d83ba240088dfbb0,bt_20260511_174955_000239
bt_20260511_174955,2019-03-14T07:30:00+00:00,2019-03-14T08:15:00+00:00,ml_trader,EURJPY,buy,675.93,126.222238,126.074294,126.814015,4.0,0.903,-100.2,0.1001,sl_full,backtest_train,train,2016-01-04,2023-08-04,2886f4ec73486b28db23f14b1be5e8c9e51f8272018bea56d83ba240088dfbb0,bt_20260511_174955_000240
bt_20260511_174955,2019-03-21T02:30:00+00:00,2019-03-21T06:15:00+00:00,ml_trader,GBPJPY,sell,453.05,145.601871,145.822598,145.025331,2.61,0.738,233.943,0.2342,be_or_trail,backtest_train,train,2016-01-04,2023-08-04,2886f4ec73486b28db23f14b1be5e8c9e51f8272018bea56d83ba240088dfbb0,bt_20260511_174955_000241
bt_20260511_174955,2019-04-01T03:15:00+00:00,2019-04-01T03:30:00+00:00,ml_trader,EURUSD,sell,153676.53,1.123595,1.124246,1.121337,3.47,0.847,-100.2001,0.1001,sl_full,backtest_train,train,2016-01-04,2023-08-04,2886f4ec73486b28db23f14b1be5e8c9e51f8272018bea56d83ba240088dfbb0,bt_20260511_174955_000242
bt_20260511_174955,2019-04-01T03:45:00+00:00,2019-04-01T04:00:00+00:00,ml_trader,EURUSD,sell,164724.26,1.123655,1.124262,1.122201,2.4,0.691,-100.2001,0.1001,sl_full,backtest_train,train,2016-01-04,2023-08-04,2886f4ec73486b28db23f14b1be5e8c9e51f8272018bea56d83ba240088dfbb0,bt_20260511_174955_000243
bt_20260511_174955,2019-04-01T19:45:00+00:00,2019-04-01T20:00:00+00:00,ml_trader,USDJPY,buy,1283.36,111.471287,111.393367,111.664452,2.48,0.714,-100.1999,0.1001,sl_full,backtest_train,train,2016-01-04,2023-08-04,2886f4ec73486b28db23f14b1be5e8c9e51f8272018bea56d83ba240088dfbb0,bt_20260511_174955_000244
bt_20260511_174955,2019-04-22T17:00:00+00:00,2019-04-22T17:30:00+00:00,ml_trader,EURJPY,sell,1599.54,125.970803,126.033321,125.73511,3.77,0.877,-100.2,0.1001,sl_full,backtest_train,train,2016-01-04,2023-08-04,2886f4ec73486b28db23f14b1be5e8c9e51f8272018bea56d83ba240088dfbb0,bt_20260511_174955_000245
bt_20260511_174955,2019-04-24T02:15:00+00:00,2019-04-24T02:30:00+00:00,ml_trader,EURJPY,sell,859.54,125.213951,125.330292,124.83817,3.23,0.823,-100.1998,0.1001,sl_full,backtest_train,train,2016-01-04,2023-08-04,2886f4ec73486b28db23f14b1be5e8c9e51f8272018bea56d83ba240088dfbb0,bt_20260511_174955_000246
bt_20260511_174955,2019-05-03T02:15:00+00:00,2019-05-03T11:00:00+00:00,ml_trader,EURJPY,sell,1271.19,124.462102,124.540768,124.20565,3.26,0.826,-100.1999,0.1001,sl_full,backtest_train,train,2016-01-04,2023-08-04,2886f4ec73486b28db23f14b1be5e8c9e51f8272018bea56d83ba240088dfbb0,bt_20260511_174955_000247
bt_20260511_174955,2019-05-08T17:15:00+00:00,2019-05-08T17:45:00+00:00,ml_trader,GBPUSD,sell,91757.69,1.29973,1.30082,1.297068,2.44,0.704,-100.2001,0.1001,sl_full,backtest_train,train,2016-01-04,2023-08-04,2886f4ec73486b28db23f14b1be5e8c9e51f8272018bea56d83ba240088dfbb0,bt_20260511_174955_000248
bt_20260511_174955,2019-05-09T04:00:00+00:00,2019-05-09T10:00:00+00:00,ml_trader,GBPUSD,sell,69250.24,1.29956,1.301004,1.295748,2.64,0.742,-100.2001,0.1001,sl_full,backtest_train,train,2016-01-04,2023-08-04,2886f4ec73486b28db23f14b1be5e8c9e51f8272018bea56d83ba240088dfbb0,bt_20260511_174955_000249
bt_20260511_174955,2019-05-20T02:15:00+00:00,2019-05-20T03:30:00+00:00,ml_trader,GBPUSD,sell,105606.4,1.272905,1.273852,1.270083,2.98,0.797,-100.2001,0.1001,sl_full,backtest_train,train,2016-01-04,2023-08-04,2886f4ec73486b28db23f14b1be5e8c9e51f8272018bea56d83ba240088dfbb0,bt_20260511_174955_000250
bt_20260511_174955,2019-05-27T06:00:00+00:00,2019-05-28T02:45:00+00:00,ml_trader,GBPUSD,sell,46327.65,1.267766,1.269925,1.262787,2.31,0.666,-100.2001,0.1001,sl_full,backtest_train,train,2016-01-04,2023-08-04,2886f4ec73486b28db23f14b1be5e8c9e51f8272018bea56d83ba240088dfbb0,bt_20260511_174955_000251
bt_20260511_174955,2019-05-31T05:00:00+00:00,2019-06-04T10:15:00+00:00,ml_trader,GBPJPY,sell,460.67,137.073578,137.290653,136.326839,3.44,0.844,-100.2002,0.1001,sl_full,backtest_train,train,2016-01-04,2023-08-04,2886f4ec73486b28db23f14b1be5e8c9e51f8272018bea56d83ba240088dfbb0,bt_20260511_174955_000252
bt_20260511_174955,2019-06-04T05:45:00+00:00,2019-06-04T08:00:00+00:00,ml_trader,USDJPY,sell,892.39,108.029392,108.141451,107.675286,3.16,0.816,-100.2003,0.1001,sl_full,backtest_train,train,2016-01-04,2023-08-04,2886f4ec73486b28db23f14b1be5e8c9e51f8272018bea56d83ba240088dfbb0,bt_20260511_174955_000253
bt_20260511_174955,2019-06-11T08:45:00+00:00,2019-06-12T06:15:00+00:00,ml_trader,XAUUSD,buy,32.83,1324.022808,1320.976431,1333.085781,2.98,0.796,335.9942,0.3363,be_or_trail,backtest_train,train,2016-01-04,2023-08-04,2886f4ec73486b28db23f14b1be5e8c9e51f8272018bea56d83ba240088dfbb0,bt_20260511_174955_000254
bt_20260511_174955,2019-06-26T07:00:00+00:00,2019-06-27T03:00:00+00:00,ml_trader,GBPUSD,sell,53690.09,1.268276,1.270139,1.260826,4.0,0.916,-100.2001,0.1001,sl_full,backtest_train,train,2016-01-04,2023-08-04,2886f4ec73486b28db23f14b1be5e8c9e51f8272018bea56d83ba240088dfbb0,bt_20260511_174955_000255
bt_20260511_174955,2019-07-08T03:00:00+00:00,2019-07-08T03:30:00+00:00,ml_trader,GBPUSD,sell,89996.21,1.25121,1.252321,1.248043,2.85,0.776,-100.2001,0.1001,sl_full,backtest_train,train,2016-01-04,2023-08-04,2886f4ec73486b28db23f14b1be5e8c9e51f8272018bea56d83ba240088dfbb0,bt_20260511_174955_000256
bt_20260511_174955,2019-07-10T18:30:00+00:00,2019-07-11T08:00:00+00:00,ml_trader,EURUSD,buy,141777.51,1.126065,1.12536,1.12797,2.7,0.752,270.2292,0.2705,be_or_trail,backtest_train,train,2016-01-04,2023-08-04,2886f4ec73486b28db23f14b1be5e8c9e51f8272018bea56d83ba240088dfbb0,bt_20260511_174955_000257
bt_20260511_174955,2019-07-11T08:00:00+00:00,2019-07-11T08:30:00+00:00,ml_trader,EURUSD,buy,86401.77,1.128686,1.127528,1.131901,2.78,0.765,-100.2001,0.1001,sl_full,backtest_train,train,2016-01-04,2023-08-04,2886f4ec73486b28db23f14b1be5e8c9e51f8272018bea56d83ba240088dfbb0,bt_20260511_174955_000258
bt_20260511_174955,2019-07-18T14:00:00+00:00,2019-07-18T15:45:00+00:00,ml_trader,USDJPY,sell,881.36,107.669464,107.782925,107.389102,2.47,0.712,320.0582,0.3204,tp2,backtest_train,train,2016-01-04,2023-08-04,2886f4ec73486b28db23f14b1be5e8c9e51f8272018bea56d83ba240088dfbb0,bt_20260511_174955_000259
bt_20260511_174955,2019-07-22T12:45:00+00:00,2019-07-22T14:30:00+00:00,ml_trader,EURUSD,buy,111100.41,1.122044,1.121144,1.124826,3.09,0.809,-100.2001,0.1001,sl_full,backtest_train,train,2016-01-04,2023-08-04,2886f4ec73486b28db23f14b1be5e8c9e51f8272018bea56d83ba240088dfbb0,bt_20260511_174955_000260
bt_20260511_174955,2019-07-24T03:30:00+00:00,2019-07-24T05:00:00+00:00,ml_trader,EURUSD,sell,82478.16,1.113187,1.1144,1.110058,2.58,0.733,-100.2001,0.1001,sl_full,backtest_train,train,2016-01-04,2023-08-04,2886f4ec73486b28db23f14b1be5e8c9e51f8272018bea56d83ba240088dfbb0,bt_20260511_174955_000261
bt_20260511_174955,2019-07-30T09:15:00+00:00,2019-07-31T12:15:00+00:00,ml_trader,XAUUSD,buy,23.64,1428.81366,1424.584355,1439.915584,2.62,0.74,-100.1808,0.1001,sl_full,backtest_train,train,2016-01-04,2023-08-04,2886f4ec73486b28db23f14b1be5e8c9e51f8272018bea56d83ba240088dfbb0,bt_20260511_174955_000262
bt_20260511_174955,2019-08-25T18:00:00+00:00,2019-08-25T22:45:00+00:00,ml_trader,XAUUSD,buy,10.5,1547.847471,1538.320499,1572.493748,2.59,0.734,-100.2333,0.1001,sl_full,backtest_train,train,2016-01-04,2023-08-04,2886f4ec73486b28db23f14b1be5e8c9e51f8272018bea56d83ba240088dfbb0,bt_20260511_174955_000263
bt_20260511_174955,2019-08-30T02:15:00+00:00,2019-08-30T02:45:00+00:00,ml_trader,EURUSD,sell,123765.43,1.103439,1.104247,1.100878,3.17,0.817,-100.2001,0.1001,sl_full,backtest_train,train,2016-01-04,2023-08-04,2886f4ec73486b28db23f14b1be5e8c9e51f8272018bea56d83ba240088dfbb0,bt_20260511_174955_000264
bt_20260511_174955,2019-08-30T06:15:00+00:00,2019-08-30T09:00:00+00:00,ml_trader,GBPUSD,sell,50182.72,1.217426,1.219419,1.209874,3.79,0.879,-100.2001,0.1001,sl_full,backtest_train,train,2016-01-04,2023-08-04,2886f4ec73486b28db23f14b1be5e8c9e51f8272018bea56d83ba240088dfbb0,bt_20260511_174955_000265
bt_20260511_174955,2019-09-02T02:45:00+00:00,2019-09-02T03:15:00+00:00,ml_trader,EURJPY,sell,1004.38,116.576678,116.676242,116.344097,2.34,0.674,-100.2,0.1001,sl_full,backtest_train,train,2016-01-04,2023-08-04,2886f4ec73486b28db23f14b1be5e8c9e51f8272018bea56d83ba240088dfbb0,bt_20260511_174955_000266
bt_20260511_174955,2019-09-02T08:45:00+00:00,2019-09-02T21:00:00+00:00,ml_trader,EURJPY,sell,976.09,116.619669,116.722119,116.358321,2.55,0.728,257.6079,0.2579,be_or_trail,backtest_train,train,2016-01-04,2023-08-04,2886f4ec73486b28db23f14b1be5e8c9e51f8272018bea56d83ba240088dfbb0,bt_20260511_174955_000267
bt_20260511_174955,2019-09-05T03:45:00+00:00,2019-09-05T08:15:00+00:00,ml_trader,GBPUSD,buy,48321.9,1.225445,1.223376,1.232605,3.46,0.846,352.2951,0.3526,be_or_trail,backtest_train,train,2016-01-04,2023-08-04,2886f4ec73486b28db23f14b1be5e8c9e51f8272018bea56d83ba240088dfbb0,bt_20260511_174955_000268
bt_20260511_174955,2019-09-23T03:15:00+00:00,2019-09-24T05:30:00+00:00,ml_trader,EURJPY,sell,601.97,118.337328,118.503449,117.696099,3.86,0.886,-100.2002,0.1001,sl_full,backtest_train,train,2016-01-04,2023-08-04,2886f4ec73486b28db23f14b1be5e8c9e51f8272018bea56d83ba240088dfbb0,bt_20260511_174955_000269
bt_20260511_174955,2019-10-10T19:45:00+00:00,2019-10-10T20:45:00+00:00,ml_trader,EURUSD,buy,179408.96,1.10128,1.100723,1.102907,2.92,0.787,-100.2001,0.1001,sl_full,backtest_train,train,2016-01-04,2023-08-04,2886f4ec73486b28db23f14b1be5e8c9e51f8272018bea56d83ba240088dfbb0,bt_20260511_174955_000270
bt_20260511_174955,2019-10-11T05:15:00+00:00,2019-10-11T07:15:00+00:00,ml_trader,EURJPY,buy,615.81,119.087816,118.925429,119.5222,2.67,0.748,350.5469,0.3509,tp2,backtest_train,train,2016-01-04,2023-08-04,2886f4ec73486b28db23f14b1be5e8c9e51f8272018bea56d83ba240088dfbb0,bt_20260511_174955_000271
bt_20260511_174955,2019-10-17T03:15:00+00:00,2019-10-17T04:00:00+00:00,ml_trader,EURUSD,buy,107107.86,1.108272,1.107338,1.111567,3.53,0.853,-100.2001,0.1001,sl_full,backtest_train,train,2016-01-04,2023-08-04,2886f4ec73486b28db23f14b1be5e8c9e51f8272018bea56d83ba240088dfbb0,bt_20260511_174955_000272
bt_20260511_174955,2019-10-17T03:30:00+00:00,2019-10-17T04:00:00+00:00,ml_trader,EURUSD,buy,103015.55,1.108402,1.107431,1.111094,2.77,0.764,-100.2001,0.1001,sl_full,backtest_train,train,2016-01-04,2023-08-04,2886f4ec73486b28db23f14b1be5e8c9e51f8272018bea56d83ba240088dfbb0,bt_20260511_174955_000273
bt_20260511_174955,2019-10-24T03:45:00+00:00,2019-10-24T12:00:00+00:00,ml_trader,GBPJPY,sell,354.94,140.14497,140.426706,139.403721,2.63,0.741,344.0093,0.3444,tp2,backtest_train,train,2016-01-04,2023-08-04,2886f4ec73486b28db23f14b1be5e8c9e51f8272018bea56d83ba240088dfbb0,bt_20260511_174955_000274
bt_20260511_174955,2019-10-25T07:15:00+00:00,2019-10-25T09:30:00+00:00,ml_trader,XAUUSD,buy,37.48,1507.619457,1504.951022,1514.557388,2.6,0.736,242.7272,0.243,be_or_trail,backtest_train,train,2016-01-04,2023-08-04,2886f4ec73486b28db23f14b1be5e8c9e51f8272018bea56d83ba240088dfbb0,bt_20260511_174955_000275
bt_20260511_174955,2019-11-07T19:15:00+00:00,2019-11-08T03:00:00+00:00,ml_trader,GBPUSD,sell,97215.67,1.281024,1.282052,1.277732,3.2,0.82,-100.2001,0.1001,sl_full,backtest_train,train,2016-01-04,2023-08-04,2886f4ec73486b28db23f14b1be5e8c9e51f8272018bea56d83ba240088dfbb0,bt_20260511_174955_000276
bt_20260511_174955,2019-11-18T19:30:00+00:00,2019-11-18T21:15:00+00:00,ml_trader,GBPJPY,sell,706.21,140.523892,140.665492,140.171448,2.49,0.717,-100.1997,0.1001,sl_full,backtest_train,train,2016-01-04,2023-08-04,2886f4ec73486b28db23f14b1be5e8c9e51f8272018bea56d83ba240088dfbb0,bt_20260511_174955_000277
bt_20260511_174955,2019-11-20T06:15:00+00:00,2019-11-20T08:30:00+00:00,ml_trader,EURJPY,sell,866.81,119.92201,120.037375,119.542459,3.29,0.829,-100.1996,0.1001,sl_full,backtest_train,train,2016-01-04,2023-08-04,2886f4ec73486b28db23f14b1be5e8c9e51f8272018bea56d83ba240088dfbb0,bt_20260511_174955_000278
bt_20260511_174955,2019-12-05T09:30:00+00:00,2019-12-05T10:15:00+00:00,ml_trader,GBPUSD,buy,60999.6,1.315133,1.313494,1.321625,3.96,0.896,-100.2001,0.1001,sl_full,backtest_train,train,2016-01-04,2023-08-04,2886f4ec73486b28db23f14b1be5e8c9e51f8272018bea56d83ba240088dfbb0,bt_20260511_174955_000279
bt_20260511_174955,2019-12-05T11:15:00+00:00,2019-12-06T04:00:00+00:00,ml_trader,EURJPY,buy,678.74,120.743146,120.595814,121.123407,2.58,0.733,-100.1997,0.1001,sl_full,backtest_train,train,2016-01-04,2023-08-04,2886f4ec73486b28db23f14b1be5e8c9e51f8272018bea56d83ba240088dfbb0,bt_20260511_174955_000280
bt_20260511_174955,2019-12-05T11:45:00+00:00,2019-12-06T02:30:00+00:00,ml_trader,GBPUSD,buy,57211.55,1.316543,1.314795,1.320688,2.37,0.684,-100.2001,0.1001,sl_full,backtest_train,train,2016-01-04,2023-08-04,2886f4ec73486b28db23f14b1be5e8c9e51f8272018bea56d83ba240088dfbb0,bt_20260511_174955_000281
bt_20260511_174955,2019-12-27T05:00:00+00:00,2019-12-30T09:45:00+00:00,ml_trader,EURJPY,buy,904.88,122.103418,121.992906,122.506789,3.65,0.865,-100.2006,0.1001,sl_full,backtest_train,train,2016-01-04,2023-08-04,2886f4ec73486b28db23f14b1be5e8c9e51f8272018bea56d83ba240088dfbb0,bt_20260511_174955_000282
bt_20260511_174955,2019-12-27T14:30:00+00:00,2019-12-30T07:00:00+00:00,ml_trader,GBPJPY,sell,715.97,143.216346,143.356017,142.812138,2.89,0.783,-100.2003,0.1001,sl_full,backtest_train,train,2016-01-04,2023-08-04,2886f4ec73486b28db23f14b1be5e8c9e51f8272018bea56d83ba240088dfbb0,bt_20260511_174955_000283
bt_20260511_174955,2019-12-30T04:30:00+00:00,2019-12-31T06:30:00+00:00,ml_trader,GBPUSD,buy,44604.79,1.311422,1.30918,1.316731,2.37,0.683,304.5892,0.3049,tp2,backtest_train,train,2016-01-04,2023-08-04,2886f4ec73486b28db23f14b1be5e8c9e51f8272018bea56d83ba240088dfbb0,bt_20260511_174955_000284
bt_20260511_174955,2019-12-31T02:45:00+00:00,2019-12-31T03:00:00+00:00,ml_trader,GBPJPY,buy,625.74,142.797551,142.637739,143.237033,2.75,0.76,-100.2007,0.1001,sl_full,backtest_train,train,2016-01-04,2023-08-04,2886f4ec73486b28db23f14b1be5e8c9e51f8272018bea56d83ba240088dfbb0,bt_20260511_174955_000285
bt_20260511_174955,2019-12-31T10:30:00+00:00,2019-12-31T13:15:00+00:00,ml_trader,XAUUSD,buy,19.97,1524.572798,1519.564756,1537.498554,2.58,0.733,-100.2107,0.1001,sl_full,backtest_train,train,2016-01-04,2023-08-04,2886f4ec73486b28db23f14b1be5e8c9e51f8272018bea56d83ba240088dfbb0,bt_20260511_174955_000286
bt_20260511_174955,2020-01-07T03:15:00+00:00,2020-01-07T05:00:00+00:00,ml_trader,GBPJPY,buy,309.76,143.022602,142.699775,143.835804,2.52,0.723,-100.1991,0.1001,sl_full,backtest_train,train,2016-01-04,2023-08-04,2886f4ec73486b28db23f14b1be5e8c9e51f8272018bea56d83ba240088dfbb0,bt_20260511_174955_000287
bt_20260511_174955,2020-01-07T03:30:00+00:00,2020-01-07T05:15:00+00:00,ml_trader,EURJPY,buy,546.24,121.306254,121.123184,121.848508,2.96,0.794,-100.2004,0.1001,sl_full,backtest_train,train,2016-01-04,2023-08-04,2886f4ec73486b28db23f14b1be5e8c9e51f8272018bea56d83ba240088dfbb0,bt_20260511_174955_000288
bt_20260511_174955,2020-01-15T08:45:00+00:00,2020-01-15T09:45:00+00:00,ml_trader,XAUUSD,buy,22.55,1555.008938,1550.574833,1567.535282,2.83,0.772,-100.1891,0.1001,sl_full,backtest_train,train,2016-01-04,2023-08-04,2886f4ec73486b28db23f14b1be5e8c9e51f8272018bea56d83ba240088dfbb0,bt_20260511_174955_000289
bt_20260511_174955,2020-01-16T07:15:00+00:00,2020-01-16T08:30:00+00:00,ml_trader,GBPUSD,buy,66426.18,1.306871,1.305366,1.310983,2.73,0.757,-100.2001,0.1001,sl_full,backtest_train,train,2016-01-04,2023-08-04,2886f4ec73486b28db23f14b1be5e8c9e51f8272018bea56d83ba240088dfbb0,bt_20260511_174955_000290
bt_20260511_174955,2020-01-16T10:45:00+00:00,2020-01-17T05:45:00+00:00,ml_trader,GBPJPY,buy,386.41,143.869772,143.61098,144.531244,2.56,0.729,-100.1999,0.1001,sl_full,backtest_train,train,2016-01-04,2023-08-04,2886f4ec73486b28db23f14b1be5e8c9e51f8272018bea56d83ba240088dfbb0,bt_20260511_174955_000291
bt_20260511_174955,2020-01-20T13:00:00+00:00,2020-01-20T13:45:00+00:00,ml_trader,EURUSD,sell,171414.24,1.108068,1.108652,1.105735,4.0,0.912,-100.2001,0.1001,sl_full,backtest_train,train,2016-01-04,2023-08-04,2886f4ec73486b28db23f14b1be5e8c9e51f8272018bea56d83ba240088dfbb0,bt_20260511_174955_000292
bt_20260511_174955,2020-01-23T02:00:00+00:00,2020-01-23T03:30:00+00:00,ml_trader,GBPUSD,buy,85447.67,1.314113,1.312943,1.317178,2.62,0.739,-100.2001,0.1001,sl_full,backtest_train,train,2016-01-04,2023-08-04,2886f4ec73486b28db23f14b1be5e8c9e51f8272018bea56d83ba240088dfbb0,bt_20260511_174955_000293
bt_20260511_174955,2020-01-26T18:00:00+00:00,2020-01-26T19:15:00+00:00,ml_trader,XAUUSD,buy,12.86,1585.16194,1577.385693,1609.423831,3.12,0.812,-100.2026,0.1001,sl_full,backtest_train,train,2016-01-04,2023-08-04,2886f4ec73486b28db23f14b1be5e8c9e51f8272018bea56d83ba240088dfbb0,bt_20260511_174955_000294
bt_20260511_174955,2020-01-30T02:15:00+00:00,2020-01-30T03:00:00+00:00,ml_trader,USDJPY,sell,1014.25,108.802233,108.900828,108.44729,3.6,0.86,-100.2001,0.1001,sl_full,backtest_train,train,2016-01-04,2023-08-04,2886f4ec73486b28db23f14b1be5e8c9e51f8272018bea56d83ba240088dfbb0,bt_20260511_174955_000295
bt_20260511_174955,2020-01-30T07:45:00+00:00,2020-01-30T08:15:00+00:00,ml_trader,USDJPY,sell,1072.71,108.760241,108.853463,108.492416,2.87,0.78,-100.1999,0.1001,sl_full,backtest_train,train,2016-01-04,2023-08-04,2886f4ec73486b28db23f14b1be5e8c9e51f8272018bea56d83ba240088dfbb0,bt_20260511_174955_000296
bt_20260511_174955,2020-01-31T06:15:00+00:00,2020-02-03T03:00:00+00:00,ml_trader,GBPJPY,buy,500.27,142.894571,142.694678,143.662156,3.84,0.884,-100.2001,0.1001,sl_full,backtest_train,train,2016-01-04,2023-08-04,2886f4ec73486b28db23f14b1be5e8c9e51f8272018bea56d83ba240088dfbb0,bt_20260511_174955_000297
bt_20260511_174955,2020-02-03T16:30:00+00:00,2020-02-03T16:45:00+00:00,ml_trader,GBPUSD,buy,86805.74,1.30034,1.299188,1.304372,3.5,0.85,-100.2001,0.1001,sl_full,backtest_train,train,2016-01-04,2023-08-04,2886f4ec73486b28db23f14b1be5e8c9e51f8272018bea56d83ba240088dfbb0,bt_20260511_174955_000298
bt_20260511_174955,2020-02-04T02:15:00+00:00,2020-02-04T03:45:00+00:00,ml_trader,GBPUSD,sell,53559.71,1.296361,1.298228,1.292005,2.33,0.673,-100.2001,0.1001,sl_full,backtest_train,train,2016-01-04,2023-08-04,2886f4ec73486b28db23f14b1be5e8c9e51f8272018bea56d83ba240088dfbb0,bt_20260511_174955_000299
bt_20260511_174955,2020-02-05T03:00:00+00:00,2020-02-05T05:00:00+00:00,ml_trader,GBPJPY,buy,496.84,142.705537,142.504265,143.240116,2.66,0.745,243.7832,0.244,be_or_trail,backtest_train,train,2016-01-04,2023-08-04,2886f4ec73486b28db23f14b1be5e8c9e51f8272018bea56d83ba240088dfbb0,bt_20260511_174955_000300
bt_20260511_174955,2020-02-05T03:30:00+00:00,2020-02-07T05:30:00+00:00,ml_trader,USDJPY,buy,683.87,109.587915,109.441688,110.124568,3.67,0.867,-100.2004,0.1001,sl_full,backtest_train,train,2016-01-04,2023-08-04,2886f4ec73486b28db23f14b1be5e8c9e51f8272018bea56d83ba240088dfbb0,bt_20260511_174955_000301
bt_20260511_174955,2020-02-10T02:45:00+00:00,2020-02-10T03:30:00+00:00,ml_trader,GBPUSD,sell,70309.8,1.287173,1.288595,1.281483,4.0,0.916,-100.2001,0.1001,sl_full,backtest_train,train,2016-01-04,2023-08-04,2886f4ec73486b28db23f14b1be5e8c9e51f8272018bea56d83ba240088dfbb0,bt_20260511_174955_000302
bt_20260511_174955,2020-02-11T08:00:00+00:00,2020-02-11T09:00:00+00:00,ml_trader,EURUSD,sell,104068.95,1.089882,1.090843,1.086086,3.95,0.895,-100.2001,0.1001,sl_full,backtest_train,train,2016-01-04,2023-08-04,2886f4ec73486b28db23f14b1be5e8c9e51f8272018bea56d83ba240088dfbb0,bt_20260511_174955_000303
bt_20260511_174955,2020-02-17T19:15:00+00:00,2020-02-17T22:45:00+00:00,ml_trader,GBPUSD,sell,120101.11,1.29961,1.300443,1.297532,2.5,0.719,-100.2001,0.1001,sl_full,backtest_train,train,2016-01-04,2023-08-04,2886f4ec73486b28db23f14b1be5e8c9e51f8272018bea56d83ba240088dfbb0,bt_20260511_174955_000304
bt_20260511_174955,2020-02-18T06:45:00+00:00,2020-02-18T10:00:00+00:00,ml_trader,EURJPY,sell,766.95,118.745243,118.87563,118.262814,3.7,0.87,-100.1998,0.1001,sl_full,backtest_train,train,2016-01-04,2023-08-04,2886f4ec73486b28db23f14b1be5e8c9e51f8272018bea56d83ba240088dfbb0,bt_20260511_174955_000305
bt_20260511_174955,2020-02-19T02:30:00+00:00,2020-02-19T03:00:00+00:00,ml_trader,USDJPY,buy,1405.46,110.135022,110.063871,110.38903,3.57,0.857,-100.1999,0.1001,sl_full,backtest_train,train,2016-01-04,2023-08-04,2886f4ec73486b28db23f14b1be5e8c9e51f8272018bea56d83ba240088dfbb0,bt_20260511_174955_000306
bt_20260511_174955,2020-02-19T14:45:00+00:00,2020-02-19T15:30:00+00:00,ml_trader,GBPJPY,buy,481.48,144.174825,143.967131,144.916294,3.57,0.857,-100.2007,0.1001,sl_full,backtest_train,train,2016-01-04,2023-08-04,2886f4ec73486b28db23f14b1be5e8c9e51f8272018bea56d83ba240088dfbb0,bt_20260511_174955_000307
bt_20260511_174955,2020-03-20T05:30:00+00:00,2020-03-20T06:30:00+00:00,ml_trader,USDJPY,sell,297.94,109.904017,110.239657,109.064919,2.5,0.72,-100.2005,0.1001,sl_full,backtest_train,train,2016-01-04,2023-08-04,2886f4ec73486b28db23f14b1be5e8c9e51f8272018bea56d83ba240088dfbb0,bt_20260511_174955_000308
bt_20260511_174955,2020-03-23T17:15:00+00:00,2020-03-24T11:15:00+00:00,ml_trader,XAUUSD,buy,7.93,1564.490814,1551.883972,1614.918182,4.0,0.907,381.7724,0.3822,be_or_trail,backtest_train,train,2016-01-04,2023-08-04,2886f4ec73486b28db23f14b1be5e8c9e51f8272018bea56d83ba240088dfbb0,bt_20260511_174955_000309
bt_20260511_174955,2020-03-30T04:15:00+00:00,2020-03-30T08:00:00+00:00,ml_trader,USDJPY,sell,335.79,107.814431,108.112237,106.685749,3.79,0.879,-100.2002,0.1001,sl_full,backtest_train,train,2016-01-04,2023-08-04,2886f4ec73486b28db23f14b1be5e8c9e51f8272018bea56d83ba240088dfbb0,bt_20260511_174955_000310
bt_20260511_174955,2020-04-02T19:45:00+00:00,2020-04-03T03:15:00+00:00,ml_trader,USDJPY,sell,609.88,108.007394,108.171361,107.521722,2.96,0.794,-100.2006,0.1001,sl_full,backtest_train,train,2016-01-04,2023-08-04,2886f4ec73486b28db23f14b1be5e8c9e51f8272018bea56d83ba240088dfbb0,bt_20260511_174955_000311
bt_20260511_174955,2020-04-03T02:15:00+00:00,2020-04-03T15:30:00+00:00,ml_trader,EURUSD,sell,77451.11,1.082683,1.083975,1.077958,3.66,0.866,186.4954,0.1867,be_or_trail,backtest_train,train,2016-01-04,2023-08-04,2886f4ec73486b28db23f14b1be5e8c9e51f8272018bea56d83ba240088dfbb0,bt_20260511_174955_000312
bt_20260511_174955,2020-04-13T05:45:00+00:00,2020-04-13T06:00:00+00:00,ml_trader,USDJPY,sell,998.95,107.928407,108.028512,107.527988,4.0,0.925,-100.1997,0.1001,sl_full,backtest_train,train,2016-01-04,2023-08-04,2886f4ec73486b28db23f14b1be5e8c9e51f8272018bea56d83ba240088dfbb0,bt_20260511_174955_000313
bt_20260511_174955,2020-04-14T11:45:00+00:00,2020-04-15T02:00:00+00:00,ml_trader,GBPUSD,buy,32125.81,1.261742,1.25863,1.271081,3.0,0.8,-100.2001,0.1001,sl_full,backtest_train,train,2016-01-04,2023-08-04,2886f4ec73486b28db23f14b1be5e8c9e51f8272018bea56d83ba240088dfbb0,bt_20260511_174955_000314
bt_20260511_174955,2020-04-17T06:30:00+00:00,2020-04-17T08:00:00+00:00,ml_trader,XAUUSD,sell,10.3,1684.06107,1693.771617,1647.258095,3.79,0.879,-100.2188,0.1001,sl_full,backtest_train,train,2016-01-04,2023-08-04,2886f4ec73486b28db23f14b1be5e8c9e51f8272018bea56d83ba240088dfbb0,bt_20260511_174955_000315
bt_20260511_174955,2020-04-27T10:00:00+00:00,2020-04-27T11:30:00+00:00,ml_trader,USDJPY,buy,666.44,107.310459,107.160408,107.760613,3.0,0.8,-100.2002,0.1001,sl_full,backtest_train,train,2016-01-04,2023-08-04,2886f4ec73486b28db23f14b1be5e8c9e51f8272018bea56d83ba240088dfbb0,bt_20260511_174955_000316
bt_20260511_174955,2020-04-29T02:15:00+00:00,2020-04-29T03:00:00+00:00,ml_trader,EURJPY,sell,967.27,115.529891,115.633274,115.14427,3.73,0.873,-100.2,0.1001,sl_full,backtest_train,train,2016-01-04,2023-08-04,2886f4ec73486b28db23f14b1be5e8c9e51f8272018bea56d83ba240088dfbb0,bt_20260511_174955_000317
bt_20260511_174955,2020-05-06T10:00:00+00:00,2020-05-07T02:00:00+00:00,ml_trader,GBPUSD,sell,39840.2,1.234743,1.237253,1.225782,3.57,0.857,-100.2001,0.1001,sl_full,backtest_train,train,2016-01-04,2023-08-04,2886f4ec73486b28db23f14b1be5e8c9e51f8272018bea56d83ba240088dfbb0,bt_20260511_174955_000318
bt_20260511_174955,2020-05-13T03:30:00+00:00,2020-05-13T05:30:00+00:00,ml_trader,GBPJPY,sell,404.93,131.320731,131.567686,130.584557,2.98,0.797,-100.1997,0.1001,sl_full,backtest_train,train,2016-01-04,2023-08-04,2886f4ec73486b28db23f14b1be5e8c9e51f8272018bea56d83ba240088dfbb0,bt_20260511_174955_000319
bt_20260511_174955,2020-05-13T19:45:00+00:00,2020-05-13T21:00:00+00:00,ml_trader,XAUUSD,buy,28.6,1718.581685,1715.085164,1728.588727,2.86,0.778,-100.2006,0.1001,sl_full,backtest_train,train,2016-01-04,2023-08-04,2886f4ec73486b28db23f14b1be5e8c9e51f8272018bea56d83ba240088dfbb0,bt_20260511_174955_000320
bt_20260511_174955,2020-05-19T14:15:00+00:00,2020-05-19T15:15:00+00:00,ml_trader,GBPJPY,buy,439.77,132.46649,132.239097,133.173684,3.11,0.811,-100.2009,0.1001,sl_full,backtest_train,train,2016-01-04,2023-08-04,2886f4ec73486b28db23f14b1be5e8c9e51f8272018bea56d83ba240088dfbb0,bt_20260511_174955_000321
bt_20260511_174955,2020-05-21T09:00:00+00:00,2020-05-25T18:00:00+00:00,ml_trader,XAUUSD,sell,16.14,1734.55097,1740.747983,1710.072765,3.95,0.895,-100.2199,0.1001,sl_full,backtest_train,train,2016-01-04,2023-08-04,2886f4ec73486b28db23f14b1be5e8c9e51f8272018bea56d83ba240088dfbb0,bt_20260511_174955_000322
bt_20260511_174955,2020-05-26T07:45:00+00:00,2020-05-26T20:30:00+00:00,ml_trader,GBPUSD,buy,42497.34,1.234037,1.231684,1.239934,2.51,0.721,-100.2001,0.1001,sl_full,backtest_train,train,2016-01-04,2023-08-04,2886f4ec73486b28db23f14b1be5e8c9e51f8272018bea56d83ba240088dfbb0,bt_20260511_174955_000323
bt_20260511_174955,2020-06-03T02:15:00+00:00,2020-06-03T07:15:00+00:00,ml_trader,EURJPY,buy,574.57,121.776349,121.602306,122.250616,2.73,0.756,-100.1999,0.1001,sl_full,backtest_train,train,2016-01-04,2023-08-04,2886f4ec73486b28db23f14b1be5e8c9e51f8272018bea56d83ba240088dfbb0,bt_20260511_174955_000324
bt_20260511_174955,2020-06-03T08:30:00+00:00,2020-06-04T06:45:00+00:00,ml_trader,XAUUSD,sell,12.14,1711.505653,1719.743227,1692.295631,2.33,0.673,116.9775,0.1171,be_or_trail,backtest_train,train,2016-01-04,2023-08-04,2886f4ec73486b28db23f14b1be5e8c9e51f8272018bea56d83ba240088dfbb0,bt_20260511_174955_000325
bt_20260511_174955,2020-06-03T18:45:00+00:00,2020-06-03T20:00:00+00:00,ml_trader,USDJPY,buy,1372.2,109.001799,108.928923,109.293303,4.0,0.905,-100.2004,0.1001,sl_full,backtest_train,train,2016-01-04,2023-08-04,2886f4ec73486b28db23f14b1be5e8c9e51f8272018bea56d83ba240088dfbb0,bt_20260511_174955_000326
bt_20260511_174955,2020-06-10T08:00:00+00:00,2020-06-10T09:00:00+00:00,ml_trader,USDJPY,buy,904.23,107.412477,107.301886,107.688512,2.5,0.719,-100.1998,0.1001,sl_full,backtest_train,train,2016-01-04,2023-08-04,2886f4ec73486b28db23f14b1be5e8c9e51f8272018bea56d83ba240088dfbb0,bt_20260511_174955_000327
bt_20260511_174955,2020-06-10T08:15:00+00:00,2020-06-10T08:30:00+00:00,ml_trader,USDJPY,buy,888.76,107.444481,107.331965,107.737697,2.61,0.737,-100.1996,0.1001,sl_full,backtest_train,train,2016-01-04,2023-08-04,2886f4ec73486b28db23f14b1be5e8c9e51f8272018bea56d83ba240088dfbb0,bt_20260511_174955_000328
bt_20260511_174955,2020-06-15T10:15:00+00:00,2020-06-17T14:15:00+00:00,ml_trader,XAUUSD,buy,11.57,1717.888553,1709.243551,1739.933307,2.55,0.728,-100.2228,0.1001,sl_full,backtest_train,train,2016-01-04,2023-08-04,2886f4ec73486b28db23f14b1be5e8c9e51f8272018bea56d83ba240088dfbb0,bt_20260511_174955_000329
bt_20260511_174955,2020-06-16T04:30:00+00:00,2020-06-16T06:30:00+00:00,ml_trader,EURUSD,buy,58026.49,1.133327,1.131603,1.137688,2.53,0.725,-100.2001,0.1001,sl_full,backtest_train,train,2016-01-04,2023-08-04,2886f4ec73486b28db23f14b1be5e8c9e51f8272018bea56d83ba240088dfbb0,bt_20260511_174955_000330
bt_20260511_174955,2020-06-23T08:00:00+00:00,2020-06-23T15:45:00+00:00,ml_trader,EURUSD,buy,57472.53,1.132006,1.130266,1.138462,3.71,0.871,-100.2001,0.1001,sl_full,backtest_train,train,2016-01-04,2023-08-04,2886f4ec73486b28db23f14b1be5e8c9e51f8272018bea56d83ba240088dfbb0,bt_20260511_174955_000331
bt_20260511_174955,2020-06-30T05:30:00+00:00,2020-06-30T06:15:00+00:00,ml_trader,USDJPY,buy,1197.04,107.813558,107.730019,108.056908,2.91,0.786,-100.1997,0.1001,sl_full,backtest_train,train,2016-01-04,2023-08-04,2886f4ec73486b28db23f14b1be5e8c9e51f8272018bea56d83ba240088dfbb0,bt_20260511_174955_000332
bt_20260511_174955,2020-06-30T14:30:00+00:00,2020-06-30T23:45:00+00:00,ml_trader,GBPUSD,buy,48835.4,1.239128,1.23708,1.245291,3.01,0.801,-100.2001,0.1001,sl_full,backtest_train,train,2016-01-04,2023-08-04,2886f4ec73486b28db23f14b1be5e8c9e51f8272018bea56d83ba240088dfbb0,bt_20260511_174955_000333
bt_20260511_174955,2020-07-01T15:15:00+00:00,2020-07-01T17:00:00+00:00,ml_trader,GBPJPY,buy,562.38,134.169834,133.992017,134.79397,3.51,0.851,-100.2006,0.1001,sl_full,backtest_train,train,2016-01-04,2023-08-04,2886f4ec73486b28db23f14b1be5e8c9e51f8272018bea56d83ba240088dfbb0,bt_20260511_174955_000334
bt_20260511_174955,2020-07-02T09:45:00+00:00,2020-07-02T10:30:00+00:00,ml_trader,GBPUSD,buy,37594.96,1.25083,1.24817,1.259688,3.33,0.833,-100.2001,0.1001,sl_full,backtest_train,train,2016-01-04,2023-08-04,2886f4ec73486b28db23f14b1be5e8c9e51f8272018bea56d83ba240088dfbb0,bt_20260511_174955_000335
bt_20260511_174955,2020-07-09T02:00:00+00:00,2020-07-09T03:30:00+00:00,ml_trader,USDJPY,sell,1332.58,107.202554,107.277596,106.994762,2.77,0.763,-100.1998,0.1001,sl_full,backtest_train,train,2016-01-04,2023-08-04,2886f4ec73486b28db23f14b1be5e8c9e51f8272018bea56d83ba240088dfbb0,bt_20260511_174955_000336
bt_20260511_174955,2020-07-21T02:00:00+00:00,2020-07-21T03:45:00+00:00,ml_trader,GBPUSD,buy,62804.96,1.269154,1.267562,1.275125,3.75,0.875,-100.2001,0.1001,sl_full,backtest_train,train,2016-01-04,2023-08-04,2886f4ec73486b28db23f14b1be5e8c9e51f8272018bea56d83ba240088dfbb0,bt_20260511_174955_000337
bt_20260511_174955,2020-07-28T15:00:00+00:00,2020-07-28T21:15:00+00:00,ml_trader,EURJPY,sell,942.76,123.195357,123.301429,122.840017,3.35,0.835,-100.2004,0.1001,sl_full,backtest_train,train,2016-01-04,2023-08-04,2886f4ec73486b28db23f14b1be5e8c9e51f8272018bea56d83ba240088dfbb0,bt_20260511_174955_000338
bt_20260511_174955,2020-07-30T19:15:00+00:00,2020-07-31T12:15:00+00:00,ml_trader,GBPUSD,buy,62151.25,1.311572,1.309963,1.317542,3.71,0.871,-100.2001,0.1001,sl_full,backtest_train,train,2016-01-04,2023-08-04,2886f4ec73486b28db23f14b1be5e8c9e51f8272018bea56d83ba240088dfbb0,bt_20260511_174955_000339
bt_20260511_174955,2020-07-31T08:00:00+00:00,2020-07-31T09:30:00+00:00,ml_trader,GBPUSD,buy,44696.45,1.315883,1.313646,1.320868,2.23,0.637,-100.2001,0.1001,sl_full,backtest_train,train,2016-01-04,2023-08-04,2886f4ec73486b28db23f14b1be5e8c9e51f8272018bea56d83ba240088dfbb0,bt_20260511_174955_000340
bt_20260511_174955,2020-08-10T03:15:00+00:00,2020-08-10T04:45:00+00:00,ml_trader,USDJPY,buy,963.88,106.049205,105.945458,106.302661,2.44,0.704,-100.2004,0.1001,sl_full,backtest_train,train,2016-01-04,2023-08-04,2886f4ec73486b28db23f14b1be5e8c9e51f8272018bea56d83ba240088dfbb0,bt_20260511_174955_000341
bt_20260511_174955,2020-08-13T04:45:00+00:00,2020-08-13T08:15:00+00:00,ml_trader,EURUSD,buy,59041.18,1.184047,1.182353,1.190432,3.77,0.877,-100.2001,0.1001,sl_full,backtest_train,train,2016-01-04,2023-08-04,2886f4ec73486b28db23f14b1be5e8c9e51f8272018bea56d83ba240088dfbb0,bt_20260511_174955_000342
bt_20260511_174955,2020-08-19T19:15:00+00:00,2020-08-20T04:45:00+00:00,ml_trader,GBPUSD,sell,71470.12,1.310868,1.312267,1.307195,2.62,0.74,134.5525,0.1347,be_or_trail,backtest_train,train,2016-01-04,2023-08-04,2886f4ec73486b28db23f14b1be5e8c9e51f8272018bea56d83ba240088dfbb0,bt_20260511_174955_000343
bt_20260511_174955,2020-08-21T09:00:00+00:00,2020-08-21T09:45:00+00:00,ml_trader,USDJPY,sell,719.06,105.648864,105.787934,105.281998,2.64,0.742,-100.1997,0.1001,sl_full,backtest_train,train,2016-01-04,2023-08-04,2886f4ec73486b28db23f14b1be5e8c9e51f8272018bea56d83ba240088dfbb0,bt_20260511_174955_000344
bt_20260511_174955,2020-08-26T18:15:00+00:00,2020-08-26T21:15:00+00:00,ml_trader,GBPUSD,buy,90320.72,1.321754,1.320647,1.325209,3.12,0.812,-100.2001,0.1001,sl_full,backtest_train,train,2016-01-04,2023-08-04,2886f4ec73486b28db23f14b1be5e8c9e51f8272018bea56d83ba240088dfbb0,bt_20260511_174955_000345
bt_20260511_174955,2020-09-02T09:30:00+00:00,2020-09-04T13:30:00+00:00,ml_trader,XAUUSD,sell,7.96,1951.707603,1964.273226,1915.506043,2.88,0.781,-100.2225,0.1001,sl_full,backtest_train,train,2016-01-04,2023-08-04,2886f4ec73486b28db23f14b1be5e8c9e51f8272018bea56d83ba240088dfbb0,bt_20260511_174955_000346
bt_20260511_174955,2020-09-10T04:30:00+00:00,2020-09-10T09:00:00+00:00,ml_trader,EURUSD,buy,70616.45,1.183997,1.182581,1.188868,3.44,0.844,339.8686,0.3402,be_or_trail,backtest_train,train,2016-01-04,2023-08-04,2886f4ec73486b28db23f14b1be5e8c9e51f8272018bea56d83ba240088dfbb0,bt_20260511_174955_000347
bt_20260511_174955,2020-09-15T19:15:00+00:00,2020-09-16T01:45:00+00:00,ml_trader,EURJPY,sell,1272.24,124.812031,124.890632,124.593911,2.77,0.764,144.8213,0.145,be_or_trail,backtest_train,train,2016-01-04,2023-08-04,2886f4ec73486b28db23f14b1be5e8c9e51f8272018bea56d83ba240088dfbb0,bt_20260511_174955_000348
bt_20260511_174955,2020-09-16T06:30:00+00:00,2020-09-16T08:00:00+00:00,ml_trader,EURJPY,sell,566.39,124.607077,124.783634,124.199761,2.31,0.666,-100.2,0.1001,sl_full,backtest_train,train,2016-01-04,2023-08-04,2886f4ec73486b28db23f14b1be5e8c9e51f8272018bea56d83ba240088dfbb0,bt_20260511_174955_000349
bt_20260511_174955,2020-09-18T04:30:00+00:00,2020-09-18T06:00:00+00:00,ml_trader,EURUSD,buy,77429.69,1.185657,1.184366,1.189096,2.66,0.746,-100.2001,0.1001,sl_full,backtest_train,train,2016-01-04,2023-08-04,2886f4ec73486b28db23f14b1be5e8c9e51f8272018bea56d83ba240088dfbb0,bt_20260511_174955_000350
bt_20260511_174955,2020-09-22T10:45:00+00:00,2020-09-23T21:00:00+00:00,ml_trader,XAUUSD,sell,8.06,1900.127955,1912.532746,1868.731428,2.53,0.725,273.8058,0.2741,be_or_trail,backtest_train,train,2016-01-04,2023-08-04,2886f4ec73486b28db23f14b1be5e8c9e51f8272018bea56d83ba240088dfbb0,bt_20260511_174955_000351
bt_20260511_174955,2020-09-28T13:30:00+00:00,2020-09-28T19:45:00+00:00,ml_trader,GBPJPY,sell,497.53,135.497889,135.698883,134.892897,3.01,0.801,-100.2006,0.1001,sl_full,backtest_train,train,2016-01-04,2023-08-04,2886f4ec73486b28db23f14b1be5e8c9e51f8272018bea56d83ba240088dfbb0,bt_20260511_174955_000352
bt_20260511_174955,2020-10-01T07:30:00+00:00,2020-10-01T09:00:00+00:00,ml_trader,GBPUSD,buy,20759.01,1.296249,1.291432,1.314121,3.71,0.871,-100.2001,0.1001,sl_full,backtest_train,train,2016-01-04,2023-08-04,2886f4ec73486b28db23f14b1be5e8c9e51f8272018bea56d83ba240088dfbb0,bt_20260511_174955_000353
bt_20260511_174955,2020-10-05T18:15:00+00:00,2020-10-05T20:30:00+00:00,ml_trader,GBPJPY,buy,640.46,137.385473,137.229334,137.814855,2.75,0.76,-100.2008,0.1001,sl_full,backtest_train,train,2016-01-04,2023-08-04,2886f4ec73486b28db23f14b1be5e8c9e51f8272018bea56d83ba240088dfbb0,bt_20260511_174955_000354
bt_20260511_174955,2020-10-05T18:15:00+00:00,2020-10-06T03:15:00+00:00,ml_trader,GBPUSD,buy,80501.77,1.29906,1.297818,1.303134,3.28,0.828,-100.2001,0.1001,sl_full,backtest_train,train,2016-01-04,2023-08-04,2886f4ec73486b28db23f14b1be5e8c9e51f8272018bea56d83ba240088dfbb0,bt_20260511_174955_000355
bt_20260511_174955,2020-10-09T08:45:00+00:00,2020-10-12T22:00:00+00:00,ml_trader,XAUUSD,buy,16.46,1921.129144,1915.052111,1943.553398,3.69,0.869,-100.2281,0.1001,sl_full,backtest_train,train,2016-01-04,2023-08-04,2886f4ec73486b28db23f14b1be5e8c9e51f8272018bea56d83ba240088dfbb0,bt_20260511_174955_000356
bt_20260511_174955,2020-10-14T03:15:00+00:00,2020-10-14T04:30:00+00:00,ml_trader,EURJPY,sell,806.31,123.719254,123.843277,123.354132,2.94,0.791,-100.2006,0.1001,sl_full,backtest_train,train,2016-01-04,2023-08-04,2886f4ec73486b28db23f14b1be5e8c9e51f8272018bea56d83ba240088dfbb0,bt_20260511_174955_000357
bt_20260511_174955,2020-10-16T02:15:00+00:00,2020-10-16T02:45:00+00:00,ml_trader,GBPUSD,sell,97457.81,1.288352,1.289378,1.284248,4.0,0.92,-100.2001,0.1001,sl_full,backtest_train,train,2016-01-04,2023-08-04,2886f4ec73486b28db23f14b1be5e8c9e51f8272018bea56d83ba240088dfbb0,bt_20260511_174955_000358
bt_20260511_174955,2020-10-20T14:00:00+00:00,2020-10-21T06:15:00+00:00,ml_trader,EURJPY,sell,820.62,124.749047,124.870907,124.3842,2.99,0.799,330.8638,0.3312,be_or_trail,backtest_train,train,2016-01-04,2023-08-04,2886f4ec73486b28db23f14b1be5e8c9e51f8272018bea56d83ba240088dfbb0,bt_20260511_174955_000359
bt_20260511_174955,2020-10-28T02:30:00+00:00,2020-10-28T05:30:00+00:00,ml_trader,GBPJPY,sell,633.71,135.83382,135.991622,135.234174,3.8,0.88,361.7073,0.3621,be_or_trail,backtest_train,train,2016-01-04,2023-08-04,2886f4ec73486b28db23f14b1be5e8c9e51f8272018bea56d83ba240088dfbb0,bt_20260511_174955_000360
bt_20260511_174955,2020-11-03T16:15:00+00:00,2020-11-03T19:00:00+00:00,ml_trader,GBPUSD,buy,53700.84,1.305121,1.303259,1.31162,3.49,0.849,353.8997,0.3543,be_or_trail,backtest_train,train,2016-01-04,2023-08-04,2886f4ec73486b28db23f14b1be5e8c9e51f8272018bea56d83ba240088dfbb0,bt_20260511_174955_000361
bt_20260511_174955,2020-11-09T04:30:00+00:00,2020-11-09T07:00:00+00:00,ml_trader,EURJPY,buy,583.93,123.196631,123.025377,123.724095,3.08,0.808,407.1885,0.4076,tp2,backtest_train,train,2016-01-04,2023-08-04,2886f4ec73486b28db23f14b1be5e8c9e51f8272018bea56d83ba240088dfbb0,bt_20260511_174955_000362
bt_20260511_174955,2020-11-24T08:15:00+00:00,2020-11-25T03:00:00+00:00,ml_trader,XAUUSD,sell,12.39,1804.337058,1812.410067,1773.901818,3.77,0.877,-100.2247,0.1001,sl_full,backtest_train,train,2016-01-04,2023-08-04,2886f4ec73486b28db23f14b1be5e8c9e51f8272018bea56d83ba240088dfbb0,bt_20260511_174955_000363
bt_20260511_174955,2020-12-15T15:00:00+00:00,2020-12-16T03:00:00+00:00,ml_trader,USDJPY,sell,1372.11,103.654268,103.727149,103.436574,2.99,0.798,288.1248,0.2884,be_or_trail,backtest_train,train,2016-01-04,2023-08-04,2886f4ec73486b28db23f14b1be5e8c9e51f8272018bea56d83ba240088dfbb0,bt_20260511_174955_000364
bt_20260511_174955,2020-12-17T06:00:00+00:00,2020-12-17T07:30:00+00:00,ml_trader,GBPJPY,buy,493.85,140.30105,140.098557,140.9227,3.07,0.807,-100.2008,0.1001,sl_full,backtest_train,train,2016-01-04,2023-08-04,2886f4ec73486b28db23f14b1be5e8c9e51f8272018bea56d83ba240088dfbb0,bt_20260511_174955_000365
bt_20260511_174955,2020-12-24T18:00:00+00:00,2020-12-25T00:45:00+00:00,ml_trader,GBPJPY,sell,452.06,140.395911,140.617118,139.608414,3.56,0.856,-100.199,0.1001,sl_full,backtest_train,train,2016-01-04,2023-08-04,2886f4ec73486b28db23f14b1be5e8c9e51f8272018bea56d83ba240088dfbb0,bt_20260511_174955_000366
bt_20260511_174955,2020-12-24T18:15:00+00:00,2020-12-24T19:30:00+00:00,ml_trader,GBPJPY,sell,423.68,140.257938,140.493968,139.539463,3.04,0.804,-100.2012,0.1001,sl_full,backtest_train,train,2016-01-04,2023-08-04,2886f4ec73486b28db23f14b1be5e8c9e51f8272018bea56d83ba240088dfbb0,bt_20260511_174955_000367
bt_20260511_174955,2021-01-13T02:30:00+00:00,2021-01-13T03:00:00+00:00,ml_trader,USDJPY,sell,1313.84,103.646266,103.722379,103.392811,3.33,0.833,-100.2001,0.1001,sl_full,backtest_train,train,2016-01-04,2023-08-04,2886f4ec73486b28db23f14b1be5e8c9e51f8272018bea56d83ba240088dfbb0,bt_20260511_174955_000368
bt_20260511_174955,2021-01-20T08:45:00+00:00,2021-01-22T06:15:00+00:00,ml_trader,XAUUSD,buy,10.22,1849.141727,1839.352893,1873.476769,2.49,0.716,124.6135,0.1247,be_or_trail,backtest_train,train,2016-01-04,2023-08-04,2886f4ec73486b28db23f14b1be5e8c9e51f8272018bea56d83ba240088dfbb0,bt_20260511_174955_000369
bt_20260511_174955,2021-01-26T19:15:00+00:00,2021-01-26T21:00:00+00:00,ml_trader,GBPJPY,buy,935.56,142.450481,142.343594,142.715029,2.48,0.713,-100.2002,0.1001,sl_full,backtest_train,train,2016-01-04,2023-08-04,2886f4ec73486b28db23f14b1be5e8c9e51f8272018bea56d83ba240088dfbb0,bt_20260511_174955_000370
bt_20260511_174955,2021-01-28T02:15:00+00:00,2021-01-28T02:45:00+00:00,ml_trader,EURUSD,sell,69546.68,1.208278,1.209716,1.20349,3.33,0.833,-100.2001,0.1001,sl_full,backtest_train,train,2016-01-04,2023-08-04,2886f4ec73486b28db23f14b1be5e8c9e51f8272018bea56d83ba240088dfbb0,bt_20260511_174955_000371
bt_20260511_174955,2021-01-28T03:45:00+00:00,2021-01-28T04:15:00+00:00,ml_trader,EURUSD,sell,55214.88,1.208838,1.210649,1.204814,2.22,0.633,-100.2001,0.1001,sl_full,backtest_train,train,2016-01-04,2023-08-04,2886f4ec73486b28db23f14b1be5e8c9e51f8272018bea56d83ba240088dfbb0,bt_20260511_174955_000372
bt_20260511_174955,2021-02-04T13:45:00+00:00,2021-02-05T03:15:00+00:00,ml_trader,USDJPY,buy,1337.94,105.518101,105.443359,105.743075,3.01,0.801,-100.2004,0.1001,sl_full,backtest_train,train,2016-01-04,2023-08-04,2886f4ec73486b28db23f14b1be5e8c9e51f8272018bea56d83ba240088dfbb0,bt_20260511_174955_000373
bt_20260511_174955,2021-02-09T16:30:00+00:00,2021-02-09T20:00:00+00:00,ml_trader,XAUUSD,buy,30.03,1837.905471,1834.575069,1848.396239,3.15,0.815,-100.2121,0.1001,sl_full,backtest_train,train,2016-01-04,2023-08-04,2886f4ec73486b28db23f14b1be5e8c9e51f8272018bea56d83ba240088dfbb0,bt_20260511_174955_000374
bt_20260511_174955,2021-02-12T03:45:00+00:00,2021-02-12T05:15:00+00:00,ml_trader,GBPUSD,sell,64050.04,1.377544,1.379106,1.372689,3.11,0.811,-100.2001,0.1001,sl_full,backtest_train,train,2016-01-04,2023-08-04,2886f4ec73486b28db23f14b1be5e8c9e51f8272018bea56d83ba240088dfbb0,bt_20260511_174955_000375
bt_20260511_174955,2021-02-12T08:30:00+00:00,2021-02-12T10:15:00+00:00,ml_trader,USDJPY,buy,1010.37,105.114021,105.015047,105.387486,2.76,0.762,-100.2003,0.1001,sl_full,backtest_train,train,2016-01-04,2023-08-04,2886f4ec73486b28db23f14b1be5e8c9e51f8272018bea56d83ba240088dfbb0,bt_20260511_174955_000376
bt_20260511_174955,2021-02-12T10:45:00+00:00,2021-02-16T08:30:00+00:00,ml_trader,EURUSD,buy,65902.23,1.212172,1.210655,1.216298,2.72,0.755,138.9591,0.1391,be_or_trail,backtest_train,train,2016-01-04,2023-08-04,2886f4ec73486b28db23f14b1be5e8c9e51f8272018bea56d83ba240088dfbb0,bt_20260511_174955_000377
bt_20260511_174955,2021-02-17T08:15:00+00:00,2021-02-18T03:15:00+00:00,ml_trader,EURUSD,sell,83993.74,1.205499,1.206689,1.202658,2.39,0.688,123.2586,0.1234,be_or_trail,backtest_train,train,2016-01-04,2023-08-04,2886f4ec73486b28db23f14b1be5e8c9e51f8272018bea56d83ba240088dfbb0,bt_20260511_174955_000378
bt_20260511_174955,2021-02-23T07:00:00+00:00,2021-02-23T08:45:00+00:00,ml_trader,XAUUSD,buy,18.7,1812.290364,1806.942663,1828.921715,3.11,0.811,-100.2021,0.1001,sl_full,backtest_train,train,2016-01-04,2023-08-04,2886f4ec73486b28db23f14b1be5e8c9e51f8272018bea56d83ba240088dfbb0,bt_20260511_174955_000379
bt_20260511_174955,2021-02-25T09:45:00+00:00,2021-02-25T10:00:00+00:00,ml_trader,EURUSD,buy,50471.6,1.224355,1.222374,1.230299,3.0,0.8,-100.2001,0.1001,sl_full,backtest_train,train,2016-01-04,2023-08-04,2886f4ec73486b28db23f14b1be5e8c9e51f8272018bea56d83ba240088dfbb0,bt_20260511_174955_000380
bt_20260511_174955,2021-03-05T08:45:00+00:00,2021-03-05T09:15:00+00:00,ml_trader,EURUSD,sell,46294.51,1.191542,1.193702,1.184781,3.13,0.813,-100.2001,0.1001,sl_full,backtest_train,train,2016-01-04,2023-08-04,2886f4ec73486b28db23f14b1be5e8c9e51f8272018bea56d83ba240088dfbb0,bt_20260511_174955_000381
bt_20260511_174955,2021-03-08T19:30:00+00:00,2021-03-09T11:45:00+00:00,ml_trader,GBPJPY,buy,550.58,150.742148,150.56052,151.188409,2.46,0.708,125.353,0.1255,be_or_trail,backtest_train,train,2016-01-04,2023-08-04,2886f4ec73486b28db23f14b1be5e8c9e51f8272018bea56d83ba240088dfbb0,bt_20260511_174955_000382
bt_20260511_174955,2021-03-10T16:45:00+00:00,2021-03-11T09:15:00+00:00,ml_trader,XAUUSD,buy,26.08,1726.753241,1722.918596,1741.094811,3.74,0.874,-100.2076,0.1001,sl_full,backtest_train,train,2016-01-04,2023-08-04,2886f4ec73486b28db23f14b1be5e8c9e51f8272018bea56d83ba240088dfbb0,bt_20260511_174955_000383
bt_20260511_174955,2021-03-11T11:45:00+00:00,2021-03-12T06:30:00+00:00,ml_trader,EURJPY,buy,609.05,129.901982,129.737793,130.33298,2.62,0.74,134.0242,0.1342,be_or_trail,backtest_train,train,2016-01-04,2023-08-04,2886f4ec73486b28db23f14b1be5e8c9e51f8272018bea56d83ba240088dfbb0,bt_20260511_174955_000384
bt_20260511_174955,2021-03-19T10:00:00+00:00,2021-03-22T01:00:00+00:00,ml_trader,EURJPY,buy,656.45,129.484891,129.332558,129.955602,3.09,0.809,-100.1994,0.1001,sl_full,backtest_train,train,2016-01-04,2023-08-04,2886f4ec73486b28db23f14b1be5e8c9e51f8272018bea56d83ba240088dfbb0,bt_20260511_174955_000385
bt_20260511_174955,2021-03-22T08:15:00+00:00,2021-03-22T11:15:00+00:00,ml_trader,GBPJPY,sell,423.63,150.453897,150.689952,149.757534,2.95,0.792,-100.2001,0.1001,sl_full,backtest_train,train,2016-01-04,2023-08-04,2886f4ec73486b28db23f14b1be5e8c9e51f8272018bea56d83ba240088dfbb0,bt_20260511_174955_000386
bt_20260511_174955,2021-03-24T04:30:00+00:00,2021-03-25T19:00:00+00:00,ml_trader,EURUSD,sell,55280.98,1.183153,1.184962,1.176876,3.47,0.847,321.3233,0.3216,be_or_trail,backtest_train,train,2016-01-04,2023-08-04,2886f4ec73486b28db23f14b1be5e8c9e51f8272018bea56d83ba240088dfbb0,bt_20260511_174955_000387
bt_20260511_174955,2021-03-24T05:45:00+00:00,2021-03-24T11:00:00+00:00,ml_trader,GBPUSD,sell,38499.69,1.370226,1.372823,1.362304,3.05,0.805,-100.2001,0.1001,sl_full,backtest_train,train,2016-01-04,2023-08-04,2886f4ec73486b28db23f14b1be5e8c9e51f8272018bea56d83ba240088dfbb0,bt_20260511_174955_000388
bt_20260511_174955,2021-03-25T10:30:00+00:00,2021-03-26T06:45:00+00:00,ml_trader,USDJPY,buy,931.87,109.180828,109.073517,109.576808,3.69,0.869,411.3736,0.4118,be_or_trail,backtest_train,train,2016-01-04,2023-08-04,2886f4ec73486b28db23f14b1be5e8c9e51f8272018bea56d83ba240088dfbb0,bt_20260511_174955_000389
bt_20260511_174955,2021-03-26T02:45:00+00:00,2021-03-26T09:45:00+00:00,ml_trader,GBPJPY,buy,429.95,150.505101,150.272518,151.212153,3.04,0.804,313.9803,0.3143,be_or_trail,backtest_train,train,2016-01-04,2023-08-04,2886f4ec73486b28db23f14b1be5e8c9e51f8272018bea56d83ba240088dfbb0,bt_20260511_174955_000390
bt_20260511_174955,2021-04-06T02:45:00+00:00,2021-04-06T05:15:00+00:00,ml_trader,GBPUSD,sell,68316.27,1.388362,1.389826,1.384292,2.78,0.765,276.6947,0.277,be_or_trail,backtest_train,train,2016-01-04,2023-08-04,2886f4ec73486b28db23f14b1be5e8c9e51f8272018bea56d83ba240088dfbb0,bt_20260511_174955_000391
bt_20260511_174955,2021-04-06T05:00:00+00:00,2021-04-06T06:30:00+00:00,ml_trader,EURUSD,buy,58970.57,1.182066,1.180371,1.187883,3.43,0.843,-100.2001,0.1001,sl_full,backtest_train,train,2016-01-04,2023-08-04,2886f4ec73486b28db23f14b1be5e8c9e51f8272018bea56d83ba240088dfbb0,bt_20260511_174955_000392
bt_20260511_174955,2021-04-07T02:00:00+00:00,2021-04-07T03:15:00+00:00,ml_trader,GBPJPY,sell,502.41,151.379722,151.578761,150.583565,4.0,0.91,-100.1994,0.1001,sl_full,backtest_train,train,2016-01-04,2023-08-04,2886f4ec73486b28db23f14b1be5e8c9e51f8272018bea56d83ba240088dfbb0,bt_20260511_174955_000393
bt_20260511_174955,2021-04-08T18:15:00+00:00,2021-04-08T19:00:00+00:00,ml_trader,USDJPY,buy,1082.67,109.400874,109.30851,109.619591,2.37,0.683,-100.1997,0.1001,sl_full,backtest_train,train,2016-01-04,2023-08-04,2886f4ec73486b28db23f14b1be5e8c9e51f8272018bea56d83ba240088dfbb0,bt_20260511_174955_000394
bt_20260511_174955,2021-04-19T13:15:00+00:00,2021-04-19T20:15:00+00:00,ml_trader,GBPJPY,buy,564.92,151.262241,151.085225,151.785502,2.96,0.793,-100.2002,0.1001,sl_full,backtest_train,train,2016-01-04,2023-08-04,2886f4ec73486b28db23f14b1be5e8c9e51f8272018bea56d83ba240088dfbb0,bt_20260511_174955_000395
bt_20260511_174955,2021-05-17T02:15:00+00:00,2021-05-17T07:15:00+00:00,ml_trader,EURUSD,buy,104752.38,1.213623,1.212668,1.216015,2.51,0.721,256.0133,0.2563,be_or_trail,backtest_train,train,2016-01-04,2023-08-04,2886f4ec73486b28db23f14b1be5e8c9e51f8272018bea56d83ba240088dfbb0,bt_20260511_174955_000396
bt_20260511_174955,2021-05-20T04:30:00+00:00,2021-05-20T06:30:00+00:00,ml_trader,GBPUSD,sell,58344.52,1.411648,1.413362,1.40704,2.69,0.75,-100.2001,0.1001,sl_full,backtest_train,train,2016-01-04,2023-08-04,2886f4ec73486b28db23f14b1be5e8c9e51f8272018bea56d83ba240088dfbb0,bt_20260511_174955_000397
bt_20260511_174955,2021-05-27T04:45:00+00:00,2021-05-27T06:00:00+00:00,ml_trader,EURUSD,sell,57765.53,1.217996,1.219728,1.212768,3.02,0.802,-100.2001,0.1001,sl_full,backtest_train,train,2016-01-04,2023-08-04,2886f4ec73486b28db23f14b1be5e8c9e51f8272018bea56d83ba240088dfbb0,bt_20260511_174955_000398
bt_20260511_174955,2021-06-07T07:30:00+00:00,2021-06-07T20:45:00+00:00,ml_trader,USDJPY,sell,865.23,109.318128,109.433704,108.941351,3.26,0.826,-100.1997,0.1001,sl_full,backtest_train,train,2016-01-04,2023-08-04,2886f4ec73486b28db23f14b1be5e8c9e51f8272018bea56d83ba240088dfbb0,bt_20260511_174955_000399
bt_20260511_174955,2021-06-14T02:15:00+00:00,2021-06-14T03:00:00+00:00,ml_trader,EURJPY,sell,924.52,132.671458,132.779623,132.386878,2.63,0.741,-100.2001,0.1001,sl_full,backtest_train,train,2016-01-04,2023-08-04,2886f4ec73486b28db23f14b1be5e8c9e51f8272018bea56d83ba240088dfbb0,bt_20260511_174955_000400
bt_20260511_174955,2021-06-14T02:15:00+00:00,2021-06-14T02:30:00+00:00,ml_trader,GBPUSD,sell,87957.36,1.409928,1.411065,1.40538,4.0,0.908,-100.2001,0.1001,sl_full,backtest_train,train,2016-01-04,2023-08-04,2886f4ec73486b28db23f14b1be5e8c9e51f8272018bea56d83ba240088dfbb0,bt_20260511_174955_000401
bt_20260511_174955,2021-06-14T14:45:00+00:00,2021-06-14T21:00:00+00:00,ml_trader,XAUUSD,buy,28.62,1864.920883,1861.426685,1878.338606,3.84,0.884,-100.2041,0.1001,sl_full,backtest_train,train,2016-01-04,2023-08-04,2886f4ec73486b28db23f14b1be5e8c9e51f8272018bea56d83ba240088dfbb0,bt_20260511_174955_000402
bt_20260511_174955,2021-06-22T08:00:00+00:00,2021-06-23T06:00:00+00:00,ml_trader,USDJPY,buy,1096.13,110.576112,110.484881,110.941033,4.0,0.901,435.2158,0.4357,be_or_trail,backtest_train,train,2016-01-04,2023-08-04,2886f4ec73486b28db23f14b1be5e8c9e51f8272018bea56d83ba240088dfbb0,bt_20260511_174955_000403
bt_20260511_174955,2021-06-29T17:30:00+00:00,2021-06-30T03:00:00+00:00,ml_trader,GBPJPY,buy,678.92,153.001587,152.854294,153.481763,3.26,0.826,-100.2003,0.1001,sl_full,backtest_train,train,2016-01-04,2023-08-04,2886f4ec73486b28db23f14b1be5e8c9e51f8272018bea56d83ba240088dfbb0,bt_20260511_174955_000404
bt_20260511_174955,2021-07-05T05:30:00+00:00,2021-07-05T08:00:00+00:00,ml_trader,USDJPY,sell,1045.89,110.785837,110.88145,110.53189,2.66,0.745,-100.2003,0.1001,sl_full,backtest_train,train,2016-01-04,2023-08-04,2886f4ec73486b28db23f14b1be5e8c9e51f8272018bea56d83ba240088dfbb0,bt_20260511_174955_000405
bt_20260511_174955,2021-07-06T07:45:00+00:00,2021-07-06T10:15:00+00:00,ml_trader,XAUUSD,buy,25.76,1810.089973,1806.207957,1825.579216,3.99,0.899,-100.2008,0.1001,sl_full,backtest_train,train,2016-01-04,2023-08-04,2886f4ec73486b28db23f14b1be5e8c9e51f8272018bea56d83ba240088dfbb0,bt_20260511_174955_000406
bt_20260511_174955,2021-07-08T17:00:00+00:00,2021-07-08T17:30:00+00:00,ml_trader,EURJPY,sell,963.24,129.916013,130.019829,129.634465,2.71,0.754,-100.1996,0.1001,sl_full,backtest_train,train,2016-01-04,2023-08-04,2886f4ec73486b28db23f14b1be5e8c9e51f8272018bea56d83ba240088dfbb0,bt_20260511_174955_000407
bt_20260511_174955,2021-07-09T06:15:00+00:00,2021-07-09T06:45:00+00:00,ml_trader,USDJPY,sell,823.24,109.884017,110.005488,109.585077,2.46,0.709,-100.1999,0.1001,sl_full,backtest_train,train,2016-01-04,2023-08-04,2886f4ec73486b28db23f14b1be5e8c9e51f8272018bea56d83ba240088dfbb0,bt_20260511_174955_000408
bt_20260511_174955,2021-07-15T09:15:00+00:00,2021-07-15T10:30:00+00:00,ml_trader,USDJPY,sell,764.33,109.899013,110.029847,109.451564,3.42,0.842,-100.1999,0.1001,sl_full,backtest_train,train,2016-01-04,2023-08-04,2886f4ec73486b28db23f14b1be5e8c9e51f8272018bea56d83ba240088dfbb0,bt_20260511_174955_000409
bt_20260511_174955,2021-07-19T11:00:00+00:00,2021-07-19T21:00:00+00:00,ml_trader,XAUUSD,sell,12.23,1806.926506,1815.103673,1778.388194,3.49,0.849,-100.2069,0.1001,sl_full,backtest_train,train,2016-01-04,2023-08-04,2886f4ec73486b28db23f14b1be5e8c9e51f8272018bea56d83ba240088dfbb0,bt_20260511_174955_000410
bt_20260511_174955,2021-07-21T17:45:00+00:00,2021-07-21T19:45:00+00:00,ml_trader,EURJPY,buy,970.6,130.113023,130.009994,130.386669,2.66,0.745,-100.2003,0.1001,sl_full,backtest_train,train,2016-01-04,2023-08-04,2886f4ec73486b28db23f14b1be5e8c9e51f8272018bea56d83ba240088dfbb0,bt_20260511_174955_000411
bt_20260511_174955,2021-07-21T17:45:00+00:00,2021-07-21T20:00:00+00:00,ml_trader,GBPJPY,buy,817.4,151.235243,151.112903,151.563236,2.68,0.749,-100.2006,0.1001,sl_full,backtest_train,train,2016-01-04,2023-08-04,2886f4ec73486b28db23f14b1be5e8c9e51f8272018bea56d83ba240088dfbb0,bt_20260511_174955_000412
bt_20260511_174955,2021-07-22T04:45:00+00:00,2021-07-23T03:00:00+00:00,ml_trader,USDJPY,sell,897.86,110.228949,110.340326,109.905958,2.9,0.784,-100.2004,0.1001,sl_full,backtest_train,train,2016-01-04,2023-08-04,2886f4ec73486b28db23f14b1be5e8c9e51f8272018bea56d83ba240088dfbb0,bt_20260511_174955_000413
bt_20260511_174955,2021-08-03T14:45:00+00:00,2021-08-04T04:15:00+00:00,ml_trader,USDJPY,sell,1375.68,109.085181,109.157872,108.896184,2.6,0.736,-100.1999,0.1001,sl_full,backtest_train,train,2016-01-04,2023-08-04,2886f4ec73486b28db23f14b1be5e8c9e51f8272018bea56d83ba240088dfbb0,bt_20260511_174955_000414
bt_20260511_174955,2021-08-03T15:15:00+00:00,2021-08-04T02:00:00+00:00,ml_trader,USDJPY,sell,1448.53,109.045188,109.114224,108.855685,2.75,0.759,-100.2002,0.1001,sl_full,backtest_train,train,2016-01-04,2023-08-04,2886f4ec73486b28db23f14b1be5e8c9e51f8272018bea56d83ba240088dfbb0,bt_20260511_174955_000415
bt_20260511_174955,2021-08-05T04:30:00+00:00,2021-08-05T05:00:00+00:00,ml_trader,USDJPY,buy,976.3,109.685934,109.583507,109.988094,2.95,0.792,-100.1998,0.1001,sl_full,backtest_train,train,2016-01-04,2023-08-04,2886f4ec73486b28db23f14b1be5e8c9e51f8272018bea56d83ba240088dfbb0,bt_20260511_174955_000416
bt_20260511_174955,2021-08-09T04:00:00+00:00,2021-08-09T05:00:00+00:00,ml_trader,GBPUSD,sell,59954.14,1.385073,1.386741,1.3808,2.56,0.73,-100.2001,0.1001,sl_full,backtest_train,train,2016-01-04,2023-08-04,2886f4ec73486b28db23f14b1be5e8c9e51f8272018bea56d83ba240088dfbb0,bt_20260511_174955_000417
bt_20260511_174955,2021-08-12T03:45:00+00:00,2021-08-12T04:00:00+00:00,ml_trader,GBPUSD,buy,79093.26,1.388028,1.386763,1.392111,3.23,0.823,-100.2001,0.1001,sl_full,backtest_train,train,2016-01-04,2023-08-04,2886f4ec73486b28db23f14b1be5e8c9e51f8272018bea56d83ba240088dfbb0,bt_20260511_174955_000418
bt_20260511_174955,2021-08-17T17:00:00+00:00,2021-08-17T17:30:00+00:00,ml_trader,EURJPY,sell,1078.9,128.242352,128.335039,127.885508,3.85,0.885,-100.1999,0.1001,sl_full,backtest_train,train,2016-01-04,2023-08-04,2886f4ec73486b28db23f14b1be5e8c9e51f8272018bea56d83ba240088dfbb0,bt_20260511_174955_000419
bt_20260511_174955,2021-08-23T17:00:00+00:00,2021-08-23T18:15:00+00:00,ml_trader,EURJPY,sell,1228.42,128.768248,128.849653,128.480072,3.54,0.854,-100.2001,0.1001,sl_full,backtest_train,train,2016-01-04,2023-08-04,2886f4ec73486b28db23f14b1be5e8c9e51f8272018bea56d83ba240088dfbb0,bt_20260511_174955_000420
bt_20260511_174955,2021-08-25T13:15:00+00:00,2021-08-25T14:00:00+00:00,ml_trader,USDJPY,buy,1123.96,110.133022,110.044051,110.488907,4.0,0.917,-100.2001,0.1001,sl_full,backtest_train,train,2016-01-04,2023-08-04,2886f4ec73486b28db23f14b1be5e8c9e51f8272018bea56d83ba240088dfbb0,bt_20260511_174955_000421
bt_20260511_174955,2021-08-25T15:30:00+00:00,2021-08-25T16:45:00+00:00,ml_trader,USDJPY,buy,1279.53,110.056003,109.97785,110.228957,2.21,0.628,-100.1998,0.1001,sl_full,backtest_train,train,2016-01-04,2023-08-04,2886f4ec73486b28db23f14b1be5e8c9e51f8272018bea56d83ba240088dfbb0,bt_20260511_174955_000422
bt_20260511_174955,2021-09-08T03:15:00+00:00,2021-09-08T07:45:00+00:00,ml_trader,USDJPY,sell,934.69,110.203953,110.31094,109.860524,3.21,0.821,-100.1998,0.1001,sl_full,backtest_train,train,2016-01-04,2023-08-04,2886f4ec73486b28db23f14b1be5e8c9e51f8272018bea56d83ba240088dfbb0,bt_20260511_174955_000423
bt_20260511_174955,2021-09-08T09:45:00+00:00,2021-09-08T13:00:00+00:00,ml_trader,USDJPY,buy,901.22,110.339065,110.228103,110.597604,2.33,0.672,-100.2006,0.1001,sl_full,backtest_train,train,2016-01-04,2023-08-04,2886f4ec73486b28db23f14b1be5e8c9e51f8272018bea56d83ba240088dfbb0,bt_20260511_174955_000424
bt_20260511_174955,2021-09-08T15:00:00+00:00,2021-09-09T04:30:00+00:00,ml_trader,EURUSD,sell,112678.4,1.182143,1.183031,1.178869,3.69,0.869,-100.2001,0.1001,sl_full,backtest_train,train,2016-01-04,2023-08-04,2886f4ec73486b28db23f14b1be5e8c9e51f8272018bea56d83ba240088dfbb0,bt_20260511_174955_000425
bt_20260511_174955,2021-09-15T06:45:00+00:00,2021-09-15T08:30:00+00:00,ml_trader,USDJPY,sell,1029.37,109.232147,109.329294,108.896019,3.46,0.846,-100.2002,0.1001,sl_full,backtest_train,train,2016-01-04,2023-08-04,2886f4ec73486b28db23f14b1be5e8c9e51f8272018bea56d83ba240088dfbb0,bt_20260511_174955_000426
bt_20260511_174955,2021-09-17T12:00:00+00:00,2021-09-20T02:00:00+00:00,ml_trader,USDJPY,buy,962.26,109.981991,109.878069,110.310384,3.16,0.816,-100.1999,0.1001,sl_full,backtest_train,train,2016-01-04,2023-08-04,2886f4ec73486b28db23f14b1be5e8c9e51f8272018bea56d83ba240088dfbb0,bt_20260511_174955_000427
bt_20260511_174955,2021-09-23T14:15:00+00:00,2021-09-23T23:30:00+00:00,ml_trader,USDJPY,buy,1647.39,110.224044,110.163342,110.403479,2.96,0.793,285.0289,0.2853,be_or_trail,backtest_train,train,2016-01-04,2023-08-04,2886f4ec73486b28db23f14b1be5e8c9e51f8272018bea56d83ba240088dfbb0,bt_20260511_174955_000428
bt_20260511_174955,2021-09-23T18:15:00+00:00,2021-09-23T22:00:00+00:00,ml_trader,GBPUSD,buy,106293.38,1.372624,1.371684,1.375663,3.23,0.823,-100.2001,0.1001,sl_full,backtest_train,train,2016-01-04,2023-08-04,2886f4ec73486b28db23f14b1be5e8c9e51f8272018bea56d83ba240088dfbb0,bt_20260511_174955_000429
bt_20260511_174955,2021-09-24T04:45:00+00:00,2021-09-24T08:00:00+00:00,ml_trader,EURJPY,buy,657.49,129.614922,129.462828,130.183756,3.74,0.874,-100.2008,0.1001,sl_full,backtest_train,train,2016-01-04,2023-08-04,2886f4ec73486b28db23f14b1be5e8c9e51f8272018bea56d83ba240088dfbb0,bt_20260511_174955_000430
bt_20260511_174955,2021-09-24T04:45:00+00:00,2021-09-24T06:00:00+00:00,ml_trader,GBPJPY,buy,393.61,151.492298,151.238239,152.493291,3.94,0.894,-100.2004,0.1001,sl_full,backtest_train,train,2016-01-04,2023-08-04,2886f4ec73486b28db23f14b1be5e8c9e51f8272018bea56d83ba240088dfbb0,bt_20260511_174955_000431
bt_20260511_174955,2021-09-24T04:45:00+00:00,2021-09-24T16:45:00+00:00,ml_trader,USDJPY,buy,875.54,110.442082,110.327867,110.740412,2.61,0.738,243.4011,0.2436,be_or_trail,backtest_train,train,2016-01-04,2023-08-04,2886f4ec73486b28db23f14b1be5e8c9e51f8272018bea56d83ba240088dfbb0,bt_20260511_174955_000432
bt_20260511_174955,2021-10-04T18:45:00+00:00,2021-10-05T02:15:00+00:00,ml_trader,EURUSD,sell,148634.26,1.161388,1.16206,1.159525,2.77,0.763,265.5184,0.2658,be_or_trail,backtest_train,train,2016-01-04,2023-08-04,2886f4ec73486b28db23f14b1be5e8c9e51f8272018bea56d83ba240088dfbb0,bt_20260511_174955_000433
bt_20260511_174955,2021-10-08T04:45:00+00:00,2021-10-08T05:00:00+00:00,ml_trader,EURJPY,buy,930.25,129.374869,129.267371,129.77046,3.68,0.868,-100.1997,0.1001,sl_full,backtest_train,train,2016-01-04,2023-08-04,2886f4ec73486b28db23f14b1be5e8c9e51f8272018bea56d83ba240088dfbb0,bt_20260511_174955_000434
bt_20260511_174955,2021-10-08T08:15:00+00:00,2021-10-08T08:30:00+00:00,ml_trader,EURJPY,buy,646.28,129.359866,129.205135,129.701824,2.21,0.626,-100.2001,0.1001,sl_full,backtest_train,train,2016-01-04,2023-08-04,2886f4ec73486b28db23f14b1be5e8c9e51f8272018bea56d83ba240088dfbb0,bt_20260511_174955_000435
bt_20260511_174955,2021-10-13T09:30:00+00:00,2021-10-15T08:45:00+00:00,ml_trader,XAUUSD,buy,8.45,1778.999772,1767.169702,1807.853313,2.44,0.703,-100.1642,0.1001,sl_full,backtest_train,train,2016-01-04,2023-08-04,2886f4ec73486b28db23f14b1be5e8c9e51f8272018bea56d83ba240088dfbb0,bt_20260511_174955_000436
bt_20260511_174955,2021-10-15T16:15:00+00:00,2021-10-15T16:45:00+00:00,ml_trader,EURJPY,buy,1049.85,132.596521,132.50127,132.87218,2.89,0.783,-100.2002,0.1001,sl_full,backtest_train,train,2016-01-04,2023-08-04,2886f4ec73486b28db23f14b1be5e8c9e51f8272018bea56d83ba240088dfbb0,bt_20260511_174955_000437
bt_20260511_174955,2021-10-19T05:45:00+00:00,2021-10-19T10:30:00+00:00,ml_trader,EURJPY,buy,560.11,133.119621,132.941083,133.637381,2.9,0.784,-100.2009,0.1001,sl_full,backtest_train,train,2016-01-04,2023-08-04,2886f4ec73486b28db23f14b1be5e8c9e51f8272018bea56d83ba240088dfbb0,bt_20260511_174955_000438
bt_20260511_174955,2021-10-26T08:15:00+00:00,2021-10-26T23:45:00+00:00,ml_trader,USDJPY,buy,769.3,114.142827,114.012838,114.487298,2.65,0.744,-100.2007,0.1001,sl_full,backtest_train,train,2016-01-04,2023-08-04,2886f4ec73486b28db23f14b1be5e8c9e51f8272018bea56d83ba240088dfbb0,bt_20260511_174955_000439
bt_20260511_174955,2021-11-09T04:15:00+00:00,2021-11-09T06:45:00+00:00,ml_trader,GBPUSD,buy,47976.45,1.359772,1.357688,1.366233,3.1,0.81,-100.2001,0.1001,sl_full,backtest_train,train,2016-01-04,2023-08-04,2886f4ec73486b28db23f14b1be5e8c9e51f8272018bea56d83ba240088dfbb0,bt_20260511_174955_000440
bt_20260511_174955,2021-11-11T02:15:00+00:00,2021-11-11T05:00:00+00:00,ml_trader,GBPUSD,sell,67353.16,1.340832,1.342316,1.33739,2.32,0.669,119.0358,0.1192,be_or_trail,backtest_train,train,2016-01-04,2023-08-04,2886f4ec73486b28db23f14b1be5e8c9e51f8272018bea56d83ba240088dfbb0,bt_20260511_174955_000441
bt_20260511_174955,2021-11-11T02:45:00+00:00,2021-11-11T03:30:00+00:00,ml_trader,EURUSD,sell,93904.2,1.145781,1.146846,1.141692,3.84,0.884,-100.2001,0.1001,sl_full,backtest_train,train,2016-01-04,2023-08-04,2886f4ec73486b28db23f14b1be5e8c9e51f8272018bea56d83ba240088dfbb0,bt_20260511_174955_000442
bt_20260511_174955,2021-11-11T02:45:00+00:00,2021-11-11T05:00:00+00:00,ml_trader,GBPUSD,sell,60883.86,1.338822,1.340465,1.334277,2.77,0.763,-100.2001,0.1001,sl_full,backtest_train,train,2016-01-04,2023-08-04,2886f4ec73486b28db23f14b1be5e8c9e51f8272018bea56d83ba240088dfbb0,bt_20260511_174955_000443
bt_20260511_174955,2021-11-16T15:45:00+00:00,2021-11-16T22:30:00+00:00,ml_trader,GBPJPY,buy,620.07,154.150819,153.989548,154.53271,2.37,0.683,-100.1996,0.1001,sl_full,backtest_train,train,2016-01-04,2023-08-04,2886f4ec73486b28db23f14b1be5e8c9e51f8272018bea56d83ba240088dfbb0,bt_20260511_174955_000444
bt_20260511_174955,2021-12-27T17:45:00+00:00,2021-12-27T18:45:00+00:00,ml_trader,GBPJPY,buy,924.26,154.408882,154.300688,154.661623,2.34,0.674,-100.1996,0.1001,sl_full,backtest_train,train,2016-01-04,2023-08-04,2886f4ec73486b28db23f14b1be5e8c9e51f8272018bea56d83ba240088dfbb0,bt_20260511_174955_000445
bt_20260511_174955,2022-01-13T02:30:00+00:00,2022-01-13T04:00:00+00:00,ml_trader,USDJPY,sell,927.17,114.440105,114.547959,114.191608,2.3,0.665,-100.1996,0.1001,sl_full,backtest_train,train,2016-01-04,2023-08-04,2886f4ec73486b28db23f14b1be5e8c9e51f8272018bea56d83ba240088dfbb0,bt_20260511_174955_000446
bt_20260511_174955,2022-01-13T08:45:00+00:00,2022-01-13T10:45:00+00:00,ml_trader,GBPUSD,buy,54036.03,1.374095,1.372244,1.379345,2.84,0.774,-100.2001,0.1001,sl_full,backtest_train,train,2016-01-04,2023-08-04,2886f4ec73486b28db23f14b1be5e8c9e51f8272018bea56d83ba240088dfbb0,bt_20260511_174955_000447
bt_20260511_174955,2022-01-17T18:45:00+00:00,2022-01-17T22:30:00+00:00,ml_trader,GBPUSD,buy,155820.28,1.364973,1.364331,1.367116,3.34,0.834,-100.2001,0.1001,sl_full,backtest_train,train,2016-01-04,2023-08-04,2886f4ec73486b28db23f14b1be5e8c9e51f8272018bea56d83ba240088dfbb0,bt_20260511_174955_000448
bt_20260511_174955,2022-01-18T15:15:00+00:00,2022-01-18T18:00:00+00:00,ml_trader,GBPUSD,sell,79703.32,1.358728,1.359983,1.355853,2.29,0.662,-100.2001,0.1001,sl_full,backtest_train,train,2016-01-04,2023-08-04,2886f4ec73486b28db23f14b1be5e8c9e51f8272018bea56d83ba240088dfbb0,bt_20260511_174955_000449
bt_20260511_174955,2022-01-18T15:30:00+00:00,2022-01-18T16:45:00+00:00,ml_trader,GBPUSD,sell,83087.68,1.358438,1.359642,1.355724,2.25,0.651,-100.2001,0.1001,sl_full,backtest_train,train,2016-01-04,2023-08-04,2886f4ec73486b28db23f14b1be5e8c9e51f8272018bea56d83ba240088dfbb0,bt_20260511_174955_000450
bt_20260511_174955,2022-01-20T08:30:00+00:00,2022-01-20T15:30:00+00:00,ml_trader,XAUUSD,buy,19.78,1843.372629,1838.316642,1858.843949,3.06,0.806,-100.2075,0.1001,sl_full,backtest_train,train,2016-01-04,2023-08-04,2886f4ec73486b28db23f14b1be5e8c9e51f8272018bea56d83ba240088dfbb0,bt_20260511_174955_000451
bt_20260511_174955,2022-01-28T07:00:00+00:00,2022-01-28T07:45:00+00:00,ml_trader,USDJPY,buy,953.92,115.675131,115.5703,115.954925,2.67,0.747,-100.2005,0.1001,sl_full,backtest_train,train,2016-01-04,2023-08-04,2886f4ec73486b28db23f14b1be5e8c9e51f8272018bea56d83ba240088dfbb0,bt_20260511_174955_000452
bt_20260511_174955,2022-02-04T06:45:00+00:00,2022-02-04T08:00:00+00:00,ml_trader,EURUSD,buy,54943.99,1.14807,1.14625,1.15393,3.22,0.822,-100.2001,0.1001,sl_full,backtest_train,train,2016-01-04,2023-08-04,2886f4ec73486b28db23f14b1be5e8c9e51f8272018bea56d83ba240088dfbb0,bt_20260511_174955_000453
bt_20260511_174955,2022-02-17T18:15:00+00:00,2022-02-17T19:45:00+00:00,ml_trader,USDJPY,sell,984.0,114.832032,114.933658,114.570955,2.57,0.731,-100.2001,0.1001,sl_full,backtest_train,train,2016-01-04,2023-08-04,2886f4ec73486b28db23f14b1be5e8c9e51f8272018bea56d83ba240088dfbb0,bt_20260511_174955_000454
bt_20260511_174955,2022-03-10T08:45:00+00:00,2022-03-10T09:15:00+00:00,ml_trader,GBPJPY,buy,370.0,152.987592,152.717324,153.963259,3.61,0.861,-100.1992,0.1001,sl_full,backtest_train,train,2016-01-04,2023-08-04,2886f4ec73486b28db23f14b1be5e8c9e51f8272018bea56d83ba240088dfbb0,bt_20260511_174955_000455
bt_20260511_174955,2022-03-28T04:30:00+00:00,2022-03-28T08:30:00+00:00,ml_trader,EURUSD,buy,63574.49,1.097179,1.095606,1.10215,3.16,0.816,-100.2001,0.1001,sl_full,backtest_train,train,2016-01-04,2023-08-04,2886f4ec73486b28db23f14b1be5e8c9e51f8272018bea56d83ba240088dfbb0,bt_20260511_174955_000456
bt_20260511_174955,2022-03-30T09:30:00+00:00,2022-03-31T04:15:00+00:00,ml_trader,EURUSD,buy,42277.29,1.115643,1.113278,1.125104,4.0,0.924,-100.2001,0.1001,sl_full,backtest_train,train,2016-01-04,2023-08-04,2886f4ec73486b28db23f14b1be5e8c9e51f8272018bea56d83ba240088dfbb0,bt_20260511_174955_000457
bt_20260511_174955,2022-04-15T08:00:00+00:00,2022-04-15T11:15:00+00:00,ml_trader,USDJPY,buy,1134.51,126.527299,126.439155,126.796138,3.05,0.805,-100.2002,0.1001,sl_full,backtest_train,train,2016-01-04,2023-08-04,2886f4ec73486b28db23f14b1be5e8c9e51f8272018bea56d83ba240088dfbb0,bt_20260511_174955_000458
bt_20260511_174955,2022-04-19T08:45:00+00:00,2022-04-19T23:00:00+00:00,ml_trader,USDJPY,buy,416.97,128.486691,128.246867,129.299695,3.39,0.839,171.2451,0.1714,be_or_trail,backtest_train,train,2016-01-04,2023-08-04,2886f4ec73486b28db23f14b1be5e8c9e51f8272018bea56d83ba240088dfbb0,bt_20260511_174955_000459
bt_20260511_174955,2022-04-19T12:15:00+00:00,2022-04-19T23:00:00+00:00,ml_trader,USDJPY,buy,396.4,128.792752,128.540483,129.44739,2.6,0.735,-100.1995,0.1001,sl_full,backtest_train,train,2016-01-04,2023-08-04,2886f4ec73486b28db23f14b1be5e8c9e51f8272018bea56d83ba240088dfbb0,bt_20260511_174955_000460
bt_20260511_174955,2022-04-22T11:15:00+00:00,2022-04-22T15:00:00+00:00,ml_trader,GBPJPY,buy,183.13,165.411082,164.86503,167.338644,3.53,0.853,-100.1986,0.1001,sl_full,backtest_train,train,2016-01-04,2023-08-04,2886f4ec73486b28db23f14b1be5e8c9e51f8272018bea56d83ba240088dfbb0,bt_20260511_174955_000461
bt_20260511_174955,2022-04-27T04:00:00+00:00,2022-04-27T04:45:00+00:00,ml_trader,EURJPY,buy,249.45,135.870171,135.469292,136.900028,2.57,0.731,-100.1992,0.1001,sl_full,backtest_train,train,2016-01-04,2023-08-04,2886f4ec73486b28db23f14b1be5e8c9e51f8272018bea56d83ba240088dfbb0,bt_20260511_174955_000462
